Num_Acc;jour;mois;an;hrmn;lum;dep;com;agg;int;atm;col;adr;lat;long
202000004487;29;9;2020;14:00;1;35;35238;2;9;1;3;ROOSEVELT (BD FRANKLIN);48,0974600; -1,6572700
202000004491;15;7;2020;17:50;1;17;17461;2;3;1;3;GARNIER (AVENUE  FREDERIC);45,6421620; -1,0658110
202000004507;28;11;2020;15:04;1;56;56162;1;3;1;3;AEROGARE;47,7500900; -3,4344200
202000004509;27;11;2020;07:53;5;49;49007;2;6;5;3;DE LATTRE DE TASSIGNY;47,4577900; -0,5443500
202000004516;30;11;2020;15:00;1;17;17461;2;1;1;3;FALAISE (BOULEVARD DE LA);45,6292610; -1,0632600
202000004535;17;6;2020;18:45;1;73;73213;1;9;1;3;D201 - 320 Rte d'Apremont;45,5552470;5,9513820
202000004543;24;11;2020;10:15;1;11;11262;2;1;1;7;HUGO (QUAI ET PASSERELLE VICTOR);43,1816000;3,0075900
202000004564;23;8;2020;10:45;1;68;68224;2;2;1;3;ROMAINS (RUE DES);47,7734000;7,3212000
202000004588;9;6;2020;09:05;1;27;27229;2;2;1;2;MONNET (RUE JEAN);49,0339300;1,1834900
202000004593;15;12;2020;17:57;4;05;05061;2;1;2;6;SAGNIERES ( RUE DES );44,5512300;6,0674600
202000004602;27;11;2020;15:45;1;95;95428;2;1;1;2;RUE DU TEMPLE;48,9850500;2,3186500
202000004610;25;11;2020;18:45;2;77;77288;2;2;1;1;COTY (RUE RENE);48,5511330;2,6496340
202000004616;27;11;2020;17:10;1;64;64445;2;5;1;3;EDOUARD HERRIOT;43,3042900; -0,3799000
202000004617;27;11;2020;07:20;5;64;64445;2;3;1;1;TRESPOEY DE;43,2990700; -0,3551400
202000004628;26;11;2020;08:45;1;49;49015;2;1;1;3;SCHWALBACH PLACE;47,5041600; -0,6019000
202000004633;27;11;2020;15:15;1;37;37261;2;2;1;-1;GRAMMONT (AVENUE DE);47,3871506;0,6900138
202000004639;27;11;2020;14:30;1;32;32013;1;1;1;3;ROGER SALENGRO;43,6694800;0,5998900
202000004646;27;11;2020;11:40;1;17;17300;2;6;1;2;VERDIER   BOULEVARD ARTHUR;46,1616000; -1,1398500
202000004663;27;11;2020;10:20;1;75;75113;2;1;1;6;QUAI D AUSTERLITZ;48,8431590;2,3662320
202000004664;27;11;2020;22:30;5;75;75104;2;1;1;7;VOIE GEORGES POMPIDOU;48,8504840;2,3611380
202000004665;27;11;2020;20:08;5;75;75102;2;2;1;3;RUE DE RICHELIEU;48,8688870;2,3385600
202000004673;26;11;2020;17:30;5;93;93032;2;2;1;3;AV DES CHARMILLES / AV DES BLEUETS;48,8894200;2,5483800
202000004701;25;11;2020;14:30;1;26;26005;2;3;1;1;3 Route de Malataverne;44,4992260;4,7863810
202000004710;28;11;2020;16:40;1;24;24067;1;1;1;2;avenue de la Gare RD703;44,9070080;0,9435150
202000004713;28;11;2020;10:45;1;67;67152;2;6;8;3;Rue de la Porte-basse;48,5167390;7,6543330
202000004721;28;11;2020;11:50;1;01;01043;2;6;1;3;rond point de la cotiÃ¨re - RD 1084 A;45,8332730;4,9932860
202000004750;19;11;2020;10:20;1;91;91103;2;1;1;3;RUE MARYSE BASTIE;48,6030100;2,3095900
202000004753;26;11;2020;10:20;1;82;82121;2;6;1;3;Giratoire Chantilly/Ardus ;44,0342680;1,3533350
202000004755;26;11;2020;13:55;1;78;78440;2;2;1;3;PAUL CURIEN (RUE);48,9935160;1,9015540
202000004771;25;11;2020;05:12;3;44;44055;1;1;2;-1;D 47;47,3008800; -2,3031200
202000004773;26;11;2020;13:55;1;38;38151;2;6;1;3;Avenue Edmond Esmonin;45,1599000;5,7210000
202000004796;24;11;2020;16:35;1;12;12202;2;6;1;2;DURAND DEGROS (AVENUE);44,3567600;2,5809200
202000004799;19;5;2020;19:00;1;26;26099;1;9;6;3;Route de Montsegur;44,3841820;4,8968300
202000004800;19;5;2020;16:15;1;58;58095;2;1;1;3;D978a;46,8181530;3,4506940
202000004828;20;5;2020;15:50;1;81;81225;2;1;1;3;12 Rue du Grand Galion;43,9100940;1,9834020
202000004859;15;5;2020;15:38;1;95;95018;2;1;1;6;AVENUE M. UTRILLO;48,9406650;2,2344840
202000004860;16;5;2020;17:25;1;91;91377;2;1;1;3;DIVISION LECLERC (RUE DE LA);48,7298900;2,2747700
202000004866;16;5;2020;18:51;1;87;87085;2;1;1;6;MAS-GIGOU (RUE DU);45,8599900;1,2569300
202000004868;18;5;2020;19:34;1;81;81004;2;1;1;1;CORDES (RTE DE);43,9548300;2,1154000
202000004876;18;5;2020;17:50;1;72;72181;2;2;1;3;LEDRU ROLLIN QUAI NÂ° 103 ET plus;48,0068900;0,1915800
202000004882;17;5;2020;08:37;1;56;56083;2;2;1;3;FOCH ( PL. MARECHAL );47,8056000; -3,2772600
202000004883;17;5;2020;17:59;1;49;49007;2;1;1;3;MOLIERE PLACE;47,4593100; -0,6147200
202000004884;16;5;2020;15:38;1;49;49007;2;1;1;7;VIGNE PLACE ET RUE;47,4748800; -0,5852100
202000004888;18;5;2020;08:05;2;35;35278;2;6;7;-1;RD 29;48,1634130; -1,6760060
202000004892;18;5;2020;13:45;1;13;13208;2;1;1;3;POMPIDOU (PROMENADE);43,2649680;5,3733830
202000004893;18;5;2020;07:45;1;13;13206;2;6;1;3;CASTELLANE (PLACE);43,2857400;5,3835700
202000004901;17;5;2020;23:25;5;75;75120;2;1;1;3;RUE DE MENILMONTANT;48,8684220;2,3886240
202000004905;18;5;2020;17:55;1;75;75109;2;2;1;3;BOULEVARD HAUSSMANN;48,8723780;2,3374130
202000004907;18;5;2020;09:15;1;75;75102;2;2;1;1;BOULEVARD DE SEBASTOPOL;48,8689220;2,3540410
202000004918;17;5;2020;13:00;1;93;93005;2;1;1;3;MAXIMILIEN ROBESPIERRE (RUE);48,9479200;2,5020700
202000004926;19;5;2020;13:56;1;67;67173;1;3;1;1;D31;48,6346070;7,6756990
202000004928;7;5;2020;19:30;1;50;50363;1;1;1;1;La Vatiniere;48,9618770; -1,1236100
202000004934;19;5;2020;10:30;1;12;12102;1;1;1;7;la TrÃ©moliÃ¨re;44,3125180;2,6889900
202000004936;18;5;2020;18:30;1;41;41106;2;1;1;3;38 Rue FranÃ§ois Blache;47,6080190;2,0262180
202000004938;17;5;2020;11:10;1;29;29135;2;1;1;3;6 Rue du Port;47,8330330; -4,1686250
202000004940;18;5;2020;18:20;1;84;84002;1;1;1;1;Chemin des Hautes Terres;43,7424140;5,5108670
202000004948;19;5;2020;09:20;1;60;60655;1;1;1;3;D87;49,5605497;3,0919430
202000004950;19;5;2020;12:00;1;73;73043;1;1;1;2;Route d'Annecy;45,7496697;5,9262892
202000004962;18;5;2020;14:40;1;91;91332;1;6;7;3;D26;48,5625210;2,3208690
202000004969;16;5;2020;19:15;1;69;69272;2;1;1;3;5 rue des brosses;45,6059840;4,8285560
202000005007;4;3;2020;09:00;1;75;75116;2;2;1;3;BOULEVARD SUCHET;48,8573510;2,2646690
202000005010;4;3;2020;09:50;1;75;75115;2;2;1;3;PORTE DE SEVRES;48,8336510;2,2764530
202000005013;4;3;2020;19:00;5;75;75111;2;3;2;3;BOULEVARD VOLTAIRE;48,8606830;2,3753000
202000005046;4;3;2020;07:00;3;31;31341;1;1;2;2;Route des Platanes;43,7182310;1,3058760
202000005055;5;3;2020;06:20;5;08;08067;2;1;2;2;74 Route Nationale;49,6256470;5,1783520
202000005059;5;3;2020;00:30;3;971;97103;2;1;1;2;Boulevard des Armees la Jaille;16,2541790; -61,5661920
202000005102;3;3;2020;11:00;1;69;69387;2;1;1;2;REPOS (DU)                          (R );45,7480584;4,8473271
202000005128;28;2;2020;08:56;1;80;80021;2;1;1;3;PINCEAU (RUE DU);49,8870600;2,3161600
202000005129;2;3;2020;04:30;5;79;79300;2;3;3;3;Avenue Emile Zola;46,9991460; -0,2062500
202000005144;27;1;2020;12:15;1;68;68376;2;1;1;3;REPUBLIQUE (ESPACE DE LA );47,8055300;7,3359000
202000005145;28;2;2020;10:15;1;67;67482;2;1;1;6;ROME (RUE DE);48,5773269;7,7660777
202000005158;7;2;2020;10:30;1;59;59457;2;7;1;3;DE GAULLE PLACE DU GENERAL;50,6683400;2,9732200
202000005164;2;3;2020;07:35;2;50;50129;1;1;2;3;FERRY (RUE JULES);49,6129600; -1,6505100
202000005168;29;2;2020;18:40;2;49;49007;2;1;6;3;CHAPTAL;47,4743000; -0,5305700
202000005169;28;2;2020;19:10;5;49;49007;2;1;2;3;PYRAMIDE ROUTE;47,4526500; -0,5241600
202000005182;29;2;2020;13:30;1;39;39198;2;2;6;3;Carrefour Bd Wilson / Av. de la Paix;47,0970490;5,4946950
202000005187;17;9;2020;06:05;5;69;69383;2;1;1;7;VICTOR AUGAGNEUR                    (QU);45,7598104;4,8410164
202000005189;17;9;2020;18:30;1;69;69384;2;3;1;3;HENON                               (R );45,7795900;4,8235600
202000005191;17;9;2020;10:00;1;69;69034;2;1;1;3;Rue Coste;45,7887500;4,8349900
202000005202;16;9;2020;08:15;1;82;82121;1;6;1;3;giratoire marc DAUTRY;44,0273000;1,3257300
202000005203;14;9;2020;13:40;1;80;80021;2;1;1;3;JULES VALLES (AVENUE);49,9156800;2,2472700
202000005214;17;9;2020;07:50;1;66;66136;2;1;1;3;PYRENEES (BOULEVARD DES);42,6953500;2,8888200
202000005224;13;9;2020;09:50;1;44;44109;2;1;7;3;Route de Carquefou;47,2661500; -1,5138900
202000005230;16;9;2020;17:10;1;28;28134;2;1;1;2;ARC (BD JEANNE D');48,7423800;1,3466500
202000005231;16;9;2020;20:45;3;27;27375;2;1;1;-1;CHAMP DE VILLE (PLACE DU);49,2097000;1,1631000
202000005235;15;9;2020;10:13;1;17;17274;1;1;1;4;D108;46,1605700; -1,0819500
202000005244;17;9;2020;13:45;1;12;12145;2;6;1;3;DE GAULLE CHARLES (AVENUE);44,1163200;3,0670200
202000005246;16;9;2020;06:55;2;05;05061;2;6;1;3;BELLE AUREILLE (RUE DE);44,5344900;6,0509500
202000005247;15;9;2020;12:00;1;04;04070;2;3;1;3;Inter Av Cuzin / Rue Jules et Alexandre Arnoux;44,0883963;6,2316238
202000005256;16;9;2020;22:32;5;75;75119;2;1;1;1;AVENUE DE LA PORTE DE LA VILLETTE;48,8988210;2,3868110
202000005257;17;9;2020;08:45;1;75;75117;2;1;1;7;BOULEVARD MALESHERBES;48,8849730;2,3075090
202000005260;15;9;2020;22:40;3;75;75116;2;3;1;2;AVENUE DE NEW YORK;48,8588160;2,2890030
202000005267;17;9;2020;16:15;1;75;75111;2;2;1;3;AVENUE DE LA REPUBLIQUE;48,8663480;2,3688550
202000005268;16;9;2020;23:10;5;75;75109;2;1;1;3;RUE DES MARTYRS;48,8770950;2,3393250
202000005271;17;9;2020;09:50;1;75;75108;2;1;1;2;RUE JEAN MERMOZ;48,8716090;2,3120970
202000005273;17;9;2020;11:45;1;75;75107;2;2;1;3;QUAI D ORSAY;48,8628280;2,3134610
202000005274;17;9;2020;18:20;1;75;75104;2;3;1;3;BOULEVARD DE SEBASTOPOL;48,8587330;2,3483470
202000005275;17;9;2020;10:00;1;75;75104;2;3;1;6;RUE SAINT ANTOINE;48,8550620;2,3616800
202000005281;17;9;2020;10:20;1;94;94001;2;2;1;3;SIMON (R);48,7254800;2,4232700
202000005282;17;9;2020;08:30;1;94;94077;2;2;1;3;REPUBLIQUE (AV DE LA);48,7320900;2,4098500
202000005285;16;9;2020;10:25;1;94;94019;2;1;1;3;RABELAIS (R);48,8028000;2,5524000
202000005298;28;8;2020;17:00;1;92;92062;2;9;1;5;PUTEAUX (PONT DE);48,8774000;2,2440000
202000005306;15;9;2020;11:55;1;67;67061;2;1;1;6;1 Rue du 22 Novembre;48,8244357;7,4802247
202000005317;18;9;2020;13:50;1;81;81063;2;6;1;3;DÃ©partementale 1;43,9389141;2,0779455
202000005319;12;9;2020;09:50;1;44;44154;2;6;1;3;39 Rue de Pornic;47,2447930; -2,1621820
202000005322;18;9;2020;18:35;1;38;38384;1;6;1;3;D154D;45,3553720;5,3359060
202000005347;18;9;2020;08:00;1;78;78120;2;1;1;5;474 Rue du Chat Noir;48,6234880;1,9884500
202000005351;18;9;2020;17:00;1;39;39210;1;1;1;7;Route ForestiÃ¨re de la Vieille Fresse;46,7596820;5,9531570
202000005360;18;9;2020;10:55;1;22;22173;1;2;1;6;le val;48,5453500; -2,5957670
202000005363;16;8;2020;11:30;1;60;60041;2;8;3;7;D12;49,3927519;2,2073582
202000005379;21;6;2020;00:00;3;987;98739;1;1;1;1;RT 322; -23,8689980; -147,6752720
202000005385;22;6;2020;17:29;1;34;34157;2;9;1;3;51 Chemin du Ceinturon;43,4368650;3,5899170
202000005390;19;6;2020;18:25;1;21;21370;2;1;1;3;3 Rue du Moulin;47,2764792;5,1723965
202000005425;20;6;2020;17:40;1;2B;2B120;2;1;1;-1;LAGUNE (Route de la) D107;42,6433400;9,4568100
202000005436;24;6;2020;18:15;1;44;44125;1;1;1;3;Avenue Louis ClÃ©ment;47,3676190; -2,5377850
202000005437;20;6;2020;17:47;1;35;35238;2;1;1;3;4 Rue Victor Rault;48,0922270; -1,6909760
202000005458;20;6;2020;16:14;1;75;75119;2;2;1;3;AVENUE SIMON BOLIVAR;48,8812600;2,3732460
202000005462;20;6;2020;06:45;2;75;75111;2;3;1;3;BOULEVARD RICHARD LENOIR;48,8647130;2,3701210
202000005464;20;6;2020;10:20;1;75;75110;2;3;1;6;COUR DE LA FERME SAINT LAZARE;48,8761820;2,3560470
202000005478;20;6;2020;18:20;1;92;92072;2;3;1;3;GRANDE RUE;48,8263800;2,2192400
202000005499;31;1;2020;15:25;1;95;95500;2;1;1;3;VERDUN (AVENUE DE);49,0389229;2,0882177
202000005523;30;1;2020;15:05;1;78;78646;2;2;1;3;ROYALE (RUE);48,7992800;2,1279100
202000005525;21;6;2020;19:23;1;55;55433;2;4;1;7;Rue des Preyens;48,6207580;5,7031110
202000005539;23;1;2020;10:20;1;68;68066;2;9;1;6;BALE ( ROUTE DE);48,0703180;7,3605790
202000005545;31;1;2020;19:30;2;65;65440;2;1;1;6;LARREY (RUE);43,2306920;0,0815020
202000005548;31;1;2020;11:10;1;64;64445;2;2;1;3;BORDEU DE;43,3032000; -0,3708900
202000005558;21;6;2020;09:15;1;64;64259;1;1;1;3;D22;43,2933880; -1,2417340
202000005578;21;6;2020;17:00;1;77;77078;2;9;1;1;74 Avenue des Vignes;48,9679880;3,1388180
202000005596;21;6;2020;15:30;1;01;01187;2;3;1;3;5 Rue Principale;46,0344460;5,6742190
202000005609;18;6;2020;15:30;1;59;59250;1;1;1;-1;2150 Rue Faidherbe;50,5830320;2,9030940
202000005627;18;6;2020;19:25;5;974;97411;2;1;1;2;LECLERC (DU MARECHAL); -20,8804400;55,4576100
202000005631;19;6;2020;12:35;1;69;69386;2;2;1;3;MARECHAL DE SAXE                    (R );45,7667700;4,8443000
202000005637;19;6;2020;15:15;1;69;69381;2;2;1;3;PUITS GAILLOT                       (R );45,7679000;4,8359000
202000005643;30;1;2020;17:15;1;75;75112;2;1;1;-1;QUAI DE BERCY;48,8382369;2,3764302
202000005659;19;6;2020;16:10;1;77;77186;1;1;1;3;RD 142 GlandÃ©e au grand veneur;48,4473490;2,6700050
202000005667;29;1;2020;14:30;1;94;94042;2;1;1;1;PRESIDENT JOHN KENNEDY (AV DU);48,8147041;2,4627732
202000005709;1;2;2020;18:10;5;67;67463;2;3;2;1;1 route de strasbourg;48,8959250;8,1081110
202000005740;1;2;2020;11:00;1;17;17444;1;1;2;2;RD6 - Route de GÃ©mozac;45,6544730; -0,6527640
202000005780;21;7;2020;12:50;1;77;77517;1;1;1;2;LAGNY (RUE DE);48,9061700;2,6620000
202000005784;21;7;2020;17:35;1;69;69266;2;1;2;3;ROGER SALENGRO     (Avenue);45,7794300;4,8815800
202000005786;18;7;2020;14:00;1;67;67482;2;2;1;3;ROMAINS (ROUTE DES);48,5795440;7,7156357
202000005796;21;7;2020;19:20;1;59;59599;2;3;1;1;LILLE (RUE DE);50,7224700;3,1533540
202000005799;21;7;2020;14:40;1;51;51573;2;6;1;1;Avenue du 29 AoÃ»t 1944;49,2473844;3,9991922
202000005801;21;7;2020;21:30;1;50;50218;2;1;1;6;PLAT GOUSSET (PROMENADE);48,8430650; -1,5939520
202000005804;17;7;2020;14:21;1;49;49267;2;1;1;2;Route d'ANGERS;47,4668900; -0,4963400
202000005806;21;7;2020;19:10;1;45;45234;2;6;1;3;rond point de la tangentielle;47,9243000;1,9412000
202000005814;21;7;2020;20:35;2;35;35051;2;6;1;3;RENNES (RUE DE);48,1143000; -1,6152000
202000005815;21;7;2020;19:25;1;35;35238;2;6;1;3;CHATEAU (AVENUE FRANCOIS);48,1115300; -1,6461100
202000005825;20;7;2020;16:50;1;17;17028;2;1;1;3;RENAN   RUE ERNEST;46,1290359; -1,1189449
202000005833;21;7;2020;20:15;1;75;75119;2;7;1;3;PLACE DE LA BATAILLE DE STALINGRAD;48,8832870;2,3693530
202000005837;20;7;2020;22:25;5;75;75111;2;5;1;3;BOULEVARD VOLTAIRE;48,8504010;2,3925060
202000005838;7;10;2020;19:15;2;75;75110;2;1;1;3;QUAI DE JEMMAPES;48,8709430;2,3660480
202000005842;15;7;2020;18:25;2;75;75104;2;1;1;3;RUE SAINT ANTOINE;48,8550060;2,3613510
202000005843;21;7;2020;11:26;1;75;75104;2;3;1;7;RUE SAINT ANTOINE;48,8534200;2,3671910
202000005846;20;7;2020;19:15;1;94;94073;2;3;1;1;LEON MARCHAND (AV);48,7664600;2,3864800
202000005857;21;7;2020;09:10;1;93;93077;2;3;1;3;GALLIENI (AVENUE DU GENERAL);48,8918915;2,5058543
202000005866;21;7;2020;14:30;1;92;92040;2;9;1;2;GALLIENI (BOULEVARD);48,8279579;2,2675277
202000005868;21;7;2020;09:10;1;17;17245;2;1;7;-1;30 Grande Rue;46,1556120; -1,0120140
202000005870;22;7;2020;08:50;1;71;71047;2;2;1;3;Rue du MusÃ©e;46,6216670;3,7675298
202000005875;19;7;2020;11:16;1;01;01194;2;3;1;3;Rue du Beaujolais;45,9855900;4,7543980
202000005878;21;7;2020;07:00;1;59;59016;2;2;1;3;rue du nord;50,9653530;2,3464230
202000005888;18;7;2020;18:35;1;80;80649;1;1;1;7;D940;50,3440230;1,6450520
202000005892;21;7;2020;18:00;1;49;49135;1;2;7;3;Rue d'Epinard;47,5624970; -0,5854080
202000005896;21;7;2020;09:44;1;84;84020;1;1;1;6;D36;43,8145720;5,3285620
202000005899;22;7;2020;09:40;1;83;83095;1;1;1;7;RD560;43,5558650;6,1167560
202000005940;19;7;2020;15:43;1;95;95539;2;1;1;1;Avenue Jean Moulin;48,9947000;2,3653000
202000005941;18;7;2020;12:17;1;91;91477;2;2;1;3;VALLEE (CHEMIN DE LA);48,7238800;2,2383200
202000005951;20;7;2020;18:40;1;69;69266;2;3;1;3;ALSACE   (Rue d');45,7637802;4,8699254
202000005954;19;7;2020;12:40;1;64;64445;2;1;1;-1;ALLEES DE MORLAAS DES;43,3045000; -0,3490300
202000005976;15;10;2020;17:15;1;973;97302;2;1;1;3;MANDELA  (BOULEVARD);4,9374700; -52,3258000
202000005977;15;10;2020;20:00;5;69;69387;2;2;1;1;GAMBETTA                            (CO);45,7521000;4,8522000
202000005993;14;10;2020;18:30;1;76;76575;2;1;1;6;UNIVERSITE. AVENUE DE L';49,3868400;1,0660300
202000005997;15;10;2020;08:30;1;69;69264;2;1;1;3;GAMBETTA  BD;45,9908798;4,7150969
202000005998;14;10;2020;18:00;2;67;67482;2;1;2;1;NANTES (RUE DE);48,5718000;7,7800000
202000006000;15;10;2020;09:55;1;64;64445;2;6;1;3;DROITS DE L' HOMME DES;43,3130600; -0,3689600
202000006001;15;10;2020;15:20;1;64;64102;2;6;8;3;9 chemin des barthes;43,4979200; -1,4937000
202000006008;15;10;2020;07:50;2;56;56260;2;1;1;1;PAIX(BLD DE LA) 41 A 109 ET 52 A 124;47,6613800; -2,7564900
202000006010;14;10;2020;19:40;5;54;54395;2;3;2;3;MOUILLERON (RUE GABRIEL);48,6849367;6,1753904
202000006011;14;10;2020;19:40;5;54;54395;2;1;2;6;CARMES (RUE DES);48,6904960;6,1812960
202000006017;14;10;2020;16:25;1;49;49099;2;3;1;3;ANJOU (RUE DE L');47,0744720; -0,8438935
202000006019;13;10;2020;17:27;2;49;49007;2;1;1;3;Rue de Buffon;47,4764200; -0,5475470
202000006026;14;10;2020;17:40;1;35;35238;2;9;1;3;FOULON (AVENUE PROFESSEUR CHARLES);48,1191600; -1,6492600
202000006028;15;10;2020;10:55;1;31;31555;2;1;1;3;AV ALBERT BEDOUCE;43,5783200;1,4578300
202000006031;14;10;2020;12:10;1;31;31555;2;1;3;3;PORT SAINT SAUVEUR;43,5980200;1,4558900
202000006032;13;10;2020;20:09;5;31;31555;2;1;2;3;BD LASCROSSES;43,6097900;1,4327600
202000006052;14;10;2020;09:10;1;75;75120;2;2;8;3;RUE DE MENILMONTANT;48,8686470;2,3895750
202000006054;15;10;2020;09:30;1;75;75118;2;3;1;6;RUE MARX DORMOY;48,8868470;2,3596650
202000006056;14;10;2020;22:36;5;75;75116;2;2;1;7;RUE RAYNOUARD;48,8537260;2,2774340
202000006066;15;10;2020;11:35;1;75;75110;2;1;1;7;RUE D HAUTEVILLE;48,8745870;2,3507220
202000006070;15;10;2020;09:10;1;75;75108;2;1;1;3;RUE SAINT LAZARE;48,8754490;2,3254150
202000006073;14;10;2020;08:50;1;75;75101;2;2;2;7;BOULEVARD DE SEBASTOPOL;48,8595270;2,3487970
202000006074;14;10;2020;09:00;1;75;75101;2;1;2;2;RUE DE RIVOLI;48,8606310;2,3417740
202000006081;14;10;2020;08:30;1;94;94003;2;3;2;3;PAUL VAILLANT COUTURIER (AV);48,8037100;2,3381900
202000006090;13;10;2020;08:40;1;92;92063;2;6;2;3;PERRET (RUE AUGUSTE);48,8901000;2,1673500
202000006091;11;10;2020;15:55;1;92;92063;2;2;1;3;COLMAR (AVENUE DE);48,8867500;2,1743600
202000006111;15;10;2020;15:10;1;44;44069;1;1;1;2;12 Avenue Paul Gauguin CD 192;47,2873810; -2,4107270
202000006142;21;9;2020;19:40;1;59;59581;1;4;1;3;Rue du Kirlem;50,6792610;2,7644720
202000006163;22;8;2020;10:05;1;55;55344;1;1;1;3;Montbras;48,5261713;5,6902541
202000006165;18;8;2020;11:00;1;12;12241;1;2;1;3;Route dÃ©partementale 12 puech;44,3213300;2,6463750
202000006238;18;8;2020;09:55;1;50;50129;2;1;1;2;CALIGNY (QUAI DE);49,6401500; -1,6214500
202000006245;20;8;2020;22:00;3;33;33281;2;2;1;3;avenue de BeaudÃ©sert;44,8366900; -0,6939700
202000006248;19;8;2020;19:40;1;31;31555;2;4;1;3;AV DES MINIMES;43,6180000;1,4366500
202000006265;19;8;2020;19:45;1;75;75116;2;1;1;3;ROUTE DE SEVRES A NEUILLY;48,8564710;2,2375390
202000006268;20;8;2020;17:30;1;75;75113;2;1;1;6;RUE EMILE DURKHEIM;48,8325880;2,3780680
202000006271;20;8;2020;18:25;1;75;75104;2;3;1;7;RUE SAINT ANTOINE;48,8539320;2,3648560
202000006287;20;8;2020;15:50;1;92;92026;2;4;1;3;BOULEVARD CIRCULAIRE;48,8888934;2,2507777
202000006290;20;8;2020;16:25;5;06;06161;2;1;1;-1;Avenue de la LibÃ©ration;43,6580480;7,1239000
202000006296;19;8;2020;18:15;1;51;51605;1;1;1;7;D1;49,0783060;3,8494610
202000006297;20;8;2020;08:10;1;51;51434;1;1;1;2;D3;49,0137683;4,0713728
202000006313;20;8;2020;13:00;1;29;29183;2;1;1;7;Rue du Couvent;48,5725820; -3,6100250
202000006326;20;8;2020;16:25;1;87;87187;1;1;1;7;Les Jalladeas du Midi;45,4978800;1,1803220
202000006329;21;8;2020;10:00;1;01;01427;2;6;1;2;Quai de Saone;45,9385640;4,7799220
202000006341;19;8;2020;10:00;1;67;67067;2;3;1;3;16 Rue du ChÃ¢teau;48,7315400;7,7112220
202000006344;21;8;2020;14:40;1;69;69086;1;6;1;3;D70;45,8471570;4,6705410
202000006355;10;7;2020;18:45;1;64;64102;2;3;2;3;AMOU (BOULEVARD JEAN D');43,4956200; -1,4660700
202000006357;9;7;2020;17:00;1;64;64024;2;6;1;3;COMPAGNET (GIRATOIRE DE);43,4605472; -1,4962046
202000006366;14;7;2020;19:08;1;85;85019;1;1;1;7;La Moinarderie;46,7826800; -1,3775800
202000006367;11;11;2020;12:10;1;19;19272;2;1;1;7;Champeau (Lieu dit);45,2730900;1,7838800
202000006376;26;8;2020;17:55;1;15;15014;2;9;1;2;PUPILLES DE LA NATION (AVENUE DES);44,9213300;2,4396800
202000006402;23;5;2020;17:35;1;976;97611;2;1;1;1;kaweni-Grande Traverse (rue de la); -12,7712600;45,2235900
202000006410;26;12;2020;11:45;1;69;69386;2;1;1;3;GENERAL SARRAIL (DU)                (QU);45,7674800;4,8413000
202000006416;22;12;2020;10:00;1;44;44131;2;6;1;3;Rue du TraitÃ© de Maastricht;47,1248520; -2,1271690
202000006421;24;7;2020;21:25;2;26;26281;2;1;1;1;8 Rue des Recollets ;45,0453000;5,0340200
202000006428;21;12;2020;15:45;1;2A;2A004;2;9;1;-1;Cours du Prince Imperial;41,9270334;8,7393716
202000006429;12;12;2020;10:10;1;84;84007;1;1;1;1;TARTAY (CHEMIN DE) MTF;43,8924400;4,9165000
202000006435;28;12;2020;16:32;1;69;69244;2;1;1;3;49 Avenue Victor Hugo;45,7662690;4,7841540
202000006472;23;12;2020;08:30;1;49;49007;2;1;1;7;MADELEINE;47,4620300; -0,5412900
202000006483;30;12;2020;08:30;1;974;97404;1;1;1;1;174 Route de la Ravine Seche; -21,2495420;55,3580960
202000006494;20;11;2020;18:40;3;62;62274;1;1;8;-1;RD 161;50,4420400;2,9877900
202000006499;30;12;2020;10:20;1;94;94068;2;1;1;3;SAINT LOUIS (AV);48,7894200;2,5027500
202000006510;7;6;2020;09:10;1;49;49092;1;1;1;7;La Planche de CossÃ© (cossÃ©-d'Anjou);47,1735170; -0,6688460
202000006526;29;12;2020;09:15;1;35;35238;2;6;1;3;ROUTE DE ST MALO;48,1323500; -1,6911000
202000006536;30;12;2020;16:00;1;54;54581;1;3;1;3;carrefour RD952 et D132;49,1118640;5,8807160
202000006547;26;11;2020;15:50;1;75;75119;2;3;1;3;AVENUE JEAN JAURES;48,8851750;2,3793690
202000006551;26;11;2020;06:47;5;75;75117;2;2;1;2;BOULEVARD BESSIERES;48,8943150;2,3137680
202000006553;26;11;2020;20:05;5;75;75113;2;1;1;6;RUE DE DOMREMY;48,8287830;2,3701420
202000006558;26;11;2020;22:10;5;94;94081;2;6;1;3;PRESIDENT SALVADOR ALLENDE (AV DU);48,7960700;2,4169900
202000006566;25;11;2020;17:30;2;93;93032;2;1;1;1;ABBESSES  (CHEMIN D'ACCES AUX);48,8765163;2,5614912
202000006567;26;11;2020;06:05;5;93;93013;2;3;1;3;R DDU COMMANDANT ROLLAND / AV ELISE DEROCHE;48,9330500;2,4281800
202000006597;26;11;2020;13:30;1;973;97311;2;1;1;2;avenue symphorien;5,4956830; -54,0302790
202000006598;24;11;2020;19:00;4;971;97122;2;2;1;1;Rue Robert Loyson;16,4166350; -61,5286360
202000006634;24;11;2020;13:00;1;69;69013;2;3;1;-1;GARET (rue du Champ);46,0002800;4,7309800