Num_Acc;jour;mois;an;hrmn;lum;dep;com;agg;int;atm;col;adr;lat;long
202000011033;28;1;2020;15:00;1;04;04049;2;1;1;7;Route du Pierraret;44,0904250;6,0084650
202000011039;17;1;2020;18:40;4;973;97307;2;1;1;1;33 Rue Citron Vert;4,8756216; -52,3248031
202000011056;29;1;2020;15:00;1;62;62380;1;1;1;4;D65;50,3945520;2,6477410
202000011088;27;1;2020;18:25;5;91;91687;2;9;2;3;BELLAY (AVENUE DU);48,6758220;2,3633510
202000011089;27;1;2020;16:20;1;91;91174;2;1;2;3;JOHN KENNEDY (BOULEVARD);48,5835100;2,4766200
202000011095;26;1;2020;09:45;1;83;83062;2;1;8;1;THOUAR MONTEE;43,1331500;6,0096800
202000011121;27;1;2020;20:10;5;33;33522;2;6;2;3;RUE PACARIS / RUE CLEMENT THOMAS / CHEM DE BENEDIGUES;44,7988200; -0,5827000
202000011134;16;1;2020;16:30;2;18;18255;1;1;1;3;RD 2151;47,0167000;2,3000000
202000011153;27;1;2020;19:36;5;75;75113;2;5;2;3;RUE DE TOLBIAC;48,8261600;2,3599760
202000011174;11;9;2020;10:00;1;38;38449;2;1;1;2;Rue du Limousin;45,6381700;5,1095100
202000011213;14;9;2020;12:10;1;69;69382;2;2;1;3;DOCTEUR GAILLETON (DU)              (QU);45,7506100;4,8319800
202000011219;11;9;2020;10:49;1;87;87085;2;1;1;7;GAMBETTA (BOULEVARD);45,8280100;1,2571000
202000011221;14;9;2020;07:00;2;86;86194;2;6;1;3;Rue de la Jambe Ã  lâAne;46,5706700;0,3498200
202000011223;11;9;2020;14:15;1;80;80021;2;1;1;3;GENERAL LECLERC (RUE DU );49,8962000;2,2939700
202000011228;13;9;2020;12:10;1;78;78490;2;1;1;1;BRETECHELLE (RUE DE LA);48,8159700;1,9590600
202000011229;9;9;2020;16:30;1;78;78297;2;9;1;3;PERRET (PLACE DES FRERES);48,7711400;2,0822100
202000011235;13;9;2020;15:00;1;74;74281;2;7;1;3;TULLY (ROUTE DE);46,3732477;6,4974804
202000011238;12;9;2020;11:10;1;67;67447;2;1;1;3;Route de Bischwiller;48,6091475;7,7504039
202000011240;12;9;2020;09:42;1;66;66136;2;3;1;3;VAUBAN (TRAVERSE SEBASTIEN);42,6985800;2,8897800
202000011259;9;9;2020;17:00;1;59;59456;2;1;1;1;ANCHIN (HAMEAU D');50,3837293;3,2204649
202000011264;10;9;2020;17:34;1;49;49007;2;6;1;3;LIZE;47,4901900; -0,5662900
202000011269;16;7;2020;10:43;1;974;97411;1;6;1;2;RIVIERE DES PLUIES (ROUTE DE LA); -20,9024700;55,5029000
202000011271;14;9;2020;20:05;2;35;35238;2;2;1;6;REPUBLIQUE (PLACE DE LA);48,1098300; -1,6802000
202000011272;14;9;2020;07:45;1;35;35278;2;6;1;3;CHESNAIS BEAUREGARD (RUE DU);48,1371494; -1,6893592
202000011281;12;9;2020;10:10;1;31;31555;2;1;1;3;AV PAUL SEJOURNE;43,6076600;1,4283400
202000011286;14;9;2020;15:45;1;27;27229;2;9;1;3;GAMBETTA (BOULEVARD);49,0193000;1,1520000
202000011287;16;7;2020;19:35;1;69;69259;2;3;1;3;GEORGES LYVET                       (R );45,6959800;4,8747200
202000011291;15;7;2020;10:25;1;69;69386;2;3;1;3;GARIBALDI                           (R );45,7704550;4,8503389
202000011297;16;7;2020;19:30;1;91;91471;2;6;1;3;MOCQUET (RUE GUY);48,7005400;2,1917400
202000011307;14;9;2020;16:45;1;17;17300;2;2;1;3;SAINT-LOUIS   RUE;46,1609060; -1,1456570
202000011323;16;7;2020;18:50;1;77;77237;2;1;1;2;TOURNAN (ROUTE DE );48,8355218;2,7531226
202000011325;14;9;2020;14:50;1;01;01053;2;1;1;-1;BROU ( BD NÂ°68 A 182 PAIR);46,2003580;5,2332530
202000011328;13;9;2020;07:25;1;75;75119;2;1;1;1;RUE DE TANGER;48,8859710;2,3686310
202000011329;12;9;2020;17:37;1;75;75107;2;1;1;1;QUAI ANATOLE FRANCE;48,8617830;2,3218620
202000011330;14;9;2020;20:50;5;75;75118;2;3;1;3;BOULEVARD NEY;48,8979920;2,3424000
202000011339;14;9;2020;16:05;1;75;75112;2;1;1;3;BOULEVARD SOULT;48,8401430;2,4088280
202000011346;17;7;2020;10:35;1;61;61006;2;6;1;3;LECLERC (PLACE DU GENERAL);48,7415280; -0,0256070
202000011351;16;7;2020;19:30;1;56;56121;2;3;1;2;PERAULT (RUE );47,7448400; -3,3636600
202000011356;14;9;2020;20:45;5;94;94038;2;2;1;3;PAUL VAILLANT COUTURIER (BD);48,7808300;2,3410500
202000011358;27;5;2020;17:15;1;44;44109;2;1;1;6;Rue Paul Bellamy;47,2239000; -1,5578000
202000011375;17;7;2020;14:55;1;32;32013;2;1;1;3;SAMBRE ET MEUSE (AVENUE);43,6471200;0,5975000
202000011379;14;9;2020;12:20;1;92;92012;2;9;1;3;JEAN BAPTISTE CLEMENT (AVENUE) 49/FIN -;48,8456950;2,2366090
202000011389;15;9;2020;09:40;1;2B;2B049;1;1;1;-1;D81;42,4621570;8,7512110
202000011394;17;7;2020;15:45;1;21;21231;2;9;1;3;9 Rue Adolphe DiÃ©trich;47,3333900;5,0307100
202000011398;17;7;2020;19:13;1;13;13201;2;2;1;3;ROME (RUE DE)      ;43,2886650;5,3821530
202000011404;16;7;2020;07:40;1;11;11069;1;1;1;-1;CHEMIN DE SAINTE CROIX;43,1938600;2,3772400
202000011420;17;7;2020;20:20;1;75;75118;2;3;1;2;BOULEVARD BARBES;48,8841240;2,3494830
202000011423;17;7;2020;20:05;1;75;75117;2;4;1;3;AVENUE DE LA PORTE DE CHAMPERRET;48,8859950;2,2891000
202000011447;17;7;2020;11:15;1;75;75109;2;4;1;1;RUE TRONCHET;48,8727600;2,3264760
202000011451;16;7;2020;23:15;5;75;75109;2;5;1;2;RUE HALEVY;48,8729460;2,3332950
202000011457;16;7;2020;09:30;1;75;75115;2;2;1;6;PORT DE SUFFREN;48,8548260;2,2885480
202000011458;17;7;2020;04:00;5;75;75101;2;1;1;7;VOIE GEORGES POMPIDOU;48,8574920;2,3453040
202000011460;17;7;2020;13:00;1;75;75104;2;2;1;3;RUE DU RENARD;48,8575180;2,3514540
202000011469;14;9;2020;08:45;1;87;87185;1;1;7;1;Route de l'Abattoir;45,8840460;1,0736310
202000011471;15;8;2020;09:50;1;30;30021;1;2;1;3;D.136 / D.982;43,9922180;4,3340750
202000011478;12;9;2020;10:20;1;35;35210;1;3;7;3;Le Petit Moulin de Tixue;48,1804950; -1,7785190
202000011488;12;9;2020;09:50;1;78;78120;1;1;1;-1;D149;48,6469170;1,9874950
202000011500;17;7;2020;08:45;1;92;92012;2;1;1;3;SEVRES (RUE DE) 1/55 - 2/40;48,8388998;2,2283055
202000011508;18;7;2020;14:30;1;71;71054;2;1;1;-1;26 Rue Neuve;46,9119690;5,0283570
202000011511;18;7;2020;16:15;1;74;74242;2;3;1;3;Route de la Magne;45,8238030;6,1727080
202000011528;18;7;2020;12:20;1;52;52519;1;2;1;3;D21;47,7080790;5,1770230
202000011550;16;7;2020;10:15;1;33;33238;2;3;1;5;D651;44,7082090; -0,6070590
202000011567;16;6;2020;18:40;1;75;75108;2;7;1;2;PLACE DE LA CONCORDE;48,8670490;2,3206720
202000011568;17;6;2020;14:53;1;75;75104;2;2;1;7;RUE DE RIVOLI;48,8578740;2,3502130
202000011569;17;6;2020;17:35;1;94;94067;2;3;1;2;EUGENE RINGUET (R);48,8380800;2,4171900
202000011583;17;6;2020;00:12;5;92;92026;2;3;1;3;BOULEVARD CIRCULAIRE;48,8904381;2,2488338
202000011590;18;6;2020;17:20;1;38;38536;1;1;1;-1;D37;45,4244460;4,9181920
202000011608;12;6;2020;10:20;1;40;40328;2;6;1;2;27 Route des Lacs;43,7885460; -1,3964870
202000011610;24;5;2020;22:00;2;27;27226;1;1;1;5;D3;49,3194680;1,6354550
202000011635;15;6;2020;17:13;1;974;97407;1;6;1;3;MARINE(BOULEVARD); -20,9498900;55,2871900
202000011657;15;6;2020;18:20;1;71;71153;2;1;1;7;MARTYRS DE LA LIBERATION (RUE DES);46,8060699;4,4394475
202000011659;13;6;2020;22:52;5;67;67482;2;1;1;3;GENERAL DE GAULLE (AVENUE DU);48,5787600;7,7696200
202000011660;12;6;2020;18:45;1;66;66136;2;1;1;2;CLEMENCEAU (BOULEVARD);42,6991800;2,8885600
202000011662;13;6;2020;19:25;1;64;64122;2;9;1;3;23 avenue du Golf;43,4881698; -1,5488128
202000011663;12;6;2020;17:00;1;64;64122;2;1;1;3;GENERAL MAC CROSKEY (AV DU);43,4925800; -1,5474300
202000011664;16;6;2020;11:10;1;64;64102;2;1;1;3;LASSEGUETTE (CHEMIN DE);43,4809200; -1,4805600
202000011670;12;6;2020;20:40;1;50;50129;2;1;1;-1;PLYMOUTH (AVENUE DE);49,6298600; -1,6229000
202000011690;15;6;2020;18:10;1;05;05061;1;6;1;2;D994;44,5576800;6,0553800
202000011699;16;6;2020;16:30;1;75;75117;2;7;1;3;RUE CARDINET;48,8886230;2,3156640
202000011700;16;6;2020;13:00;1;75;75117;2;3;1;7;AVENUE DE CLICHY;48,8893650;2,3223400
202000011702;15;6;2020;08:55;1;75;75114;2;7;1;3;AVENUE DENFERT ROCHEREAU;48,8345450;2,3326150
202000011704;16;6;2020;14:00;1;75;75110;2;2;1;6;BOULEVARD DE MAGENTA;48,8836130;2,3494900
202000011705;16;6;2020;14:10;1;75;75109;2;3;1;3;BOULEVARD HAUSSMANN;48,8734190;2,3296980
202000011707;13;6;2020;12:00;1;75;75107;2;1;1;6;PORT DE SOLFERINO;48,8629140;2,3188070
202000011709;16;6;2020;15:45;1;75;75104;2;3;1;6;QUAI DES CELESTINS;48,8523540;2,3604900
202000011712;16;6;2020;18:10;1;94;94041;2;1;1;3;PAUL VAILLANT COUTURIER (BD);48,8195900;2,3961700
202000011724;13;6;2020;15:50;1;92;92025;2;3;1;1;VALMY (BD DE);48,9261160;2,2530240
202000011735;17;6;2020;08:45;1;74;74208;2;6;1;3;PLACE DE LA MAIRIE;45,9235280;6,6860180
202000011737;17;6;2020;15:50;1;2B;2B207;1;1;1;1;D206;42,4633280;9,4607310
202000011760;5;10;2020;07:30;5;85;85194;2;6;1;3;TABARLY (BOULEVARD ERIC);46,5142500; -1,7684800
202000011761;5;10;2020;11:10;1;85;85194;2;1;1;1;Boulevard du VendÃ©e Globe;46,5030400; -1,7592200
202000011772;12;10;2020;09:25;1;72;72181;2;6;1;1;DEMORIEUX ENTRE PT CHEM DE FER ET HUISNE;47,9930000;0,1847900
202000011774;9;10;2020;11:05;1;67;67482;2;3;1;3;CHATEAUROUX (RUE DE);48,5537000;7,7676400
202000011787;11;10;2020;09:40;1;56;56098;2;6;7;3;LANN-SEVELIN (ROND POINT DE);47,7782400; -3,3452000
202000011796;11;10;2020;15:53;1;49;49007;2;1;2;2;PAUL BERT;47,4654500; -0,5504700
202000011797;9;10;2020;08:21;2;49;49353;2;6;2;1;Buisson;47,4423270; -0,4833440
202000011804;12;10;2020;06:45;5;35;35238;2;1;8;3;GUILLAUDOT ( DU GENERAL MAURICE);48,1160100; -1,6740000
202000011810;17;8;2020;09:50;1;33;33281;2;1;1;2;AVE MARCEL DASSAULT;44,8422000; -0,7442800
202000011811;12;10;2020;18:15;1;33;33522;2;8;1;3;CRS GAMBETTA / RUE LAMARTINE;44,8151900; -0,5872300
202000011822;15;8;2020;07:40;1;31;31555;2;1;1;3;AV DE LARDENNE;43,5933100;1,3930600
202000011844;12;10;2020;19:25;5;75;75119;2;1;1;6;AVENUE JEAN JAURES;48,8887040;2,3927920
202000011847;12;10;2020;14:30;1;75;75116;2;3;1;6;RUE JEAN DE LA FONTAINE;48,8504040;2,2705270
202000011849;12;10;2020;09:10;1;75;75115;2;1;1;6;RUE ANDRE GIDE;48,8378300;2,3139530
202000011850;13;8;2020;20:25;3;05;05023;1;1;3;2;R N  94;44,9097300;6,6638300
202000011852;17;8;2020;17:45;1;75;75113;2;1;1;3;BOULEVARD VINCENT AURIOL;48,8309850;2,3569580
202000011853;12;10;2020;13:20;1;75;75113;2;3;8;3;QUAI DE LA GARE;48,8367570;2,3743670
202000011855;17;8;2020;09:30;1;75;75113;2;2;1;3;BOULEVARD MASSENA;48,8192230;2,3620740
202000011857;17;8;2020;12:55;1;75;75112;2;1;2;1;QUAI DE BERCY;48,8300260;2,3866980
202000011859;16;8;2020;17:30;1;75;75112;2;1;1;6;ROUTE DE CEINTURE DU LAC DAUMESNIL;48,8294770;2,4156080
202000011860;12;10;2020;16:00;1;75;75112;2;3;1;3;RUE DE REUILLY;48,8410220;2,3941110
202000011861;17;8;2020;10:35;1;75;75111;2;1;1;6;RUE DU GRAND PRIEURE;48,8651780;2,3689600
202000011864;12;10;2020;08:52;1;75;75112;2;1;1;7;BOULEVARD SOULT;48,8456520;2,4108640
202000011865;16;8;2020;16:20;1;75;75110;2;1;1;-1;RUE DU FAUBOURG SAINT DENIS;48,8817180;2,3583910
202000011868;12;10;2020;20:15;5;75;75111;2;1;1;1;RUE JEAN PIERRE TIMBAUD;48,8670660;2,3750290
202000011869;11;10;2020;21:50;5;75;75111;2;1;1;-1;RUE DE LA ROQUETTE;48,8561760;2,3761780
202000011870;30;7;2020;17:55;1;75;75103;2;3;1;3;RUE DU VERTBOIS;48,8677040;2,3548690
202000011886;12;10;2020;13:50;1;93;93051;2;1;1;3;MEDERIC (AVENUE);48,8303400;2,5847700
202000011888;12;10;2020;16:27;1;93;93046;2;2;8;3;LUCIE AUBRAC ALLEE;48,9313700;2,5456200
202000011892;11;10;2020;19:10;2;92;92077;2;1;8;3;THIERRY (AVENUE);48,8276863;2,1821178
202000011894;11;10;2020;09:30;1;92;92072;2;2;1;3;VILLE D'AVRAY (RUE DE);48,8260273;2,1982305
202000011929;4;9;2020;10:20;1;44;44126;2;3;1;1;1 Boulevard de la Tara;47,1524640; -2,2168830
202000011932;8;10;2020;15:50;1;58;58225;1;1;1;7;Champ des pierges;46,9215490;3,0838380
202000011936;18;8;2020;10:55;1;72;72223;2;1;1;-1;ROUTE DEPARTEMENTALE 35;47,8750080; -0,1065160
202000011949;12;10;2020;17:40;1;06;06152;2;3;1;3;Route de Nice;43,6431350;7,0118760
202000011953;16;8;2020;14:05;1;972;97213;1;1;2;1;ROUTE DEPARTEMENTALE 3;14,6566000; -60,9755000
202000011955;15;8;2020;08:25;1;69;69034;2;1;1;-1;CANUTS (DES)                        (BD);45,7821900;4,8287800
202000011962;9;10;2020;16:15;1;29;29147;1;1;1;7;D765 - La Croix;47,8972400; -3,5765220
202000011972;12;10;2020;17:10;1;67;67046;2;1;2;3;5 Rue du GÃ©nÃ©ral Leclerc;48,7644640;7,8586000
202000011980;13;10;2020;14:55;1;85;85003;1;3;1;3;Les Trois ChÃªnes;46,7151980; -1,6912880
202000012015;16;8;2020;00:07;5;75;75115;2;1;1;7;RUE LECOURBE;48,8447080;2,3097650
202000012020;16;8;2020;17:16;1;75;75119;2;7;1;4;PLACE DU COLONEL FABIEN;48,8784320;2,3704480
202000012031;16;8;2020;13:40;1;75;75101;2;3;1;3;RUE DE RIVOLI;48,8594960;2,3451880
202000012041;11;10;2020;23:00;5;18;18033;2;1;1;2;CHARITE (ROUTE DE LA);47,0949400;2,4205900
202000012053;11;10;2020;12:30;1;75;75105;2;2;1;3;BOULEVARD DE PORT ROYAL;48,8394210;2,3375400
202000012066;15;8;2020;11:35;1;76;76188;1;9;1;7;Route de la Dreule;49,6511890;1,2408440
202000012068;23;7;2020;18:00;1;2A;2A362;2;1;1;3;T10;41,7004340;9,3487970
202000012104;15;8;2020;11:00;1;38;38285;2;1;1;2;D526;45,0513400;5,9872000
202000012149;28;12;2020;19:40;5;92;92012;2;1;2;3;ANATOLE FRANCE (BOULEVARD) 5/FIN;48,8502788;2,2379681
202000012186;26;12;2020;17:40;1;971;97101;2;1;1;1;Bd RenÃ© Serge NABAJOTH;16,2790005; -61,5038681
202000012262;26;12;2020;16:45;1;64;64445;2;1;1;3;CONDOM DE;43,3221000; -0,3443700
202000012278;26;12;2020;11:46;1;75;75111;2;3;1;2;RUE DE CHARONNE;48,8559340;2,3923500
202000012279;26;12;2020;18:10;5;75;75101;2;3;1;2;RUE MONTMARTRE;48,8641350;2,3454700
202000012311;27;12;2020;11:20;1;971;97131;2;1;1;6;Rue du Fort Napoleon;15,8736410; -61,5822480
202000012328;16;12;2020;19:25;5;69;69387;2;1;1;-1;GAMBETTA                            (CO);45,7508200;4,8590700
202000012358;20;11;2020;13:00;1;69;69389;2;3;1;3;OBSERVANCE (DE L')                  (MO);45,7692800;4,8100200
202000012359;20;11;2020;08:00;1;69;69385;2;1;2;7;SOEUR BOUVIER                       (R );45,7504362;4,8112618
202000012377;19;11;2020;17:20;5;67;67447;2;1;1;1;HAUSBERGEN (ROUTE DE);48,6067300;7,7269600
202000012381;20;11;2020;09:20;1;64;64445;2;6;1;3;ALSACE LORRAINE D';43,3043100; -0,3670100
202000012396;20;11;2020;08:00;1;35;35238;2;1;8;3;COLOMBIER (BD DU);48,1033000; -1,6773900
202000012404;19;11;2020;09:00;1;17;17300;2;6;7;1;DOCTEUR DANIEL PLANET;46,1479100; -1,1504600
202000012428;20;11;2020;17:30;2;75;75111;2;2;1;3;RUE DU CHEMIN VERT;48,8597470;2,3768450
202000012437;19;11;2020;11:05;1;94;94028;2;1;1;1;PARIS.(RUE DE);48,7943000;2,4604000
202000012439;20;11;2020;18:00;5;93;93070;1;1;1;6;DOCTEUR BAUER(RUE DU) :NÂ°  75 AU 129;48,9077900;2,3408400
202000012441;19;11;2020;17:00;1;93;93006;2;4;2;3;PASTEUR AV.;48,8761600;2,4201900
202000012449;19;11;2020;10:40;1;92;92025;2;1;1;2;PAUL BERT (RUE);48,9308501;2,2447883
202000012452;20;11;2020;10:43;1;92;92012;2;1;1;2;JEAN JAURES (BOULEVARD) 1/61 - COTE IMPA;48,8409236;2,2393541
202000012461;17;11;2020;14:30;1;44;44036;2;1;1;1;rue du 08 mai 1945;47,7091050; -1,3816810
202000012471;20;11;2020;16:15;1;85;85224;2;6;1;3;ROUTE DE LA VENDEE;46,9965290; -1,3278870
202000012495;19;11;2020;13:15;1;69;69387;2;1;1;1;GAMBETTA                            (CO);45,7545900;4,8447500
202000012510;17;11;2020;09:00;1;87;87075;2;2;1;3;BAYLES (AVENUE DES);45,8133300;1,2278100
202000012515;18;11;2020;12:14;1;68;68066;2;1;1;2;REY (AVENUE JOSEPH);48,0945700;7,3642300
202000012518;19;11;2020;07:20;2;64;64445;2;3;2;1;MARCA;43,2940800; -0,3771800
202000012538;12;5;2020;05:15;5;37;37261;2;1;1;7;TRANCHEE (AVENUE DE LA);47,4077446;0,6816152
202000012547;12;5;2020;11:00;1;75;75110;2;3;1;2;RUE DU BUISSON SAINT LOUIS;48,8732440;2,3747740
202000012556;12;5;2020;15:15;1;93;93046;2;1;1;1;AV DU CONSUL GENERAL NORDLING;48,9175610;2,5339720
202000012568;12;5;2020;16:55;1;77;77141;1;1;1;3;D406;48,8508990;2,8391440
202000012577;13;5;2020;16:10;1;70;70154;1;4;2;1;D15;47,4386180;6,1445390
202000012585;13;5;2020;17:15;1;64;64498;1;1;2;7;Route de Lamarque;43,1620162; -0,1556495
202000012605;11;5;2020;13:17;1;988;98818;2;1;1;3;VELODROME (ROUTE DU); -22,2904700;166,4452100
202000012614;9;5;2020;12:40;1;88;88087;2;1;1;1;FORGES (RUE DES);48,1754400;6,4302700
202000012627;11;5;2020;17:20;1;33;33529;1;8;2;3;RN250 / voie ferrÃ©e;44,6181200; -1,1311300
202000012634;11;5;2020;08:35;1;75;75119;2;7;2;3;PLACE DE LA PORTE DE PANTIN;48,8897260;2,3966710
202000012639;11;5;2020;08:50;1;75;75107;2;2;6;7;AVENUE DUQUESNE;48,8526830;2,3085840
202000012679;12;5;2020;07:53;1;38;38133;1;1;1;7;Route de Saint - Julien;45,3451880;5,6323390
202000012680;12;5;2020;17:10;1;69;69122;1;4;1;-1;Chemin de la Poyat;45,9076710;4,7079080
202000012697;10;5;2020;22:35;5;33;33063;2;2;3;3;RUE MALBEC / RUE BILLAUDEL;44,8246579; -0,5638325
202000012703;10;5;2020;14:40;1;75;75110;2;1;8;3;QUAI DE JEMMAPES;48,8690900;2,3674580
202000012707;10;5;2020;17:40;1;972;97232;2;1;1;1;Chemin communal D5 - Morne Raquette;14,5457960; -60,8581500
202000012716;5;5;2020;18:45;1;53;53096;2;2;1;3;Rue des Mirettes;48,3001000; -0,9201210
202000012797;26;2;2020;10:20;1;29;29137;1;1;1;3;36 Route des Trois Prats;48,3341640; -4,2882640
202000012799;27;1;2020;08:40;1;49;49021;1;6;2;3;Route de la MÃ©nitrÃ©;47,4357150; -0,2233150
202000012804;1;3;2020;11:00;1;34;34319;2;2;1;1;Route de Fournols;43,5542400;3,3002700
202000012816;2;3;2020;15:36;1;44;44043;2;1;1;1;11 Rue du Vivier;47,1091130; -1,2432560
202000012861;29;2;2020;09:45;1;02;02694;1;1;1;3;D34;49,7439540;3,1928910
202000012866;19;2;2020;16:30;1;03;03160;1;1;1;2;CaffiÃ¨re;46,2274646;3,4007654
202000012875;26;1;2020;12:15;1;13;13211;2;3;3;3;SAINT MARCEL (BOULEVARD DE );43,2888660;5,4614060
202000012908;1;3;2020;12:15;1;60;60536;1;1;2;3;Route de Pont;49,3086252;2,7053755
202000012914;21;1;2020;08:40;1;75;75107;2;1;4;6;PROMENADE DES BERGES DE LA SEINE ANDRE GORZ;48,8628473;2,3057476
202000012966;26;1;2020;18:40;5;76;76255;2;1;2;1;Route d'Eu;50,0538670;1,3950170
202000012984;28;2;2020;14:00;1;34;34337;2;3;1;3;156 Chemin de la Mosson;43,5351310;3,8620160
202000012988;29;2;2020;14:10;1;95;95151;1;1;6;2;RD 3 ;49,0582646;2,2773966
202000012991;26;1;2020;12:30;1;40;40282;2;1;1;2;5 Avenue de l'Armagnac;43,7713300; -0,5696900
202000013031;28;2;2020;19:20;2;974;97408;2;4;2;3;11 Rue de la Roche Glisse; -20,9656137;55,3325753
202000013072;25;1;2020;13:30;1;976;97611;2;1;1;3;vahibe-Vietnam (rue); -12,7876600;45,1744400
202000013082;24;1;2020;12:05;1;91;91479;2;2;1;3;ALEXANDRE DUMAS (AVENUE);48,7104100;2,3590200
202000013096;16;7;2020;07:35;1;974;97407;1;9;1;3;COMPAGNIE DES INDES (BD DE LA) ; -20,9453500;55,3244800
202000013108;13;7;2020;12:15;1;80;80021;2;1;1;3;PAUL CLAUDEL (AVENUE);49,8755200;2,2785400
202000013122;22;6;2020;19:15;1;44;44109;2;1;1;6;AllÃ©e Brancas;47,2139010; -1,5557070
202000013153;15;7;2020;18:00;1;75;75113;2;3;1;3;BOULEVARD VINCENT AURIOL;48,8347220;2,3669800
202000013156;16;7;2020;18:30;1;75;75109;2;7;1;6;RUE DE BRUXELLES;48,8830580;2,3294130
202000013159;16;7;2020;13:20;1;75;75104;2;1;1;7;RUE DU RENARD;48,8580710;2,3517670
202000013160;16;7;2020;14:35;1;94;94068;2;2;1;3;DOCTEUR ROUX (R DU);48,7872360;2,4885210
202000013161;16;7;2020;18:05;1;94;94046;2;4;1;3;REPUBLIQUE (AV DE LA);48,8006640;2,4306930
202000013195;16;7;2020;12:00;1;42;42092;2;2;1;3;Rue du 8 Mai;45,4857930;4,3795060
202000013197;15;7;2020;20:40;1;44;44056;2;3;1;3;Rue des Sports;47,4092200; -1,7946450
202000013200;12;7;2020;15:10;1;26;26243;2;4;1;6;445 Montee de la Commanderie;44,5338810;5,0115140
202000013203;16;7;2020;18:30;1;14;14406;2;3;7;3;1 Chemin de la Baronnie;49,2527610; -0,5609090
202000013212;17;7;2020;11:45;1;85;85023;1;1;1;2;D19;46,5379500; -1,1987700
202000013229;14;9;2020;09:20;1;44;44209;1;1;7;2;D49;47,3298100; -1,6571840
202000013231;15;9;2020;15:55;1;38;38442;1;1;1;6;pic de l'oreillette;45,3488650;5,7805900
202000013232;15;9;2020;16:05;1;38;38442;1;1;1;6;Les Marrons;45,3232040;5,7947090
202000013234;13;9;2020;02:00;3;40;40182;1;1;1;2;D66;44,0704280; -1,1726400
202000013239;11;9;2020;12:00;1;14;14365;2;2;1;3;Avenue Henri de Blagny;49,3014200; -0,3295940
202000013242;16;7;2020;17:51;1;69;69179;1;1;1;2;Route de Mornant;45,5908140;4,7273540
202000013254;17;7;2020;01:40;4;02;02282;1;1;1;2;D1044;49,5559810;3,7085290
202000013266;12;9;2020;19:45;2;69;69387;2;1;1;3;LECLERC                             (AV);45,7448900;4,8308600
202000013290;13;5;2020;15:45;1;59;59588;1;4;1;3;BRANCHE VC 5;51,0226300;2,4196900
202000013300;13;9;2020;21:50;5;59;59350;2;1;1;2;TOURNAI PONT DE;50,6223100;3,0899000
202000013305;14;7;2020;10:30;1;69;69381;2;1;1;2;ST VINCENT                          (QU);45,7679018;4,8208655
202000013313;13;9;2020;12:53;1;29;29039;2;6;1;6;Avenue Robert Jan;47,8778459; -3,9250284
202000013316;13;9;2020;09:28;1;17;17306;2;6;7;-1;HEDDE (AVENUE DANIEL);45,6364400; -1,0287200
202000013319;13;7;2020;17:35;1;85;85191;2;2;1;3;Boulevard StÃ©phane Moreau;46,6640300; -1,4111600
202000013343;15;7;2020;13:00;1;57;57463;2;1;1;3;MERCY (RUE DE );49,0920000;6,2460000
202000013346;12;9;2020;11:00;1;75;75120;2;2;1;6;BOULEVARD DAVOUT;48,8490620;2,4115360
202000013348;13;9;2020;16:10;1;75;75119;2;3;1;2;RUE DAVID D ANGERS;48,8825950;2,3904320
202000013349;15;7;2020;18:39;1;51;51454;2;1;1;7;Place du Forum;49,2562440;4,0336432
202000013350;12;9;2020;21:10;5;75;75118;2;3;1;3;BOULEVARD ORNANO;48,8926950;2,3488260
202000013352;13;9;2020;10:45;1;75;75113;2;1;1;3;QUAI D AUSTERLITZ;48,8402580;2,3702100
202000013353;13;9;2020;17:00;1;75;75112;2;1;1;3;AVENUE DE GRAVELLE;48,8240850;2,4267540
202000013356;13;9;2020;15:20;1;75;75101;2;3;1;3;BOULEVARD DE SEBASTOPOL;48,8629180;2,3506940
202000013357;13;9;2020;12:00;1;75;75101;2;1;1;7;SOUTERRAIN TUILERIES;48,8609670;2,3292590
202000013358;13;9;2020;08:15;1;75;75101;2;2;1;3;RUE DE RIVOLI;48,8609300;2,3408600
202000013361;13;9;2020;18:25;1;93;93051;2;3;1;1;HETRES;48,8295100;2,5606000
202000013379;14;9;2020;09:10;1;65;65272;1;1;1;2;RD 817;43,1999480;0,1951900
202000013386;14;9;2020;11:30;1;80;80533;2;6;1;3;D925;50,0599730;1,4089750
202000013394;13;9;2020;12:20;1;29;29235;2;1;1;7;Boulevard LÃ©opold Maissin;48,3955180; -4,4175350
202000013409;13;9;2020;16:40;1;21;21256;1;1;1;2;Rue de Bourgogne;47,3236503;5,3081775
202000013413;13;9;2020;16:30;1;87;87046;1;4;7;3;D10;45,8251810;1,0453370
202000013415;13;9;2020;19:00;1;52;52470;2;3;1;3;1 Grande Rue;47,9917450;5,7380660
202000013416;14;9;2020;08:40;1;88;88468;2;3;7;3;35 Avenue de Verdun;47,8835820;6,7578420
202000013425;13;9;2020;09:30;1;29;29233;1;1;1;2;Gare de la Foret;47,8434970; -3,5789900
202000013433;10;9;2020;11:30;1;71;71453;1;9;1;7;les tÃªtes;46,2476645;4,0527548
202000013468;12;9;2020;09:10;1;69;69386;2;2;1;1;BROTTEAUX (DES)                     (BD);45,7691421;4,8570241
202000013472;12;9;2020;18:25;1;69;69034;2;1;1;3;MARGNOLLES (DE)                     (R );45,7887800;4,8447700