Num_Acc;jour;mois;an;hrmn;lum;dep;com;agg;int;atm;col;adr;lat;long
202000013483;14;6;2020;14:20;1;73;73178;1;1;1;3;D911;45,6944970;6,1272810
202000013507;14;6;2020;18:40;5;971;97101;1;1;1;3;Rue des Orangers;16,2917300; -61,4906500
202000013522;15;6;2020;13:05;1;76;76351;2;1;1;-1;REPUBLIQUE (COURS DE LA);49,4930400;0,1243300
202000013526;15;6;2020;18:00;1;68;68224;2;1;2;1;Rue de Thann;47,7495600;7,3065000
202000013527;15;6;2020;17:40;1;68;68224;2;3;1;3;KINGERSHEIM (RUE DE);47,7653290;7,3251520
202000013528;13;6;2020;16:00;1;67;67365;2;1;1;3;BOHRIE (ALLEE DU);48,5486600;7,7009300
202000013529;12;6;2020;15:20;1;67;67482;2;3;1;3;NEUHOF (ROUTE);48,5518000;7,7661500
202000013532;15;6;2020;11:52;1;64;64483;2;1;1;3;LARRAMENDY PIERRE (AVENUE);43,3848300; -1,6615600
202000013540;14;6;2020;12:10;1;54;54328;2;6;1;3;RD 570;48,6189122;6,1768306
202000013555;15;6;2020;07:55;1;31;31557;2;1;1;1;MARQUISAT (AV DU);43,5693500;1,3333600
202000013571;15;6;2020;16:10;1;75;75119;2;1;1;3;AVENUE SIMON BOLIVAR;48,8761180;2,3807590
202000013574;15;6;2020;16:45;1;75;75113;2;1;1;3;RUE ESQUIROL;48,8350710;2,3604140
202000013577;15;6;2020;18:50;1;75;75104;2;1;1;6;RUE SAINT ANTOINE;48,8550770;2,3610320
202000013583;15;6;2020;15:15;1;94;94069;2;1;8;3;MARECHAL LECLERC (R DU);48,8171300;2,4536000
202000013601;16;6;2020;09:50;1;12;12197;2;1;1;3;68 Avenue d'Albi;44,0351860;2,5289690
202000013605;14;6;2020;11:15;1;30;30334;1;2;1;1;D979;44,0409280;4,4070200
202000013615;16;6;2020;16:45;1;38;38124;1;1;1;-1;Route de Bugnon;45,6034840;5,5488750
202000013617;16;6;2020;15:15;1;70;70137;1;1;1;2;D49;47,5162590;6,3577370
202000013632;16;6;2020;09:00;1;34;34157;1;2;1;3;Le Farlet;43,4641960;3,5521250
202000013633;16;6;2020;11:15;1;83;83077;1;1;1;2;D554;43,3031790;5,9870980
202000013678;15;8;2020;12:45;1;54;54265;2;1;1;3;ERABLES (AVENUE DES);48,6432300;6,1838800
202000013698;14;8;2020;19:05;1;94;94041;2;1;8;3;PAUL VAILLANT COUTURIER (BD);48,8174140;2,3987440
202000013731;13;8;2020;18:25;1;83;83034;2;9;1;3;AVENUE DE FONT BRUN;43,0885000;6,0708000
202000013735;12;8;2020;19:00;1;67;67482;2;8;8;3;AMELIE DE BERCKHEIM (RUE);48,6020380;7,7851600
202000013748;12;8;2020;11:19;1;54;54431;2;6;1;3;RD958a;48,8926812;6,0519337
202000013749;12;8;2020;22:05;5;50;50129;2;2;3;3;JAURES (PLACE JEAN);49,6338100; -1,6223600
202000013752;14;8;2020;14:20;1;45;45208;2;3;1;3;Avenue du GÃ©nÃ©ral de Gaulle;48,0045000;2,7373000
202000013754;14;8;2020;08:45;1;38;38185;2;1;1;1;Rue du 19 Mars 1962;45,1886800;5,7442100
202000013755;14;8;2020;18:48;1;37;37261;2;1;1;-1;LOIRE (ALLEE DE LA);47,4010979;0,6998000
202000013760;14;8;2020;13:15;1;33;33249;2;1;1;2;QUAI CARRIET;44,8841300; -0,5302700
202000013763;14;8;2020;11:55;1;33;33529;2;3;1;7;PYLA (BD DU);44,6335100; -1,1621200
202000013764;14;8;2020;09:05;1;33;33009;2;4;1;3;PLAGE (BD DE LA) DU 01 AU 53;44,6563300; -1,1472200
202000013772;13;8;2020;18:28;1;17;17300;2;1;2;-1;PRUNIER   QUAI LOUIS;46,1530600; -1,1500000
202000013788;14;8;2020;19:50;1;75;75106;2;5;1;3;RUE DE VAUGIRARD;48,8450960;2,3201150
202000013797;13;8;2020;13:20;1;75;75110;2;4;1;3;RUE DU FAUBOURG SAINT MARTIN;48,8788610;2,3623020
202000013799;14;8;2020;13:10;1;75;75104;2;3;1;7;RUE SAINT ANTOINE;48,8533840;2,3676490
202000013831;14;8;2020;17:20;1;32;32391;1;1;1;7;Laliboy;43,9955310;0,5683170
202000013839;15;8;2020;16:30;1;31;31390;2;1;1;6;Place de l'Orme;43,0843460;0,5741970
202000013852;14;8;2020;19:30;1;38;38530;1;1;7;2;Rue de la Commanderie le Temple;45,6112640;5,2023700
202000013854;10;8;2020;11:20;1;33;33005;2;2;1;3;Boulevard du MarÃ©chal Juin;44,7328060; -1,0792380
202000013860;11;10;2020;07:04;5;75;75119;2;3;1;1;RUE DE LA SOLIDARITE;48,8828410;2,3894320
202000013863;10;10;2020;11:20;1;75;75119;2;3;1;5;QUAI DE L OISE;48,8923630;2,3854380
202000013865;11;10;2020;13:20;1;75;75117;2;2;1;3;BOULEVARD BESSIERES;48,8943440;2,3136480
202000013870;11;10;2020;02:50;5;75;75109;2;3;2;7;BOULEVARD DE CLICHY;48,8829920;2,3348720
202000013872;11;10;2020;16:00;1;75;75104;2;3;1;3;QUAI DE L HOTEL DE VILLE;48,8553500;2,3527600
202000013876;11;10;2020;16:52;1;94;94046;2;9;1;3;PROFESSEUR CADIOT (AV DU);48,8050800;2,4318100
202000013946;10;10;2020;18:35;1;69;69387;2;3;1;1;FILLON                              (QU);45,7177000;4,8260400
202000013947;10;10;2020;07:15;5;69;69383;2;1;2;3;FELIX FAURE                         (AV);45,7537600;4,8598400
202000013957;10;10;2020;20:20;5;73;73008;2;1;8;3;VICTORIA PASSAGE;45,6892140;5,9080680
202000013979;10;10;2020;14:00;1;06;06069;2;6;1;2;GARAGAI (CHEMIN DU);43,6446250;6,9778830
202000013985;10;10;2020;20:40;5;75;75118;2;3;1;3;RUE DOUDEAUVILLE;48,8889120;2,3582230
202000013986;10;10;2020;19:40;5;75;75117;2;3;1;1;AVENUE DE CLICHY;48,8850400;2,3267320
202000013990;10;10;2020;14:40;1;75;75116;2;4;1;3;ROUTE DE LA MUETTE A NEUILLY;48,8640350;2,2670390
202000013994;10;10;2020;17:30;1;75;75113;2;3;1;3;QUAI DE LA GARE;48,8367400;2,3743560
202000013998;10;10;2020;17:40;1;75;75107;2;2;1;3;QUAI D ORSAY;48,8628230;2,3134590
202000013999;10;10;2020;17:20;1;75;75104;2;3;1;6;RUE DE RIVOLI;48,8552320;2,3611160
202000014039;11;10;2020;08:50;2;02;02820;1;6;1;3;Rue de l'Ecluse;49,6336460;3,2655570
202000014050;9;10;2020;16:15;1;68;68375;2;1;1;3;19 Rue de Reiningue;47,8047360;7,2376000
202000014073;18;12;2020;22:30;5;75;75117;2;1;1;7;AVENUE STEPHANE MALLARME;48,8868090;2,2936490
202000014080;25;12;2020;18:18;5;92;92064;2;1;1;3;PASTEUR;48,8418530;2,2020990
202000014094;23;12;2020;13:55;1;12;12086;1;1;1;2;D512;44,1776720;3,1258030
202000014106;26;12;2020;14:00;1;37;37050;2;2;1;1;rue monod;47,3468560;0,7071738
202000014114;20;11;2020;17:15;2;971;97117;1;9;1;2;Route de Neron;16,3279230; -61,3961510
202000014128;24;12;2020;11:15;1;69;69383;2;2;1;3;LAFAYETTE                           (CO);45,7635903;4,8429344
202000014134;24;12;2020;13:45;1;91;91434;2;6;3;3;CORBEIL (ROUTE DE);48,6620600;2,3406300
202000014156;24;12;2020;14:15;1;49;49007;2;1;1;7;RECULEE HAUTE;47,4833365; -0,5532675
202000014157;24;12;2020;11:28;1;49;49007;2;1;1;3;Rue de la Madeleine;47,4620300; -0,5412900
202000014168;23;12;2020;19:25;5;31;31149;2;1;1;3;ESPLANADE FRANCOIS MITTERRAND ;43,6057000;1,3356600
202000014201;24;12;2020;18:00;5;94;94041;2;1;2;3;VERDUN (AV DE);48,8116361;2,3713045
202000014204;18;12;2020;09:50;1;94;94017;2;6;1;6;ALFRED GREVIN (R);48,8149200;2,5199700
202000014224;16;12;2020;13:00;1;31;31377;1;1;6;6;D25;43,4319170;1,7256640
202000014227;24;12;2020;18:10;3;50;50077;1;1;6;3;RD 116;49,6603290; -1,5103730
202000014232;25;12;2020;19:45;5;988;98805;2;1;1;3;Avenue d'Auteuil; -22,2054790;166,4766780
202000014251;19;11;2020;06:50;5;33;33200;2;6;2;2;MAGUDAS (AVE DE);44,8585000; -0,6774300
202000014256;19;11;2020;18:23;5;17;17300;2;1;1;3;MOULIN   AVENUE JEAN;46,1530500; -1,1394500
202000014261;19;11;2020;08:15;1;13;13001;2;6;1;2;GAUTIER DE LA LAUZIERE J.P (RUE);43,4824040;5,3650812
202000014271;18;11;2020;21:40;5;75;75115;2;2;1;3;QUAI BRANLY;48,8545800;2,2888500
202000014274;19;11;2020;18:40;1;75;75110;2;1;2;2;RUE DU FAUBOURG SAINT DENIS;48,8837840;2,3592180
202000014277;19;11;2020;10:00;1;75;75101;2;2;1;3;QUAI DE LA MEGISSERIE;48,8572200;2,3470980
202000014280;19;11;2020;19:50;5;94;94080;2;1;1;6;FONTENAY (R DE);48,8479000;2,4430900
202000014297;18;11;2020;18:17;3;92;92019;2;1;1;6;PLESSIS PIQUET (ROUTE DU);48,7694700;2,2479900
202000014332;19;11;2020;14:10;1;987;98729;1;1;2;2;RT 91; -17,4819310; -149,8007995
202000014377;10;11;2020;06:35;5;68;68297;2;1;1;3;HUNINGUE ( RUE DE );47,5860200;7,5610500
202000014378;18;11;2020;07:30;2;64;64348;2;1;1;3;FREDERIC ET IRENE JOLIOT CURIE;43,3045432; -0,4193580
202000014393;17;11;2020;08:40;1;29;29039;2;1;1;7;D322 - Rue de TrÃ©gunc;47,8732900; -3,9051300
202000014408;18;11;2020;16:15;1;75;75112;2;1;1;6;RUE TRAVERSIERE;48,8484420;2,3741800
202000014412;18;11;2020;16:15;1;75;75116;2;1;1;2;BOULEVARD LANNES;48,8635710;2,2689830
202000014413;18;11;2020;16:20;1;75;75116;2;2;1;3;AVENUE KLEBER;48,8650430;2,2887110
202000014416;18;11;2020;10:52;1;75;75117;2;7;1;3;AVENUE DE VILLIERS;48,8825080;2,3105270
202000014454;11;5;2020;16:55;1;70;70310;2;9;3;3;2 Rue Jean Girardot;47,6780660;6,5065400
202000014457;11;5;2020;12:20;1;69;69278;2;6;1;3;rond point de la dombe;45,8967000;4,8197000
202000014474;9;5;2020;19:30;1;75;75120;2;1;1;3;BOULEVARD DE CHARONNE;48,8569920;2,3937260
202000014480;9;5;2020;22:10;5;93;93063;2;1;2;1;AV PAUL VAILLANT COUTURIER;48,8850900;2,4345300
202000014485;9;5;2020;13:50;1;35;35024;2;1;1;1;11 Rue de Rome;48,1794262; -1,6618252
202000014487;10;5;2020;08:40;1;71;71158;2;1;1;3;Chemin du Colombier;46,5596106;4,9970774
202000014489;8;5;2020;18:57;1;12;12148;2;3;7;3;Chemin des GlandoliÃ¨res;44,4804630;2,2248440
202000014490;10;5;2020;15:45;1;68;68208;2;1;1;7;15 Rue de la LibertÃ©;47,5647570;7,4411070
202000014495;9;5;2020;14:20;1;73;73262;1;3;1;3;D 1212;45,8136210;6,5080444
202000014514;7;5;2020;18:00;1;62;62893;2;9;1;6;C.D. 940;50,7611700;1,6063900
202000014516;7;5;2020;11:40;1;37;37261;2;1;1;6;JEMMAPES (RUE);47,4219700;0,6833264
202000014520;8;5;2020;16:40;1;75;75119;2;1;1;7;RUE DE CRIMEE;48,8805130;2,3884150
202000014521;8;5;2020;12:45;1;75;75117;2;1;1;6;AVENUE DE CLICHY;48,8894970;2,3221020
202000014522;7;5;2020;17:55;1;75;75117;2;1;1;-1;BOULEVARD BERTHIER;48,8929930;2,3100280
202000014524;8;5;2020;18:00;1;94;94068;2;1;1;7;CHAMPIGNY (BD DE);48,8062700;2,5089100
202000014531;8;5;2020;08:02;1;92;92062;1;9;1;7;PASSAGE DE L'ARCHE;48,8918000;2,2363000
202000014558;6;5;2020;17:00;1;974;97407;2;6;1;3;14 JUILLET 1789(AVENUE DU); -20,9325400;55,2947500
202000014562;3;5;2020;17:00;1;69;69034;2;1;1;3;SOEUR VIALLY (DE LA)                (MO);45,7866800;4,8451000
202000014571;6;5;2020;08:40;1;64;64024;2;1;1;7;BAYONNE (AVENUE DE);43,4821900; -1,5061900
202000014573;6;5;2020;15:45;1;54;54580;2;1;1;2;RUE RAONI METUKTIRE;49,4610700;5,9194500
202000014587;7;5;2020;16:00;1;75;75116;2;7;1;3;AVENUE FOCH;48,8737220;2,2940680
202000014588;7;5;2020;19:10;1;75;75112;2;2;1;6;RUE HECTOR MALOT;48,8461370;2,3760540
202000014590;6;5;2020;08:50;1;94;94068;2;2;1;3;ALBERT 1ER (AV);48,8029400;2,4854200
202000014593;6;5;2020;16:10;1;94;94021;2;1;1;3;PEPINIERE (SQ DE LA);48,7677000;2,3662400
202000014594;7;5;2020;16:20;1;94;94033;2;6;1;1;LOUISON BOBET (AV);48,8524500;2,4907600
202000014633;6;5;2020;19:27;1;69;69029;2;1;1;3;GENAS (DE)                          (RO);45,7486600;4,9159400
202000014658;25;1;2020;20:55;5;75;75119;2;4;1;3;RUE DES DUNES;48,8752305;2,3786499
202000014660;25;1;2020;10:50;1;75;75116;2;2;5;-1;RUE CHARDON LAGACHE;48,8414290;2,2637880
202000014692;25;1;2020;10:00;1;31;31517;1;1;1;-1;Le Major;43,3323211;1,3774222
202000014703;25;1;2020;11:15;1;69;69117;2;1;1;3;route de Chasselay - au niveau du numÃ©ro 3;45,8711914;4,7459811
202000014725;24;1;2020;15:00;1;972;97209;1;3;1;3;MOI LAMINAIRE (RUE);14,6001500; -61,0430100
202000014735;24;1;2020;09:17;1;87;87085;1;2;1;3;COUDERT (RUE DU);45,8340500;1,2155100
202000014739;22;1;2020;14:00;1;79;79191;2;3;1;3;18 Avenue Salvador Allende;46,3268670; -0,4880150
202000014746;24;1;2020;07:40;2;67;67482;2;3;1;3;COLMAR (AVENUE DE);48,5489852;7,7412657
202000014747;20;1;2020;14:30;1;67;67482;2;3;1;3;RHIN (AVENUE DU);48,5711580;7,7733900
202000014770;23;1;2020;13:20;1;38;38185;2;1;1;2;Rue de Stalingrad;45,1757900;5,7259100
202000014772;24;1;2020;14:20;1;37;37261;2;6;1;-1;LOUIS XI (ROND-POINT);47,3748341;0,6712491
202000014773;24;1;2020;12:20;1;35;35238;2;3;8;1;BERNANOS (PLACE GEORGES);48,1233110; -1,6599880
202000014786;12;1;2020;14:05;1;07;07231;2;3;1;1;Vieux Stade (Chemin du);44,6028700;4,3822700
202000014810;24;1;2020;15:35;1;75;75102;2;3;1;3;BOULEVARD POISSONNIERE;48,8709323;2,3459297
202000014811;22;1;2020;21:50;4;75;75102;2;2;1;3;BOULEVARD POISSONNIERE;48,8706888;2,3479119
202000014812;24;1;2020;08:45;2;94;94043;2;2;8;3;FONTAINEBLEAU (AV DE);48,8145500;2,3608700
202000014820;21;1;2020;10:30;1;93;93039;2;3;1;1;PONT DE SAINT OUEN / QU DU CHATELIER;48,9191800;2,3280200
202000014829;24;1;2020;13:00;1;92;92051;2;1;1;2;PARMENTIER (RUE);48,8834955;2,2812469
202000014844;15;7;2020;08:50;1;35;35238;2;6;1;3;YOUGOSLAVIE (BD DE);48,0876554; -1,6510570
202000014851;14;7;2020;13:45;1;33;33009;2;1;1;3;GAMBETTA (AVE) DU 01 AU 35;44,6623500; -1,1685400
202000014857;15;7;2020;20:55;1;30;30189;2;1;1;1;THALES (RUE OU PLACE);43,8307700;4,3320200
202000014863;23;2;2020;13:30;1;42;42094;2;1;1;3;24 Rue de la RÃ©publique;45,7437600;4,2250910
202000014867;15;7;2020;11:10;1;17;17380;2;2;1;1;GRANDE COTE (AVENUE DE LA);45,6465000; -1,1017500
202000014892;15;7;2020;09:07;1;75;75106;2;3;1;3;PLACE SAINT SULPICE;48,8512590;2,3337920
202000014894;15;7;2020;19:45;1;75;75120;2;1;1;3;BOULEVARD DAVOUT;48,8480980;2,4111250
202000014900;28;2;2020;18:00;1;29;29124;2;1;8;1;Rue Francis Guezennec;48,5774700; -4,3122410
202000014908;15;7;2020;14:10;1;75;75116;2;1;1;1;RUE MIRABEAU;48,8458440;2,2685450
202000014921;15;7;2020;11:18;1;75;75109;2;5;1;2;BOULEVARD HAUSSMANN;48,8719610;2,3400390
202000014929;15;7;2020;18:00;1;93;93070;2;1;1;3;MICHELET (AVE) : DU 1 AU 103;48,9080840;2,3442570
202000014945;15;7;2020;08:30;1;92;92044;2;1;1;2;LEVALLOIS( PONT DE);48,8992000;2,2785000
202000014998;15;7;2020;17:35;1;72;72031;1;9;1;2;Aire d'acueil des gens du voyage - D33;48,0686140;0,4892190
202000015014;16;7;2020;08:00;2;34;34299;1;6;1;2;Chemin du Thou;43,2513300;3,2737760
202000015029;10;7;2020;11:15;1;73;73116;1;1;1;6;D926;45,2313117;6,3054520
202000015059;13;7;2020;01:00;3;83;83069;1;9;1;6;SAINT LAZARE ( CHEMIN );43,1118700;6,1789000
202000015063;12;7;2020;11:20;1;77;77132;1;1;1;-1;D934;48,8814400;2,7882200
202000015065;13;7;2020;14:30;1;74;74281;2;1;1;2;CORNICHE (BD DE LA) SUPERIEUR NÂ°20;46,3626400;6,4519100
202000015078;13;7;2020;20:30;1;59;59599;2;3;1;3;POMPIDOU (AVENUE GEORGES);50,7175300;3,1566500
202000015083;14;7;2020;22:50;5;45;45234;2;2;2;3;Rue Royale;47,8980214;1,9042462
202000015116;14;7;2020;15:25;1;75;75102;2;2;8;3;BOULEVARD DE SEBASTOPOL;48,8633980;2,3509560
202000015129;11;7;2020;22:20;4;92;92050;2;1;1;3;PAQUERETTES RUE DES;48,9079600;2,2139400
202000015135;14;7;2020;19:30;1;92;92023;2;1;1;7;JEAN BAPTISTE CLEMENT (AVENUE);48,7942324;2,2662775
202000015153;5;7;2020;10:50;1;19;19177;1;1;1;7;D17;45,2851840;1,2932110
202000015154;15;7;2020;12:30;1;79;79014;1;1;1;7;;47,0487650; -0,2461400
202000015176;14;7;2020;20:15;1;73;73312;2;2;1;3;Route des Collets;45,6530220;6,3153680
202000015183;15;7;2020;09:50;1;85;85008;1;1;1;3;D 12;46,5660530; -1,4705050
202000015211;12;9;2020;17:20;1;78;78486;2;3;1;2;PERCHE AUX MARES (RUE DE LA);48,6898900;1,8591000
202000015216;12;9;2020;13:50;1;71;71270;2;1;1;3;Carrefour 1Ã¨re ArmÃ©e-Route de Lyon;46,2948409;4,8199119
202000015222;11;9;2020;17:55;1;56;56121;2;1;1;-1;CARNEL (RUE  DE );47,7400200; -3,3687800
202000015223;12;9;2020;12:20;1;54;54357;2;1;1;3;REPUBLIQUE (RUE DE LA);48,7129568;6,1597493
202000015248;12;9;2020;10:30;1;06;06069;1;1;1;7;CABRIS (ROUTE DE);43,6685030;6,8998080
202000015256;11;9;2020;23:30;5;75;75117;2;4;1;3;AVENUE MAC MAHON;48,8779150;2,2943390
202000015257;12;9;2020;08:40;1;75;75115;2;3;1;3;BOULEVARD LEFEBVRE;48,8311830;2,2918470
202000015258;12;9;2020;21:20;5;75;75112;2;5;1;6;BOULEVARD DIDEROT;48,8459030;2,3743470
202000015259;12;9;2020;14:30;1;75;75112;2;1;1;4;AVENUE DAUMESNIL;48,8361270;2,4050560
202000015264;12;9;2020;15:35;1;75;75108;2;1;1;6;COURS ALBERT 1ER;48,8648890;2,3071520
202000015269;12;9;2020;15:35;1;94;94081;2;1;1;6;COMMUNE DE PARIS (AV DE LA);48,7890800;2,3882800
202000015277;12;9;2020;16:20;1;93;93047;2;1;1;3;HENRI BARBUSSE  (RUE);48,9005621;2,5679710
202000015293;9;9;2020;14:40;1;01;01399;2;1;1;-1;733 Route Blanche;46,2960690;6,0757940
202000015301;13;9;2020;11:45;1;57;57226;2;1;1;1;Rue de Verdun;49,3567300;5,9974560
202000015303;13;9;2020;09:15;1;74;74225;2;3;1;3;Boulevard Louis Dagand (Pont);45,8668390;5,9388240
202000015304;12;9;2020;20:30;3;77;77509;1;1;1;2;D201;48,4788390;3,0517960
202000015315;12;9;2020;08:29;2;38;38070;2;6;1;3;Route de Grenoble;45,2802620;5,9307290
202000015318;13;9;2020;09:00;1;84;84114;2;1;1;7;152 Traverse du Luberon;43,8790300;5,2161780
202000015319;11;9;2020;18:30;1;03;03214;2;1;1;7;Champ de la Croix;46,4236424;3,0332613
202000015351;12;9;2020;13:55;1;13;13062;1;1;1;3;2156 Route du GÃ©ant;43,4235000;5,4850790
202000015353;12;9;2020;09:50;1;68;68135;1;6;1;3;D105;47,5727760;7,5005940
202000015378;26;2;2020;09:00;1;75;75111;2;4;1;3;RUE POPINCOURT;48,8585700;2,3765130
202000015403;11;9;2020;08:00;1;82;82121;2;6;1;3;GOUZE(boulevard h);44,0043764;1,3621013
202000015417;14;6;2020;13:30;1;25;25056;2;2;1;3;MICHEL  AVENUE LOUISE;47,2354300;6,0157800
202000015425;13;6;2020;17:10;1;03;03185;2;1;1;3;Avenue Jean NÃ¨gre;46,3485812;2,5829981
202000015436;14;6;2020;18:55;1;94;94052;2;9;1;1;STRASBOURG (BD DE);48,8464500;2,4913500
202000015440;13;6;2020;19:10;1;92;92050;2;2;1;3;RENAN ERNEST RUE;48,8930953;2,1871832
202000015451;14;6;2020;09:15;1;56;56055;2;1;1;3;Boulevard Charles de Gaulle;47,6555440; -3,2028200
202000015454;15;6;2020;09:40;1;82;82134;2;6;1;2;giratoire RD 115 / RD35;44,0720510;1,5234670
202000015461;15;6;2020;08:50;1;03;03036;2;3;1;3;Rue de la RÃ©publique;46,5850252;3,0579949
202000015476;15;6;2020;09:55;1;69;69244;2;6;1;3;32 Avenue de la RÃ©publique;45,7640593;4,7816672
202000015483;14;6;2020;10:45;1;34;34276;1;1;1;3;D1;43,7748490;3,8676010
202000015487;14;6;2020;11:00;1;71;71062;1;1;1;3;D222;46,9267620;4,2516450
202000015489;14;6;2020;13:30;1;50;50611;1;1;1;1;chemin de gardier le vivier;49,6642040; -1,7524590
202000015492;15;6;2020;06:45;1;27;27412;2;1;1;2;356 Rue de la LibÃ©ration;49,2366437;1,0884856
202000015529;13;6;2020;16:56;1;10;10387;2;4;2;3;BAS TREVOIS (RUE DES);48,2934500;4,0791000
202000015535;13;6;2020;02:20;5;75;75119;2;1;1;2;RUE LOUISE THULIEZ;48,8775590;2,3947940
202000015536;13;6;2020;02:38;5;75;75119;2;1;1;6;BOULEVARD DE LA VILLETTE;48,8792400;2,3704330
202000015542;13;6;2020;09:20;1;75;75114;2;1;8;3;BOULEVARD JOURDAN;48,8228810;2,3274320
202000015545;13;6;2020;02:55;5;75;75110;2;1;1;2;RUE DE LANCRY;48,8721770;2,3628500
202000015550;13;6;2020;16:15;1;75;75101;2;1;1;6;VOIE GEORGES POMPIDOU;48,8588110;2,3400540
202000015552;13;6;2020;11:00;1;94;94052;2;1;1;3;JOINVILLE (AV DE);48,8313522;2,4691608
202000015562;13;6;2020;14:20;1;92;92050;2;1;8;2;CLEMENCEAU GEORGES AVENUE NÂ°IMPAIR;48,8868398;2,2033060
202000015572;13;6;2020;20:00;2;91;91573;2;9;8;3;Rond-point du Fresne;48,6158110;2,5090560
202000015577;13;6;2020;19:45;1;80;80415;2;2;1;1;D41;49,7548420;2,6038300
202000015583;14;6;2020;14:30;1;42;42138;1;3;1;3;Route de Bellegarde;45,6461330;4,3527960
202000015601;14;8;2020;15:53;1;54;54397;2;3;1;-1;Rue de CumÃ¨ne;48,6144060;6,1170030
202000015620;14;8;2020;07:20;1;988;98818;2;6;1;3;ANDREDE BECHADE/AVENUE BONAPARE; -22,2426100;166,4610200
202000015621;13;8;2020;17:30;1;69;69386;2;3;2;1;MARECHAL LYAUTEY (DU)               (PL);45,7693000;4,8411000
202000015630;12;8;2020;08:05;1;87;87085;1;1;1;7;COUDERT (ECHANGEUR DU);45,8343800;1,2154100
202000015639;12;8;2020;12:10;1;71;71076;2;1;1;3;LEDRU ROLLIN (RUE);46,7855952;4,8366827
202000015643;12;8;2020;15:45;1;67;67267;2;9;2;3;PRESIDENT ROBERT SCHUMANN (AVENUE);48,5603800;7,6929600
202000015646;11;8;2020;08:20;1;62;62276;1;3;1;3;boulevard de l ouest;50,5212720;2,8334050
202000015661;12;8;2020;13:35;1;38;38185;2;1;1;1;Avenue Marcelin Berthelot;45,1732100;5,7318500
202000015665;13;8;2020;21:00;2;33;33063;2;2;1;3;RUE LEYTEIRE;44,8308690; -0,5698170
202000015666;11;8;2020;17:55;1;31;31149;2;1;1;1;ALLEE D'OCCITANIE;43,6105350;1,3337150
202000015668;10;8;2020;22:05;1;22;22360;2;1;1;2;FONTENELLE (RUE DE LA);48,4956400; -2,7363900
202000015675;12;8;2020;18:33;1;75;75106;2;2;1;3;BOULEVARD RASPAIL;48,8420790;2,3295440
202000015676;12;8;2020;16:45;1;75;75116;2;2;1;3;AVENUE DE NEUILLY;48,8784410;2,2798310
202000015677;12;8;2020;10:11;1;75;75116;2;1;1;6;AVENUE PAUL DOUMER;48,8587060;2,2759250
202000015683;13;8;2020;17:55;1;93;93049;2;3;1;3;FAUVETTES (AVENUE) J-BACHELET->BEL AIR;48,8699500;2,5055300
202000015686;13;8;2020;11:00;1;93;93005;2;1;1;1;PAUL CEZANNE (RUE);48,9524028;2,4898735
202000015690;13;8;2020;10:05;1;92;92024;2;1;1;6;MARTRE (RUE) DE (59 A 109)   (58 A 120);48,9026000;2,3066000
202000015692;12;8;2020;10:45;1;92;92004;2;1;1;3;VOLTAIRE ( BD 16 A FIN );48,9142100;2,2947900
202000015695;13;8;2020;08:56;1;40;40296;1;1;1;2;D152;43,6874260; -1,4255620
202000015699;12;8;2020;12:35;1;62;62044;2;9;1;1;2 Rue du Marais;50,4843600;1,7447105
202000015711;14;8;2020;09:30;1;34;34175;1;1;1;2;D908;43,6062510;3,3540060
202000015718;8;8;2020;14:45;1;29;29015;1;1;1;7;D52;48,4859510; -4,4689460
202000015721;13;8;2020;20:00;1;15;15044;1;1;1;7;D3;45,1389460;2,8265760
202000015741;12;8;2020;08:25;1;971;97128;1;1;1;1;DuprÃ©;16,2266810; -61,3911560
202000015754;14;8;2020;08:38;1;59;59535;2;4;5;1;Route du Parc;50,7801090;2,7379560
202000015769;11;8;2020;08:30;1;69;69385;2;1;1;2;CHOULANS (DE)                       (CH);45,7533067;4,8169969
202000015791;16;8;2020;16:15;1;27;27348;2;3;1;7;Rue de l'Andelle;49,3189360;1,1582560
202000015816;9;10;2020;06:48;1;973;97302;2;1;1;1;RABAN (ROUTE DE);4,9341114; -52,3137081
202000015829;8;10;2020;01:35;5;86;86194;2;1;1;2;Rue du Faubourg du Pont Neuf;46,5727680;0,3639710
202000015841;8;10;2020;14:28;1;67;67482;2;1;8;3;ROMAINS (ROUTE DES);48,5802400;7,7205900
202000015843;8;10;2020;20:50;3;64;64483;2;3;1;2;ITHURRALDE ANDRE (AVENUE);43,3931500; -1,6517300
202000015854;9;10;2020;13:05;1;53;53130;2;1;1;3;PARIS ( RUE DE );48,0756250; -0,7525900
202000015876;8;10;2020;12:25;1;28;28404;2;1;1;3;RD 828A;48,7190500;1,3485700
202000015881;9;10;2020;09:23;1;25;25056;2;2;1;3;FONTAINE-ARGENT AVENUE;47,2469900;6,0351500
202000015882;9;10;2020;07:55;2;17;17300;2;2;1;1;LOTI   AVENUE PIERRE;46,1622200; -1,1762000
202000015905;8;10;2020;16:12;1;75;75119;2;2;1;3;AVENUE SIMON BOLIVAR;48,8784100;2,3742540
202000015909;8;10;2020;22:40;5;75;75115;2;2;1;3;RUE DES ENTREPRENEURS;48,8456550;2,2879850
202000015913;9;10;2020;15:30;1;75;75111;2;2;1;1;RUE DU CHEMIN VERT;48,8610920;2,3811490