Num_Acc;jour;mois;an;hrmn;lum;dep;com;agg;int;atm;col;adr;lat;long
202000015914;9;10;2020;10:45;1;75;75117;2;5;8;3;BOULEVARD BESSIERES;48,8975040;2,3243100
202000015923;9;10;2020;08:56;1;93;93039;2;1;2;2;MARINE (QUAI DE LA );48,9451600;2,3324000
202000015935;9;10;2020;09:00;1;92;92049;2;3;2;3;DORMOY AVENUE MARX NÂ°2 A 100;48,8102500;2,3128300
202000015938;8;10;2020;21:35;5;92;92012;2;6;1;-1;RHIN ET DANUBE (ROND POINT);48,8407830;2,2289009
202000015946;9;10;2020;18:00;1;56;56032;2;3;1;3;Rue du Clos Doris;47,9568850; -2,2978110
202000015958;10;10;2020;12:10;1;83;83028;1;1;1;-1;Route Departementale 562;43,5740210;6,5637140
202000015975;3;9;2020;18:50;1;33;33056;2;2;1;3;3 Avenue du GÃ©nÃ©ral de Gaulle;44,9091740; -0,6385320
202000015994;24;10;2020;21:10;5;59;59350;2;3;1;-1;REPUBLIQUE PLACE DE LA;50,6317200;3,0615700
202000015995;27;7;2020;22:55;5;94;94079;2;1;1;3;GENERAL DE GAULLE (R DU);48,8267200;2,5402200
202000016015;22;12;2020;18:30;5;67;67043;2;3;2;3;ROBERTSAU (RUE DE LA);48,6133000;7,7637610
202000016026;23;12;2020;09:00;1;45;45234;2;2;8;1;Boulevard de Chateaudun-rue de Loigny;47,9085900;1,8917800
202000016028;23;12;2020;05:55;5;42;42187;2;6;1;3;Avenue de Paris;46,0479700;4,0686900
202000016091;15;12;2020;14:05;1;22;22362;2;6;1;3;Rue du Port;48,7908780; -3,2304150
202000016099;23;12;2020;12:50;1;52;52058;2;3;1;3;Rue de la Scierie;48,1994640;5,1366930
202000016100;16;12;2020;19:15;5;06;06152;1;1;1;2;Route d'Antibes;43,6254290;6,9972830
202000016106;23;12;2020;19:30;3;973;97304;1;1;1;2;RN1;5,1551460; -52,6767830
202000016109;23;12;2020;17:00;1;06;06128;1;1;1;1;Route de Cagnes;43,6914560;7,1300410
202000016148;22;12;2020;10:25;1;81;81004;2;1;1;3;LATTRE DE TASSIGNY (AV DE);43,9308900;2,1633000
202000016161;22;12;2020;09:00;1;51;51454;2;1;2;2;Boulevard Paul Doumer;49,2508009;4,0226442
202000016199;17;11;2020;08:30;1;69;69386;2;1;1;2;RENE DEROUDILLE                        (;45,7659600;4,8559700
202000016200;17;11;2020;08:00;1;69;69034;2;2;1;-1;PIERRE DREVET                       (CH);45,8061433;4,8726338
202000016206;17;11;2020;08:10;2;72;72181;2;1;1;1;DURAND GEORGES (AV) NÂ° PAIRS 312 A 460;47,9638000;0,2212000
202000016207;16;11;2020;08:00;2;72;72181;2;1;1;6;LIBERATION (AV DE LA) NÂ° PAIRS 2 A 122;48,0017400;0,1846400
202000016215;17;11;2020;07:45;2;65;65433;2;3;1;3;THOREZ (RUE MAURICE);43,2112810;0,1003280
202000016220;17;11;2020;15:20;1;59;59508;2;9;1;-1;HALLUIN (BOULEVARD D');50,7361700;3,1326800
202000016223;12;11;2020;16:07;1;37;37261;2;3;1;-1;HALLEBARDIER (RUE DU);47,3811636;0,6937640
202000016226;17;11;2020;17:23;2;17;17300;2;6;1;3;MOULIN   AVENUE JEAN;46,1517900; -1,1396600
202000016228;17;11;2020;18:05;5;13;13208;2;1;1;7;POMPIDOU (PROMENADE);43,2647250;5,3734800
202000016236;16;11;2020;10:15;1;05;05061;2;6;1;3;CARREFOUR DE L'EUROPE;44,5548390;6,0751510
202000016238;17;11;2020;10:00;1;75;75116;2;7;1;6;AVENUE DE NEW YORK;48,8641000;2,3009540
202000016240;17;11;2020;17:50;5;75;75101;2;2;1;1;RUE DE RIVOLI;48,8663950;2,3234670
202000016250;16;11;2020;07:37;2;93;93051;2;1;1;2;PIERRE BROSSOLETTE;48,8472400;2,5427400
202000016254;16;11;2020;08:44;1;92;92032;2;3;8;3;Avenue Paul Langevin;48,7832337;2,2866834
202000016262;18;11;2020;09:35;1;31;31157;2;1;1;3;12 Avenue de Plaisance;43,5399000;1,3374250
202000016273;17;11;2020;09:20;2;40;40266;2;3;1;-1;route des lacs;44,0685040; -1,2293010
202000016276;17;11;2020;15:30;1;74;74067;2;3;1;3;Chemin Branchy;45,8819800;6,0621680
202000016308;14;11;2020;14:51;1;87;87085;2;3;1;-1;SERRES (RUE OLIVIER DE);45,8441300;1,2341000
202000016309;9;11;2020;07:45;1;80;80021;2;1;2;3;RAINNEVILLE CD11  (ROUTE DE);49,9148500;2,3102300
202000016314;16;11;2020;08:50;1;76;76351;2;3;1;3;APLEMONT (AVENUE D');49,5021161;0,1848159
202000016317;13;11;2020;17:41;4;67;67482;2;3;1;3;ROBERTSAU (ALLEE DE LA);48,5863600;7,7632300
202000016321;13;11;2020;13:20;1;63;63113;2;1;1;2;AMADEO (RUE);45,7801523;3,0738951
202000016330;12;11;2020;15:58;1;49;49007;2;1;1;-1;ROI RENE BOULEVARD;47,4668500; -0,5542200
202000016334;16;11;2020;08:55;1;44;44109;2;1;1;3;RUE CORENTIN BOURVEAU;47,2274363; -1,5217780
202000016339;13;11;2020;16:49;1;31;31555;2;1;1;3;BD DE LA GARE;43,6064400;1,4565100
202000016343;16;11;2020;20:17;5;29;29019;2;1;2;2;86 Rue de Quimper;48,4008913; -4,4514485
202000016353;16;11;2020;17:55;5;75;75113;2;3;1;3;BOULEVARD KELLERMANN;48,8209860;2,3506300
202000016355;16;11;2020;13:25;1;75;75108;2;2;1;7;RUE DE COURCELLES;48,8750350;2,3092030
202000016358;10;11;2020;08:15;1;94;94081;2;1;1;1;EUGENE PELLETAN (AV);48,7927500;2,3865700
202000016378;6;5;2020;13:50;1;75;75115;2;2;1;3;RUE DE LA CONVENTION;48,8372300;2,2964360
202000016385;7;5;2020;14:45;1;41;41194;2;6;1;3;Avenue de Paris;47,3768480;1,7359580
202000016396;5;5;2020;16:00;1;63;63003;1;1;1;7;D269;45,5223300;3,7412420
202000016400;7;5;2020;16:40;1;73;73265;1;3;1;5;Route de la Foret;45,7509942;5,9760932
202000016408;30;4;2020;07:30;1;72;72154;2;1;1;1;Boulevard gambetta;47,7048630; -0,0807880
202000016420;4;5;2020;18:00;1;57;57283;2;1;1;3;AVENUE DE FRANCE;49,2507200;6,1611800
202000016437;5;5;2020;09:10;1;75;75107;2;3;2;3;QUAI D ORSAY;48,8628190;2,3134610
202000016438;5;5;2020;16:55;1;75;75101;2;3;8;6;QUAI DES TUILERIES;48,8624420;2,3251900
202000016444;6;5;2020;15:00;1;02;02131;2;9;1;3;chemin de la Fosselle;49,3909910;3,3818950
202000016467;6;5;2020;11:40;1;21;21435;1;1;1;2;D971;47,8826200;4,5640790
202000016470;5;5;2020;18:50;2;973;97307;1;1;8;2;RN 4 - route de l'aÃ©roport FÃ©lix ÃbouÃ©;4,8262710; -52,3617840
202000016487;25;2;2020;17:45;1;66;66136;2;1;1;-1;POINCARE (BOULEVARD HENRI);42,6913200;2,8962600
202000016497;5;4;2020;15:02;1;91;91021;2;3;1;3;Avenue de Verdun;48,5841500;2,2443500
202000016512;2;5;2020;19:02;1;13;13206;2;2;1;3;ARMENY (RUE D');43,2911600;5,3806700
202000016528;3;4;2020;20:15;3;971;97129;2;1;1;7;Morne Rouge;16,3053255; -61,6564513
202000016554;4;5;2020;18:20;1;74;74131;2;1;7;1;980 Route de Moisy;46,0225840;5,9252540
202000016580;22;1;2020;08:00;2;44;44183;1;2;8;3;Route de la Turballe / Route de la Bastille;47,3875930; -2,4355850
202000016581;23;1;2020;15:30;1;29;29097;2;6;7;3;Rue de la Tannerie;48,4939314; -4,0468605
202000016624;21;1;2020;08:35;1;90;90010;2;1;1;3;FERRETTE (RUE DE);47,6531510;6,8446800
202000016626;22;1;2020;10:10;1;86;86194;2;1;1;3;Avenue John Kennedy;46,5738200;0,3709700
202000016646;22;1;2020;18:24;5;49;49007;2;1;1;3;TREILLE;47,4619600; -0,5291200
202000016652;23;1;2020;06:50;5;42;42184;2;1;1;1;Rue du Fuyant;46,0427518;4,0527699
202000016656;9;1;2020;23:25;5;36;36044;2;2;1;3;AV DU PONT NEUF/ RUE CHATEAU RAOUL;46,8126548;1,6848028
202000016657;10;1;2020;07:32;3;36;36044;2;1;1;2;ROUTE DE VELLES;46,7873300;1,6908800
202000016660;23;1;2020;08:10;2;35;35238;2;6;1;3;BELGIQUE (DE);48,0869200; -1,6855900
202000016689;23;1;2020;12:15;1;75;75119;2;1;8;2;AVENUE SECRETAN;48,8814228;2,3728171
202000016694;21;1;2020;22:30;5;75;75115;2;3;1;2;RUE DE VAUGIRARD;48,8406112;2,3049795
202000016698;22;1;2020;11:05;1;75;75114;2;5;1;3;AVENUE DU MAINE;48,8375770;2,3229271
202000016699;23;1;2020;15:30;1;75;75113;2;3;1;6;AVENUE DE LA PORTE DE VITRY;48,8229732;2,3778056
202000016701;22;1;2020;10:10;1;75;75112;2;3;1;2;BOULEVARD DE LA GUYANE;48,8431837;2,4145192
202000016703;23;1;2020;19:30;5;75;75107;2;7;1;3;PLACE JOFFRE;48,8526860;2,3030921
202000016704;23;1;2020;07:20;1;94;94080;2;1;1;1;LAGNY (R DE);48,8490110;2,4247670
202000016707;23;1;2020;12:30;1;94;94069;2;1;1;6;EPINETTES (R DES);48,8204500;2,4199200
202000016760;14;7;2020;11:20;1;13;13034;1;1;1;4;D25;43,7339570;4,9436760
202000016776;13;7;2020;08:30;1;988;98818;2;1;1;6;PROMENADE ROGER LAROQUE; -22,3018600;166,4352500
202000016790;10;7;2020;18:39;1;91;91223;2;3;1;3;PONT PERCE (CHEMIN DU);48,4268200;2,1495600
202000016794;11;7;2020;12:05;1;87;87085;1;1;1;-1;Georges GUINGOUIN(rue);45,9238700;1,3024100
202000016815;12;7;2020;15:00;1;69;69282;2;2;7;3;VERDUN (DE)                         (AV);45,7794500;4,9969100
202000016816;12;7;2020;00:10;5;67;67447;2;3;1;3;CHARME (RUE DU);48,6076381;7,7216592
202000016829;10;7;2020;20:00;1;51;51108;2;3;1;1;Avenue du GÃ©nÃ©ral Sarrail;48,9679947;4,3635950
202000016840;13;7;2020;06:55;1;33;33281;2;6;7;3;AVE DE MAGUDAS / AVE DE LA LIBERATION;44,8561610; -0,6438900
202000016841;13;7;2020;08:35;1;33;33162;2;3;1;3;AVE DE L'HIPPODROME / RUE MARGUERITE DURAS;44,8630200; -0,6396500
202000016844;10;7;2020;16:30;1;31;31555;2;1;1;3;131 Route d'Albi;43,6361300;1,4640700
202000016854;13;7;2020;20:11;1;10;10387;2;1;1;3;MAROTS (RUE DES);48,3067600;4,0482600
202000016861;13;7;2020;10:00;1;75;75120;2;2;1;2;RUE D AVRON;48,8518580;2,4013710
202000016864;12;7;2020;12:30;1;75;75115;2;1;1;3;BOULEVARD PASTEUR;48,8400890;2,3154620
202000016867;13;7;2020;16:00;1;75;75112;2;7;1;3;PLACE FELIX EBOUE;48,8397940;2,3956060
202000016871;13;7;2020;20:00;1;75;75104;2;2;1;3;QUAI DES CELESTINS;48,8533190;2,3578170
202000016883;13;7;2020;18:25;1;92;92025;2;3;1;2;ESTIENNE D'ORVES (RUE);48,9099947;2,2334026
202000016903;13;7;2020;09:20;1;74;74256;2;1;1;3;390 Route de Passy;45,9364210;6,6467380
202000016906;14;7;2020;11:32;1;76;76655;2;1;2;7;Rue Max Leclerc;49,8702760;0,7084790
202000016907;14;7;2020;07:10;1;2B;2B346;2;9;1;3;58 Arena;42,5004410;9,4658960
202000016919;13;7;2020;15:30;1;29;29037;1;6;1;3;Ty Robin;47,9092770; -4,1930220
202000016921;13;7;2020;19:00;1;02;02681;1;1;1;3;Rue des Lanneux du Gard;49,8134980;3,8443570
202000016926;11;7;2020;15:05;1;06;06077;1;1;7;6;D73;43,9317420;7,3179320
202000016940;24;2;2020;13:50;1;69;69383;2;1;1;6;GENERAL MOUTON DUVERNET (DU)        (R );45,7554000;4,8620200
202000016958;21;2;2020;08:10;2;79;79191;2;9;1;3;Rue du MarÃ©chal Leclerc;46,3364400; -0,4508200
202000016976;23;2;2020;20:20;5;54;54395;2;3;2;3;VINGT SIXIEME R.I. (BOULEVARD DU 2 A 44);48,6988141;6,1877865
202000016985;24;2;2020;16:52;1;37;37122;2;1;1;3;EIFFEL (RUE GUSTAVE);47,3570444;0,6530718
202000016989;4;2;2020;12:20;1;33;33063;2;1;1;1;Boulevard GEORGE V;44,8241800; -0,5873200
202000017018;24;2;2020;10:55;1;75;75116;2;7;1;3;PLACE D IENA;48,8646920;2,2941430
202000017027;24;2;2020;13:45;1;75;75111;2;2;8;6;RUE DU CHEMIN VERT;48,8603070;2,3786620
202000017036;24;2;2020;05:50;5;93;93051;2;1;2;3;LEVANT (BD);48,8372300;2,5477000
202000017059;24;2;2020;07:20;1;34;34320;2;3;1;3;Route de Viols le Fort;43,6745650;3,7194190
202000017069;21;2;2020;21:37;3;25;25043;1;1;1;2;D438;47,4845980;6,7713760
202000017080;23;2;2020;16:55;1;69;69386;2;3;1;3;MORELLET                            (R );45,7746000;4,8485000
202000017091;23;2;2020;16:40;1;64;64445;2;3;1;2;AUGUSTE RENOIR;43,3102000; -0,3598000
202000017096;22;2;2020;11:28;1;45;45208;2;2;1;3;R J JAURES - R DU DOCT ROUX;47,9921030;2,7321740
202000017116;22;2;2020;23:35;5;75;75113;2;2;1;3;AVENUE DE LA PORTE D ITALIE;48,8188860;2,3595650
202000017118;23;2;2020;18:02;5;75;75110;2;1;1;6;QUAI DE JEMMAPES;48,8708150;2,3660850
202000017119;23;2;2020;07:17;2;75;75110;2;2;1;2;RUE DU FAUBOURG SAINT MARTIN;48,8737720;2,3583130
202000017120;21;2;2020;21:50;5;75;75109;2;1;1;3;RUE CADET;48,8761240;2,3439670
202000017121;23;2;2020;02:30;5;75;75103;2;2;1;3;BOULEVARD DE SEBASTOPOL;48,8619750;2,3501580
202000017134;11;9;2020;17:50;1;71;71153;2;7;1;3;JAURES (RUE JEAN);46,8060521;4,4169949
202000017138;10;9;2020;20:44;5;67;67482;2;3;1;3;RATHSAMHAUSEN (RUE DE);48,5688470;7,7625780
202000017139;10;9;2020;13:10;1;67;67482;2;3;1;2;ROMAINS (ROUTE DES);48,5796800;7,7157700
202000017140;11;9;2020;17:55;1;65;65440;2;1;1;3;HENRI IV (BOULEVARD);43,2334500;0,0599100
202000017151;11;9;2020;10:00;1;56;56260;2;6;7;3;MARE(GIRATOIRE DE LA);47,6560600; -2,7916800
202000017152;11;9;2020;11:20;1;54;54395;2;2;1;3;PLACIEUX (RUE DU);48,6761739;6,1628070
202000017160;11;9;2020;17:00;1;38;38421;2;1;1;1;Rue Jules Flandrin;45,1879600;5,7479400
202000017170;11;9;2020;19:56;2;33;33529;2;1;1;3;LESCA (RUE ANDRE);44,6375400; -1,1351100
202000017185;11;9;2020;09:25;1;75;75105;2;3;1;3;BOULEVARD SAINT MICHEL;48,8518310;2,3433900
202000017189;11;9;2020;20:15;2;75;75107;2;4;1;-1;AVENUE DE LA MOTTE PICQUET;48,8560570;2,3081670
202000017191;11;9;2020;17:15;1;75;75106;2;2;1;2;BOULEVARD RASPAIL;48,8467430;2,3283360
202000017192;11;9;2020;15:20;1;75;75112;2;3;1;6;RUE DE REUILLY;48,8458030;2,3883750
202000017194;11;9;2020;13:45;1;75;75111;2;3;1;6;AVENUE PARMENTIER;48,8686220;2,3720550
202000017195;11;9;2020;09:20;1;75;75108;2;7;1;6;PLACE DE LA CONCORDE;48,8640700;2,3201260
202000017215;11;9;2020;20:20;5;93;93050;2;1;1;3;JEAN JAURES (AVENUE) COTE VILLE EVRARD;48,8626839;2,5456089
202000017216;11;9;2020;19:00;1;93;93010;2;1;1;2;AV PASTEUR;48,9051100;2,4860000
202000017222;10;9;2020;10:40;1;92;92036;2;1;1;3;LOUIS ROCHE (AVENUE) (1/45);48,9268500;2,3146500
202000017236;10;9;2020;17:40;1;57;57661;1;3;7;3;Route de Wissembourg;49,0513490;7,6008330
202000017264;12;9;2020;10:56;1;06;06068;1;1;1;1;Chemin de Font Leugne;43,7205520;6,9730620
202000017275;11;9;2020;17:00;1;35;35210;1;3;1;3;Le Grand Chemin;48,1764690; -1,7607360
202000017279;7;9;2020;11:30;1;33;33527;2;6;1;3;Rue de Boulange;44,6232930; -1,0244860
202000017281;12;9;2020;13:45;1;84;84144;1;4;1;1;D22;43,9268550;5,5534600
202000017288;11;9;2020;18:00;1;32;32200;1;1;1;5;route departementale 943 Pk 5.300;43,6215610;0,5030860
202000017323;14;6;2020;13:00;1;05;05180;1;1;1;3;D994E;44,8271850;6,5229070
202000017361;11;6;2020;10:20;1;76;76600;2;2;1;3;HUIT MAI 1945;49,7418000;0,3680000
202000017366;12;6;2020;11:35;1;67;67204;2;1;1;1;ROBERTSAU (IMPASSE DE LA);48,6208640;7,7610110
202000017369;5;6;2020;19:30;1;65;65251;2;1;1;2;PYRENEES  (AV DES);43,2102000;0,0730000
202000017375;10;6;2020;18:10;1;57;57672;2;3;1;3;ALBERT 1ER (AVENUE) - IMPAIR;49,3598700;6,1709100
202000017399;9;6;2020;13:30;1;22;22278;1;9;1;4;VILLE JOUHA (BD DE LA);48,5044800; -2,7840100
202000017415;12;6;2020;07:30;1;75;75117;2;7;2;7;PLACE GENERAL CATROUX;48,8829160;2,3090400
202000017418;11;6;2020;16:30;1;75;75116;2;2;1;3;ROUTE DE LA MUETTE A NEUILLY;48,8738270;2,2641400
202000017420;12;6;2020;16:10;1;75;75112;2;2;1;3;AVENUE DAUMESNIL;48,8349770;2,4198160
202000017421;11;6;2020;18:55;1;75;75112;2;1;1;3;AVENUE DAUMESNIL;48,8357980;2,4221390
202000017435;11;6;2020;22:35;5;93;93046;2;5;2;3;BD JEAN JAURES / AV EMILE GERARD;48,9225400;2,5243000
202000017436;12;6;2020;17:30;1;93;93045;2;1;1;3;R DE PARIS;48,8784033;2,4112546
202000017442;12;6;2020;19:54;1;92;92049;2;3;1;2;BROSSOLETTE AVENUE PIERRE;48,8128210;2,3015960
202000017453;13;6;2020;02:15;3;65;65083;1;1;1;4;D8;43,1754360;0,1027930
202000017462;13;6;2020;10:30;1;72;72319;1;3;8;3;Lieu Dit les Tuileries;48,1250840;0,1012590
202000017464;13;6;2020;10:15;1;60;60641;2;3;1;1;Grande Rue;49,4708400;3,0082640
202000017465;13;6;2020;12:20;1;64;64040;1;1;1;-1;D132;43,0363680; -0,7468560
202000017483;12;6;2020;19:30;1;68;68040;1;1;1;7;Rue Joffre;47,8212770;7,0749000
202000017506;11;6;2020;09:45;1;69;69388;2;1;1;6;11 NOVEMBRE 1918 (DU)               (PL);45,7367500;4,8690800
202000017513;12;8;2020;07:35;2;45;45147;2;6;1;2;Rue Fernand et Marcelle RiviÃ¨re;47,9379900;1,8948900
202000017534;12;8;2020;09:45;1;75;75115;2;1;1;6;RUE PETEL;48,8408000;2,2993820
202000017540;11;8;2020;17:40;2;75;75104;2;1;2;6;RUE DE RIVOLI;48,8553940;2,3603700
202000017577;13;8;2020;05:00;2;25;25512;1;1;1;1;LES ALLEMANDS;47,1513770;6,6972400
202000017581;12;8;2020;13:00;1;38;38006;1;1;1;6;Route du Collet d'Allevard;45,3917300;6,1013900
202000017601;9;10;2020;20:45;3;59;59139;1;1;1;3;D45;50,1058130;3,4050970
202000017609;8;10;2020;22:50;4;59;59350;1;1;1;2;AUTOROUTE A25;50,6218570;3,0217730
202000017610;12;8;2020;18:12;1;68;68012;1;1;1;3;Rte;47,7868790;7,1312210
202000017618;11;8;2020;19:10;1;38;38205;1;1;1;-1;La Chenevarie;45,1433900;5,6099200
202000017620;8;10;2020;18:15;1;69;69383;2;3;1;3;RABELAIS                            (R );45,7628600;4,8471800
202000017630;6;10;2020;19:25;5;972;97213;2;1;1;3;ROUTE NATIONALE 5;14,5962000; -60,9925000
202000017631;8;10;2020;15:10;1;95;95491;2;6;1;3;DE GAULLE (RUE CHARLES);49,0011800;2,2359900
202000017635;6;10;2020;12:30;1;91;91377;2;4;2;3;MARTYRS DE SOWETO (AVENUE DES);48,7345000;2,2705000
202000017643;7;10;2020;11:05;1;86;86066;2;6;1;3;RD 161 - ROCADE EST;46,8370800;0,5402900
202000017650;10;8;2020;16:40;1;69;69383;2;2;1;3;LAFAYETTE                           (CO);45,7637000;4,8430000
202000017651;11;8;2020;08:40;1;69;69383;2;1;1;6;ARMENIE (D')                        (R );45,7500000;4,8400000
202000017668;10;8;2020;09:05;1;79;79191;2;1;1;3;Avenue de Sevreau;46,3149700; -0,5058100
202000017669;7;10;2020;15:40;1;65;65440;2;1;1;3;AZEREIX (AVENUE D');43,2235900;0,0498510
202000017678;7;10;2020;08:50;1;62;62846;2;6;7;3;CD 943;50,4792600;2,7350200
202000017688;11;8;2020;21:50;5;65;65440;2;2;1;3;SEPTEMBRE (RUE DU IV);43,2288000;0,0830000
202000017689;7;10;2020;13:10;1;49;49007;2;1;1;1;CHAUMIN BOULEVARD;47,4502000; -0,5586500
202000017692;9;8;2020;10:44;1;64;64125;2;1;1;6;ESPAGNE (AVENUE D');43,4298341; -1,5998980
202000017698;8;10;2020;17:10;1;44;44162;2;1;1;-1;RUE DE L'HOTEL DE VILLE;47,2112200; -1,6494200
202000017699;10;8;2020;08:35;1;59;59017;2;3;7;3;FAIDHERBE (BD );50,6816550;2,8740610
202000017704;8;10;2020;08:40;1;37;37122;2;2;1;-1;PETIT MORON (RUE DU );47,3304715;0,6641810
202000017708;7;10;2020;19:37;5;33;33063;2;1;1;1;CRS DE L'ARGONNE;44,8298900; -0,5732300
202000017710;8;10;2020;09:10;1;31;31555;2;1;1;3;BD MATABIAU;43,6150000;1,4478500
202000017717;10;8;2020;10:24;1;49;49007;2;2;1;3;CARNOT;47,4753600; -0,5485700
202000017725;10;8;2020;11:45;1;42;42207;2;4;7;1;Rue Marcellin Champagnat;45,4467700;4,5049200
202000017728;20;7;2020;18:25;1;40;40281;2;6;1;3;KENNEDY (AV DU PDT. JOHN FIDGERALD);43,8666700; -0,4884700
202000017739;10;8;2020;12:00;1;33;33529;1;1;1;7;BISCAROSSE (AVE DE) JUSQU'A DUNE;44,5607800; -1,2344700
202000017746;28;7;2020;14:48;1;24;24037;2;9;1;3;DE GAULLE (AVENUE DU GENERAL);44,8343700;0,4490300
202000017755;8;10;2020;15:29;1;75;75118;2;2;8;6;BOULEVARD BARBES;48,8883640;2,3495970
202000017757;8;10;2020;09:20;1;75;75118;2;5;1;3;RUE CUSTINE;48,8884140;2,3480270
202000017760;8;10;2020;17:30;1;75;75114;2;3;1;2;RUE DE LA TOMBE ISSOIRE;48,8289360;2,3332450
202000017766;8;10;2020;15:05;1;75;75113;2;3;1;7;AVENUE D ITALIE;48,8277800;2,3567680
202000017780;8;10;2020;18:45;1;75;75103;2;3;1;3;RUE DE BRETAGNE;48,8634020;2,3615440
202000017781;11;8;2020;13:40;1;75;75109;2;4;7;7;RUE NOTRE DAME DE LORETTE;48,8789890;2,3368380
202000017782;11;8;2020;17:05;1;75;75102;2;1;2;7;RUE MONTORGUEIL;48,8653730;2,3469500
202000017785;8;10;2020;09:25;1;75;75103;2;3;1;3;RUE DE TURENNE;48,8599810;2,3645570
202000017794;8;10;2020;14:15;1;94;94076;2;4;1;-1;PARIS (AV DE);48,8041900;2,3644900
202000017810;8;10;2020;16:20;1;92;92075;2;6;8;7;CARREFOUR DE L'INSURRECTION;48,8202200;2,2906400
202000017811;8;10;2020;20:20;5;92;92040;2;1;1;7;PDT ROOSEVELT (QUAI DU);48,8298674;2,2608635
202000017813;7;10;2020;13:20;1;92;92026;2;3;1;1;MARCEAU;48,9007800;2,2445600
202000017818;8;10;2020;17:00;1;971;97133;1;1;1;1;Route de Mazarin, RD 6;15,9584560; -61,7088800
202000017829;9;10;2020;16:45;1;68;68259;1;3;1;3;Route de Kiffis;47,4672440;7,3473740
202000017845;9;10;2020;15:40;1;95;95678;1;1;1;3;D9;49,0753420;2,2435710
202000017849;9;10;2020;16:25;1;07;07010;2;6;1;2;D878;45,2392960;4,6907010
202000017857;9;10;2020;10:05;1;57;57209;1;6;2;3;D910;49,0337320;6,5962280
202000017866;9;10;2020;17:25;1;59;59012;2;3;1;1;Rue du Roi Albert 1er;49,9939561;4,1246194
202000017900;21;12;2020;15:00;1;25;25056;2;9;2;3;GAULLE BOULEVARD CHARLES;47,2316000;6,0187000
202000017909;21;12;2020;15:25;1;11;11069;2;1;1;3;ALEXANDRO VOLTA -RUE-;43,2054000;2,3094000
202000017925;22;12;2020;19:35;5;94;94080;2;1;2;3;FONTENAY (R DE);48,8480000;2,4403600
202000017955;23;12;2020;11:15;1;31;31225;1;3;1;3;D 40;43,2016450;1,1739760
202000017964;21;12;2020;09:00;1;973;97307;1;1;1;5;N1;4,8957040; -52,3296400
202000018010;18;12;2020;20:40;5;974;97416;2;1;1;3;HUBERT DE LISLE(BOULEVARD); -21,3423000;55,4735300
202000018032;16;12;2020;17:46;5;67;67462;2;3;5;1;FILATURE (RUE DE LA);48,2706189;7,4583575
202000018043;21;12;2020;06:45;5;45;45068;2;1;2;3;Rue du Vieux Rang de lâAnglee;48,0212612;2,7230714
202000018044;17;12;2020;15:25;1;44;44184;2;1;1;3;BASSINS (ROUTE DES);47,2845000; -2,2427000
202000018055;18;12;2020;17:35;5;31;31555;2;1;1;3;NETWILLER (BOULEVARD ANDRE);43,6421500;1,4664300
202000018073;19;12;2020;11:55;1;05;05061;2;3;2;3;PRE DE FOIRE ( RUE DU );44,5549600;6,0746100
202000018081;21;12;2020;15:45;1;75;75117;2;7;2;7;PLACE DE WAGRAM;48,8872200;2,3051410
202000018083;21;12;2020;08:50;1;75;75111;2;2;3;3;RUE GERBIER;48,8575350;2,3869470
202000018088;20;12;2020;15:45;1;94;94002;2;9;1;3;Chemin latÃ©ral;48,8146900;2,4167600
202000018097;16;11;2020;07:40;2;92;92024;2;1;8;-1;VICTOR HUGO (BD);48,8993404;2,3135490
202000018101;16;11;2020;19:00;5;65;65044;2;1;1;1;25 Rue de la Bigorre;43,2723700;0,2388600
202000018104;16;11;2020;10:00;1;65;65018;1;1;2;3;D 126;42,9759830; -0,2856390
202000018130;15;11;2020;11:50;1;69;69383;2;1;1;6;PAUL BERT                           (R );45,7567641;4,8667030
202000018142;15;11;2020;11:40;1;33;33167;2;6;9;3;AVE DU PDT FRANCOIS MITTERRAND;44,8430300; -0,5114800
202000018148;15;11;2020;20:00;5;06;06088;2;1;8;2;JOLY (CORNICHE ANDRE DE);43,7004700;7,2941700
202000018180;16;11;2020;06:52;3;49;49101;1;1;1;3;RD 938;47,6485060; -0,0724410
202000018184;15;11;2020;13:30;1;976;97608;2;1;1;-1;Boulevard des Amoureux; -12,7858290;45,2792720
202000018193;14;11;2020;14:30;1;68;68370;1;1;1;7;rue rhin et danube;47,9822680;6,9579210
202000018194;15;11;2020;16:40;2;54;54215;2;9;2;6;91 Rue de Metz;48,7580910;6,1362280
202000018195;16;11;2020;07:42;1;38;38565;2;1;1;3;Avenue de Juin 1940;45,3027300;5,6263700
202000018196;15;11;2020;12:30;1;64;64430;2;1;1;2;Chemin de Pourtaou;43,4721380; -0,8091850
202000018211;14;11;2020;18:55;5;69;69386;2;2;1;3;JEAN BROQUIN                        (R );45,7681700;4,8632000
202000018215;13;11;2020;09:30;1;69;69034;2;3;1;3;FRANCOIS PEISSEL                    (R );45,7932894;4,8391583
202000018239;14;11;2020;14:51;1;75;75107;2;5;1;3;QUAI D ORSAY;48,8625730;2,3190080
202000018240;14;11;2020;19:00;5;75;75105;2;1;1;3;RUE DAUBENTON;48,8414960;2,3553170