Num_Acc;jour;mois;an;hrmn;lum;dep;com;agg;int;atm;col;adr;lat;long
202000018242;13;11;2020;07:20;5;75;75115;2;1;1;1;SQUARE BELA BARTOK;48,8510870;2,2857070
202000018283;13;11;2020;15:45;1;69;69387;2;2;1;1;CHEVREUL                            (R );45,7488800;4,8391100
202000018287;3;5;2020;19:15;1;13;13038;2;1;1;1;Rue LÃ©o LelÃ©e;43,7257550;4,7043070
202000018292;2;5;2020;19:30;1;974;97407;2;6;1;3;Rond point de l'Ã©toile; -20,9365360;55,2986530
202000018307;2;5;2020;08:05;1;92;92044;2;2;1;3;VIC. HUGO(RUE)069A075 ET 080A088;48,8955100;2,2968600
202000018313;3;5;2020;15:45;1;61;61196;1;1;1;7;La Giromerie;48,4117990;0,5954290
202000018370;30;4;2020;19:50;1;35;35238;2;1;1;3;Rue Saint-hÃ©lier;48,1027300; -1,6614400
202000018379;30;4;2020;12:20;1;75;75119;2;7;1;3;PLACE AUGUSTE BARON;48,9008490;2,3889510
202000018380;29;4;2020;15:45;1;75;75113;2;1;2;3;RUE DE TOLBIAC;48,8283050;2,3726080
202000018415;30;4;2020;06:30;1;988;98818;2;4;1;3;ECHANGEUR BONAPARTE; -22,2420200;166,4574400
202000018419;29;4;2020;09:00;1;81;81004;2;6;1;3;MOISSAN (HENRI);43,9240868;2,1892512
202000018452;30;4;2020;12:50;1;60;60139;2;2;1;1;378 Avenue de Verdun;49,1690073;2,2446866
202000018459;12;1;2020;09:00;1;95;95509;1;1;7;3;D9;49,0685670;2,4852960
202000018473;24;4;2020;14:10;1;67;67482;2;3;1;3;10 Rue Paul Reiss;48,5768090;7,7497380
202000018506;21;1;2020;09:24;1;93;93029;2;1;7;3;AV JEAN JAURES;48,9199800;2,4507000
202000018509;22;1;2020;09:00;1;69;69386;2;1;1;-1;TRONCHET                            (R );45,7701600;4,8509600
202000018541;21;1;2020;08:00;3;49;49007;2;1;1;3;BRISSAC;47,4619200; -0,5484700
202000018561;22;1;2020;15:25;1;10;10387;2;1;1;3;EMILE ZOLA (RUE);48,2963450;4,0745630
202000018576;21;1;2020;22:35;5;75;75117;2;2;1;3;RUE DE COURCELLES;48,8815630;2,3007080
202000018579;22;1;2020;18:05;5;75;75113;2;3;1;6;BOULEVARD AUGUSTE BLANQUI;48,8296885;2,3494247
202000018583;22;1;2020;10:30;1;75;75111;2;5;1;7;AVENUE DE LA REPUBLIQUE;48,8652864;2,3745435
202000018586;22;1;2020;09:30;1;75;75107;2;3;1;1;QUAI D ORSAY;48,8626609;2,3190755
202000018587;22;1;2020;14:20;1;75;75103;2;1;1;7;RUE DES ARCHIVES;48,8609702;2,3578944
202000018588;21;1;2020;18:15;5;75;75101;2;3;1;4;RUE DE RIVOLI;48,8660294;2,3250475
202000018615;22;1;2020;17:50;5;29;29106;2;1;1;6;Rue de Quilinen;48,0861820; -4,0647750
202000018646;21;1;2020;13:50;1;69;69259;2;2;1;1;FRANCIS DE PRESSENSE                (AV);45,7267133;4,8624480
202000018678;12;7;2020;05:50;1;78;78048;2;1;1;7;9 Route d'Orgerus;48,8056700;1,6759450
202000018685;13;7;2020;15:45;1;85;85226;2;1;7;3;Avenue de la Rousselotiere;46,7232100; -1,9485520
202000018739;11;7;2020;00:02;5;75;75103;2;2;1;-1;BOULEVARD DES FILLES DU CALVAIRE;48,8624720;2,3668890
202000018741;12;7;2020;14:00;1;75;75119;2;1;1;1;CANAL DE L OURCQ;48,8954520;2,3942900
202000018743;12;7;2020;09:30;1;75;75119;2;2;1;1;BOULEVARD MACDONALD;48,8988520;2,3798490
202000018745;12;7;2020;01:55;5;75;75113;2;1;1;3;AVENUE DES GOBELINS;48,8352440;2,3529370
202000018750;12;7;2020;13:15;1;75;75107;2;2;1;3;RUE DE SEVRES;48,8468460;2,3166980
202000018755;12;7;2020;11:20;1;94;94038;2;2;1;3;MARGUERITES (R DES);48,7774320;2,3511080
202000018767;12;7;2020;12:30;1;35;35236;2;6;7;3;30 Rue des NoÃ«s;47,6483580; -2,0980610
202000018775;12;7;2020;11:20;1;83;83031;1;1;1;3;RD558, PR 2+300;43,3796320;6,3619210
202000018791;12;7;2020;19:25;1;29;29225;1;1;1;6;D40 - Route de Penhors;47,9383950; -4,3998370
202000018794;13;7;2020;11:37;1;64;64504;1;1;1;6;Route du Col de Saint Ignace;43,3246170; -1,6008320
202000018796;12;7;2020;08:30;1;18;18231;1;1;7;5;D951;46,7312790;2,6244130
202000018798;12;7;2020;17:30;1;53;53136;1;1;1;3;Le Richard;47,8650110; -0,7305910
202000018802;13;7;2020;15:15;1;04;04159;1;1;1;1;RD 950;44,0580142;5,6210729
202000018822;12;7;2020;14:20;1;05;05079;1;1;1;7;D902;45,0605480;6,4112090
202000018829;13;7;2020;01:25;3;56;56069;1;1;1;6;Lieu-dit Kervaillet;47,6408080; -3,4365430
202000018844;8;7;2020;07:20;1;974;97416;1;9;1;3;RN1; -21,3182300;55,4443400
202000018855;4;2;2020;16:00;1;95;95313;2;9;1;7;Place du Patis;49,1108160;2,2121660
202000018858;24;2;2020;14:40;1;42;42085;1;1;9;7;D76;45,4178230;4,5635530
202000018859;22;2;2020;10:45;1;51;51079;2;1;1;7;18 Rue d'Ambonnay;49,0782370;4,1537230
202000018895;24;2;2020;10:30;1;72;72154;2;6;8;3;Boulevard du QuÃ©bec;47,7071880; -0,0834440
202000018909;22;2;2020;20:05;5;91;91161;2;9;1;6;CARREFOUR RN20 / CD120;48,7153200;2,2982200
202000018922;22;2;2020;09:00;1;83;83069;2;6;1;3;APPEL DU 18 JUIN ( RD POINT DE L');43,1065000;6,1285000
202000018941;22;2;2020;10:15;1;25;25204;1;6;1;3;R-N 57. giratoire des 4 chemins;46,9245100;6,3368100
202000018950;22;2;2020;17:45;1;75;75106;2;2;1;6;BOULEVARD SAINT MICHEL;48,8513880;2,3431670
202000018951;22;2;2020;17:40;5;75;75120;2;7;1;-1;AVENUE DE LA PORTE DES LILAS;48,8776830;2,4082650
202000018952;22;2;2020;01:15;5;75;75119;2;2;1;6;RUE DE BELLEVILLE;48,8728530;2,3798520
202000018982;22;2;2020;15:00;1;71;71377;1;1;1;6;Route de Brancion;46,5552596;4,8288903
202000018992;22;2;2020;18:50;3;02;02650;1;1;1;3;Rocquigny;50,0182901;3,9650361
202000019022;20;2;2020;20:45;5;91;91223;2;6;1;3;VICTOIRE (ROND-POINT DE LA);48,4373200;2,1631800
202000019031;21;2;2020;08:20;1;83;83129;2;9;1;1;BOUILIBAYE (CHE DE);43,0914300;5,8371000
202000019039;20;2;2020;13:40;1;66;66136;2;1;1;-1;SAINT-ROCH (CHEMIN DE);42,6881492;2,9091807
202000019045;21;2;2020;12:55;1;63;63113;2;1;1;-1;TURGOT (PLACE);45,7848744;3,0996595
202000019053;9;9;2020;08:37;1;91;91103;2;1;1;7;REPUBLIQUE (BOULEVARD DE LA);48,6078200;2,3059700
202000019055;9;9;2020;16:55;1;78;78646;2;2;1;3;SAINT CLOUD (AVENUE DE);48,8048900;2,1309300
202000019060;9;9;2020;07:20;1;73;73065;2;2;1;3;LYON (AVENUE DE);45,5629400;5,9081800
202000019061;9;9;2020;17:50;1;72;72181;2;3;1;3;DEMORIEUX (BD) ENTRE HUISNE ET RD-POINT;47,9983000;0,1886900
202000019077;22;8;2020;23:45;5;54;54395;2;1;1;2;STANISLAS (RUE);48,6913662;6,1761744
202000019078;4;9;2020;08:00;1;54;54395;2;2;1;3;JARDINIERS (RUE DES;48,6889300;6,1919200
202000019082;9;9;2020;16:20;1;50;50165;2;1;1;1;EGLISE (RUE DE L');48,8550100; -1,5688500
202000019084;7;9;2020;08:05;2;49;49007;2;1;7;3;TROIS PAROISSES CHEMIN;47,4410600; -0,5512000
202000019088;7;9;2020;14:30;1;49;49007;1;1;1;6;EPINARD CHEMIN;47,5062500; -0,5660200
202000019092;9;9;2020;12:30;1;38;38185;2;2;1;6;Boulevard MarÃ©chal Foch;45,1802900;5,7168800
202000019096;10;9;2020;19:10;1;33;33063;2;3;1;3;RUE STEHELIN CAUD ;44,8556900; -0,6254200
202000019103;10;9;2020;14:50;1;25;25056;2;1;1;3;BELFORT;47,2586960;6,0449240
202000019112;10;9;2020;19:43;1;03;03185;2;2;1;3;Avenue Fournier Sarloveze;46,3279845;2,6059967
202000019121;9;9;2020;19:30;2;75;75115;2;5;1;3;BOULEVARD LEFEBVRE;48,8297370;2,2956470
202000019122;10;9;2020;14:15;1;75;75114;2;2;1;7;RUE DES PLANTES;48,8275960;2,3209940
202000019128;10;9;2020;16:15;1;75;75111;2;1;1;6;PASSAGE SAINT PIERRE AMELOT;48,8626720;2,3698740
202000019132;10;9;2020;23:40;5;75;75101;2;3;1;1;RUE DE RIVOLI;48,8593390;2,3456800
202000019138;10;9;2020;09:00;1;94;94075;2;1;1;2;MANDRES (R DE);48,7133690;2,5379300
202000019143;10;9;2020;13:34;1;93;93013;2;1;1;3;LECLERC (AVENU DE LA DIVISION);48,9344312;2,4253080
202000019151;10;9;2020;10:15;1;92;92075;2;2;1;3;SALVADOR ALLENDE (RUE);48,8205100;2,3039600
202000019152;10;9;2020;08:20;1;92;92040;2;1;1;3;DOCTEUR LOMBARD (DU);48,8191700;2,2513800
202000019155;10;9;2020;20:48;5;92;92023;2;8;1;3;GENERAL DE GAULLE (AVENUE DU) NÂ°2 A 132;48,7835298;2,2469428
202000019163;13;8;2020;08:30;1;2A;2A308;1;1;1;3;D268;41,6830358;9,0408018
202000019165;9;9;2020;16:20;1;68;68162;1;3;1;1;chemin communal du fechtweg;48,1290130;7,3142709
202000019166;10;9;2020;18:00;1;67;67173;1;1;1;4;D31;48,6273070;7,6843200
202000019169;11;9;2020;15:20;1;59;59641;1;2;1;1;4574 Route de la Colme;50,9881220;2,5280950
202000019175;4;9;2020;17:50;1;74;74051;1;1;1;7;route de frangy D2;46,0232060;6,0359360
202000019182;10;9;2020;18:10;2;81;81064;1;1;1;2;Cante Merle;43,9572790;1,8581590
202000019188;11;9;2020;14:20;1;42;42011;2;2;1;3;2 Rue du 8 Mai;45,8176603;4,1851057
202000019194;11;9;2020;21:45;3;31;31232;2;1;1;2;Avenue de Guiraudis;43,7703110;1,2837160
202000019200;10;9;2020;11:30;1;31;31112;1;1;1;2;Ancienne Ligne de Chemin de Fer Boussens - Saint-Girons;43,0420060;0,9915320
202000019201;11;9;2020;11:30;1;64;64436;2;1;1;3;Route Departementale 918;43,2330100; -1,2987710
202000019204;11;9;2020;12:00;1;73;73151;2;2;1;2;Chemin de Blardet;45,4956275;5,9903439
202000019206;11;9;2020;07:50;2;16;16028;1;1;1;2;Lieu dit Trop vendu;45,4660000; -0,1826530
202000019228;10;9;2020;17:05;1;03;03286;1;1;1;7;;46,4874818;3,3454280
202000019231;11;9;2020;16:30;1;38;38170;2;1;1;1;Route de Lyon;45,2485310;5,6665740
202000019239;16;8;2020;17:30;1;29;29042;1;1;1;7;KernalÃ©guen TrÃ©flez Ouest;48,2191110; -4,5452180
202000019251;11;6;2020;11:10;1;74;74010;2;2;1;3;SOMMEILLER;45,9027000;6,1281000
202000019268;11;6;2020;16:20;1;37;37261;2;6;2;-1;MULHEIM (ROND-POINT DE);47,4222500;0,6797500
202000019272;10;6;2020;17:50;1;34;34172;2;2;1;3;RABELAIS (BOULEVARD);43,6011500;3,8816200
202000019278;11;6;2020;09:45;1;25;25462;2;1;8;3;BESANCON (DU 72TER A LA FIN);46,9179900;6,3438600
202000019294;11;6;2020;17:00;1;75;75120;2;3;1;3;RUE DE LA MARE;48,8737850;2,3883180
202000019298;10;6;2020;21:45;2;75;75110;2;1;1;3;QUAI DE VALMY;48,8692740;2,3665730
202000019299;11;6;2020;20:05;1;75;75108;2;2;1;3;RUE D AMSTERDAM;48,8796540;2,3270120
202000019301;10;6;2020;07:20;1;94;94081;2;1;1;1;PAUL VAILLANT COUTURIER (AV);48,7935100;2,3959800
202000019309;11;6;2020;07:40;2;93;93048;2;2;1;3;CAILLOTS (RUE DES);48,8648880;2,4394860
202000019311;10;6;2020;19:45;1;92;92063;2;3;1;3;DIX-HUIT JUIN 1940 (AVENUE DU) EST;48,8676909;2,1964312
202000019342;24;5;2020;10:15;1;91;91338;1;2;1;3;Rue d'Orsay;48,6616740;2,0926390
202000019369;11;6;2020;08:05;1;988;98818;2;3;1;3;VE1/AVENUE BONAPARTE; -22,2420200;166,4573000
202000019372;9;6;2020;10:35;1;974;97409;2;1;1;3;MASCAREIGNES (Avenue des); -20,9408000;55,6473000
202000019373;10;6;2020;09:05;1;973;97302;2;1;1;-1;REPUBLIQUE (BD DE LA);4,9384511; -52,3211002
202000019382;9;6;2020;07:45;1;76;76231;2;1;1;3;RD 840 (RUE DU NEUBOURG);49,2832100;1,0082400
202000019395;10;6;2020;18:10;1;51;51454;2;1;1;3;Rue Joliot Curie;49,2230997;4,0140899
202000019398;9;6;2020;09:52;1;49;49007;2;1;1;7;LAITERIE IMPASSE ET PLACE;47,4751300; -0,5622900
202000019404;10;6;2020;17:20;1;35;35238;2;2;2;3;CLEMENCEAU (52 BD GEORGES);48,0944880; -1,6856069
202000019413;10;6;2020;14:00;1;15;15012;2;1;1;7;MILHAUD (AVENUE);44,9015960;2,4586620
202000019422;9;6;2020;20:30;1;06;06029;2;1;1;1;JOURDAN (AVENUE MICHEL);43,5572820;6,9685250
202000019442;11;8;2020;15:45;1;62;62297;2;1;1;3;Rue de la Vosmette;50,8108200;2,1385680
202000019447;12;8;2020;08:40;1;76;76618;2;1;1;3;24 rue du chateau;49,9403600;1,1423420
202000019449;12;8;2020;15:30;1;68;68307;1;1;1;1;D466;47,8160510;6,8659510
202000019452;12;8;2020;09:40;1;29;29272;1;3;1;3;Loch Ar Raor;47,9596977; -3,9493138
202000019472;6;8;2020;08:50;1;27;27129;1;1;1;5;D131;49,0787010;0,5600450
202000019473;6;10;2020;16:05;1;87;87050;2;1;2;7;SEPT CHENES (ROND POINT DES);45,8797000;1,2384700
202000019484;7;10;2020;16:00;1;69;69092;2;6;1;2;DES PETITES SOEURS (rond point);45,9946272;4,7071743
202000019495;6;10;2020;07:40;5;64;64445;2;1;1;3;PAIX;43,3141900; -0,3332300
202000019499;7;10;2020;08:30;1;64;64102;2;1;3;7;LACHEPAILLET (RUE DES REMPARTS);43,4924400; -1,4786700
202000019505;6;10;2020;09:50;1;56;56121;2;1;1;7;GICQUEL (RUE  EMMANUEL );47,7609900; -3,3929700
202000019508;6;10;2020;18:15;1;54;54395;2;1;1;3;CUGNOT (QUAI/RUE JOSEPH);48,6781868;6,2021127
202000019512;6;10;2020;10:04;1;49;49007;2;1;1;3;ALLONNEAU(AUGUSTE) BOULEVARD;47,4872800; -0,5277400
202000019520;5;10;2020;09:05;1;49;49007;2;1;1;3;PONTS DE CE;47,4565400; -0,5400300
202000019521;11;8;2020;19:36;1;71;71090;2;1;1;6;D906;46,2084181;4,7714515
202000019524;6;10;2020;16:25;1;49;49007;2;1;1;7;PRE PIGEON;47,4770700; -0,5413700
202000019528;7;10;2020;17:10;1;41;41212;2;1;1;3;CHAMBORD (ROUTE DE);47,5778180;1,3667050
202000019554;10;8;2020;05:30;5;974;97409;2;1;1;1;Chemin des Limites; -20,9705130;55,6936790
202000019581;7;10;2020;13:00;1;75;75120;2;4;1;2;RUE DES COURONNES;48,8705650;2,3882410
202000019582;10;8;2020;05:30;3;77;77438;1;6;8;3;RENE CASSIN (RUE) - D10P;48,8612000;2,6685000
202000019583;6;10;2020;10:40;1;75;75117;2;2;2;3;RUE DE ROME;48,8856720;2,3168310
202000019584;7;10;2020;21:30;5;75;75116;2;3;1;3;AVENUE DE VERSAILLES;48,8496840;2,2760040
202000019590;7;10;2020;07:27;5;75;75113;2;3;2;1;BOULEVARD KELLERMANN;48,8210500;2,3506290
202000019593;7;10;2020;07:35;2;75;75112;2;1;2;4;AVENUE DE GRAVELLE;48,8240790;2,4208970
202000019596;10;8;2020;08:00;1;69;69091;2;9;1;3;SEMARD (PIERRE) ( R );45,5846000;4,7661500
202000019597;7;10;2020;16:50;1;75;75110;2;1;1;7;BOULEVARD DE LA CHAPELLE;48,8837690;2,3516930
202000019599;7;10;2020;18:20;1;75;75109;2;3;1;6;RUE BERGERE;48,8721950;2,3467190
202000019607;7;10;2020;13:10;1;75;75101;2;1;1;7;QUAI DES TUILERIES;48,8631280;2,3234630
202000019608;6;8;2020;09:10;1;60;60159;2;6;1;3;Rue du Port Ã  Bateaux;49,4156300;2,8194400
202000019611;9;8;2020;04:30;5;59;59350;2;2;1;3;RATISBONNE RUE;50,6297300;3,0534300
202000019614;8;8;2020;19:15;1;59;59009;2;1;1;3;PARMENTIER RUE;50,6430100;3,1354100
202000019633;7;8;2020;12:15;1;41;41018;2;2;1;3;VENDOME (AVENUE DE);47,6104000;1,3083080
202000019639;10;8;2020;17:50;1;35;35238;2;3;1;3;CHATEAUGIRON (DE);48,0951000; -1,6378700
202000019650;7;8;2020;13:24;1;31;31555;1;1;1;6;AV DE GRANDE BRETAGNE;43,6052700;1,4033800
202000019699;10;8;2020;19:30;1;93;93051;2;9;1;3;VERGERS (IMPASSE);48,8442600;2,5515900
202000019728;6;8;2020;18:45;1;19;19057;1;1;1;7;DÃ©partementale 38;45,0575160;1,6638330
202000019729;11;8;2020;11:35;1;74;74011;2;1;1;5;ROUTE DE THONES;45,9222650;6,1758800
202000019738;10;8;2020;10:00;1;15;15026;1;1;1;7;Route dÃ©partementale 39;45,0132620;2,7802280
202000019749;11;9;2020;18:15;1;29;29247;1;1;1;3;24 Route de la VÃ©ronique;47,9486650; -3,9971630
202000019764;6;10;2020;08:30;1;69;69383;2;2;2;3;LOUIS                               (R );45,7497251;4,8897918
202000019811;5;10;2020;07:35;5;65;65440;2;6;1;2;ROND-POINT ALSTOM;43,2228600;0,0915900
202000019832;17;12;2020;16:40;1;65;65272;1;1;1;3;RD 817 - PR036.500 sens Tournay / Tarbes;43,2004680;0,1958760
202000019848;20;12;2020;14:45;1;42;42061;2;4;2;1;Rue de la Salette;45,9797720;3,9197370
202000019856;22;12;2020;14:15;1;40;40228;1;3;1;1;D15;43,6291400; -0,8207880
202000019882;20;12;2020;15:40;1;973;97302;2;6;1;3;GIRATOIRE MARINGOUINS;4,9077088; -52,3225379
202000019886;18;12;2020;00:50;5;972;97213;1;2;1;3;ROUTE DEPARTEMENTALE 3;14,6130835; -60,9948349
202000019891;19;12;2020;10:40;1;971;97120;2;9;1;2;DUPLESSIS;16,2360300; -61,5338400
202000019905;18;12;2020;15:20;1;76;76540;2;1;1;2;GAMBETTA. BOULEVARD;49,4414300;1,1126700
202000019922;18;12;2020;11:47;1;37;37233;2;6;1;-1;PAUL (RUE MARCEL);47,3950403;0,7263519
202000019929;17;12;2020;15:53;1;29;29232;2;3;1;3;D20 - Avenue Pierre Mendes-France;47,9777258; -4,1234325
202000019953;19;12;2020;13:55;1;75;75113;2;3;8;3;AVENUE D ITALIE;48,8204280;2,3590910
202000019954;20;12;2020;08:50;1;75;75112;2;1;1;6;RUE DU RENDEZ VOUS;48,8450900;2,4048310
202000019957;19;12;2020;17:15;5;94;94033;2;9;1;1;DAME BLANCHE (AV DE LA);48,8443500;2,4507000
202000019976;19;12;2020;18:35;3;92;92026;2;1;2;3;Place de la DÃ©fense;48,8910350;2,2419040
202000019978;20;12;2020;17:00;5;92;92019;2;9;1;3;SULLY PRU'DHOMME (AVENUE);48,7670211;2,2897388
202000019991;20;12;2020;15:20;1;59;59432;2;1;1;1;22 Rue des Ecoles;50,1468480;3,2549670
202000020018;13;11;2020;19:10;5;83;83137;2;6;8;3;GASQUET (AVE JOSEPH DE 1408 A FIN;43,1195382;5,9781643
202000020019;12;11;2020;16:40;1;83;83129;1;9;1;2;KENNEDY (AVENUE J.)NÂ° IMPAIRS > ST VICTO;43,1085891;5,8277970
202000020031;13;11;2020;08:30;1;51;51108;2;3;1;3;Rue Jean JaurÃ¨s;48,9549925;4,3543263
202000020036;13;11;2020;17:40;5;41;41212;2;3;1;3;CHAMBORD (ROUTE DE);47,5730330;1,3556640
202000020038;13;11;2020;19:40;5;35;35278;2;6;2;3;MELESSE (ROND POINT DE);48,1616300; -1,6899000
202000020042;3;11;2020;19:15;3;33;33522;2;3;1;3;BD DU PRESIDENT WILSON / RUE REGIS;44,8181300; -0,5780500
202000020043;30;10;2020;06:15;5;33;33318;2;8;1;1;AVE PEY BERLAND;44,8008900; -0,6087600
202000020046;16;10;2020;13:00;1;29;29019;2;1;1;2;Boulevard Jean Moulin;48,3866048; -4,4931132
202000020065;13;11;2020;15:40;1;75;75118;2;4;1;3;BOULEVARD ORNANO;48,8936620;2,3479490
202000020066;13;11;2020;14:50;1;75;75118;2;1;1;3;RUE DES POISSONNIERS;48,8972340;2,3526840
202000020068;13;11;2020;15:00;1;75;75117;2;3;1;3;BOULEVARD BESSIERES;48,8952970;2,3163800
202000020070;13;11;2020;09:00;1;75;75116;2;3;8;3;AVENUE FOCH;48,8735730;2,2879710
202000020071;13;11;2020;07:30;2;75;75116;2;7;1;7;PLACE DE COLOMBIE;48,8627510;2,2670840
202000020072;12;11;2020;15:10;1;75;75116;2;4;1;3;AVENUE DE MALAKOFF;48,8770830;2,2834640
202000020074;13;11;2020;21:00;3;75;75113;2;2;1;3;BOULEVARD VINCENT AURIOL;48,8339710;2,3647430
202000020076;13;11;2020;12:15;1;75;75112;2;1;2;6;PONT D AUSTERLITZ;48,8451417;2,3663118
202000020083;13;11;2020;19:50;5;94;94042;2;1;1;1;JEAN JAURES (AV);48,8208220;2,4643020
202000020092;13;11;2020;07:50;1;93;93057;2;2;1;3;AUFFRET (AL. JULES) DE 62 A FIN;48,9094682;2,5112177
202000020110;11;11;2020;14:45;1;86;86271;2;2;1;3;5 Rue d'Abain;46,7674590;0,2415650
202000020112;11;11;2020;10:25;1;22;22148;1;1;8;3;D16;48,2507410; -2,4015800
202000020120;14;11;2020;07:40;2;37;37159;2;3;1;3;50 Rue du Val de l'Indre;47,2775061;0,6377993
202000020122;10;11;2020;14:00;1;973;97309;2;3;1;3;Boulevard Edmard Lama;4,9046410; -52,2733090
202000020123;13;11;2020;19:30;3;987;98724;1;1;1;1;Route de la Nasa District de FITII; -16,7273840; -151,0112500
202000020143;8;5;2020;18:40;1;69;69286;2;1;1;2;ROUTE DE STRASBOURG                 (RO);45,8159600;4,8901900
202000020156;12;11;2020;14:42;1;80;80001;2;9;7;3;VERDUN (de);50,1140000;1,8258000
202000020159;10;11;2020;21:00;4;67;67482;2;3;5;1;CHAMP DE MANOEUVRE (RUE DU);48,6014300;7,7102700
202000020162;12;11;2020;12:15;1;64;64129;2;1;1;6;MUSES DES;43,3000000; -0,3900000
202000020168;10;11;2020;16:40;1;49;49328;2;1;1;2;SAINT LOUIS (RUE);47,2565400; -0,0850000
202000020172;12;11;2020;12:40;1;35;35238;2;2;1;3;NANTES (DE);48,0948200; -1,6901400
202000020186;12;11;2020;09:02;1;75;75106;2;4;1;3;BOULEVARD SAINT GERMAIN;48,8520930;2,3403100
202000020189;12;11;2020;10:25;1;75;75115;2;1;1;6;RUE FONDARY;48,8460740;2,2984090
202000020207;16;3;2020;18:30;1;33;33039;2;3;1;3;RUE DES QUATRE CASTERA / ALL BOYER;44,8094300; -0,5373300
202000020208;28;4;2020;05:10;5;26;26252;2;2;2;2;980 Rue Louis Saillant;44,8885500;4,8636070
202000020209;24;4;2020;08:25;1;11;11262;2;1;1;-1;LAKANAL (RUE);43,1879747;3,0087633
202000020213;28;4;2020;19:10;1;75;75119;2;1;1;1;RUE RIQUET;48,8890200;2,3722260
202000020214;28;4;2020;15:00;1;75;75119;2;2;1;3;RUE DES BOIS;48,8785460;2,4001150
202000020215;27;4;2020;09:30;1;75;75116;2;3;1;6;RUE DE L ASSOMPTION;48,8555360;2,2661190
202000020218;28;4;2020;11:38;1;75;75109;2;1;1;6;RUE NOTRE DAME DE LORETTE;48,8770280;2,3389310
202000020230;21;4;2020;19:30;1;92;92063;2;1;1;1;CHATEAU (RUE DU);48,8744300;2,1810300
202000020255;27;4;2020;12:40;1;2B;2B033;2;3;1;3;ST FLORENT-ANCIENNE RT DE;42,6889200;9,4323700
202000020262;24;4;2020;19:20;1;76;76540;2;1;1;2;JAURES. BOULEVARD JEAN;49,4503400;1,0623500
202000020263;26;4;2020;16:40;1;76;76481;2;1;1;6;TOT (CHEMIN DU);49,5541400;0,1109100
202000020265;27;4;2020;11:32;1;69;69266;2;3;1;3;ROGER SALENGRO     (Avenue);45,7798500;4,8821300
202000020270;27;4;2020;13:00;1;45;45169;2;1;1;1;Avenue Georges Pompidou;47,9022400;1,8592000
202000020288;27;4;2020;17:15;1;92;92020;2;2;1;3;PERI RUE GABRIEL/ BROSSOLETTE RUE PIERRE NÂ°3 A 13;48,7997900;2,2857000
202000020343;25;4;2020;15:20;1;64;64445;2;1;7;3;Bd du Commandant Rene Mouchotte;43,3053109; -0,3285242
202000020347;25;4;2020;19:00;1;29;29039;2;2;1;1;D322 - Rue de TrÃ©gunc;47,8742600; -3,9052300
202000020363;24;4;2020;17:15;1;04;04088;2;1;3;2;RD 16 - Av Claude Delorme;43,9627290;5,7902020
202000020375;16;4;2020;18:15;1;35;35333;1;1;1;6;Lieu Dit l'Epine;47,9228130; -1,4361940
202000020383;24;4;2020;15:50;1;971;97113;2;1;1;6;AMEDE CLARA;16,2055433; -61,4925438
202000020426;21;1;2020;08:50;1;45;45286;2;3;1;3;Rue des Epiceas - Rue de rosette;47,8903500;1,9412100
202000020439;20;1;2020;13:45;1;19;19031;2;6;1;3;DUBAYLE (RUE ANTOINE);45,1427700;1,4912500
202000020463;21;1;2020;10:40;1;75;75106;2;7;1;2;PLACE DU DIX HUIT JUIN 1940;48,8440360;2,3233680
202000020471;21;1;2020;15:15;1;75;75114;2;7;1;3;PLACE DE CATALOGNE;48,8372487;2,3187624
202000020478;21;1;2020;14:35;1;94;94076;2;1;1;2;VERDUN (R DE);48,7907500;2,3532500
202000020493;20;1;2020;10:10;1;92;92075;2;1;1;1;LARMEROUX (RUE);48,8170000;2,2814000
202000020505;21;1;2020;15:50;2;51;51486;1;1;7;2;D19;49,1550016;4,4055134
202000020515;20;1;2020;07:30;2;35;35040;1;1;1;2;Route de l'abbaye;48,1336730; -1,9395640
202000020519;21;1;2020;07:45;2;40;40046;2;2;1;3;Avenue de la JudÃ©e;44,3891650; -1,1650580
202000020528;16;1;2020;12:05;1;74;74081;2;6;1;1;Avenue des Lacs;46,0714090;6,5567870
202000020539;21;1;2020;10:30;1;38;38382;2;4;1;3;Rue de la Biolle;45,2387790;5,6676040
202000020584;17;1;2020;07:55;2;67;67482;2;1;1;3;BRUMATH (ROUTE DE);48,5971830;7,7411110
202000020594;11;7;2020;07:45;1;77;77146;1;9;1;2;SOUBRIARDE (AVENUE DE LA) - D10P;48,8312341;2,6428900
202000020595;9;7;2020;12:25;1;74;74133;2;2;1;3;VIGNES (RUE DES);46,1886000;6,2156400
202000020596;11;7;2020;16:11;1;67;67462;2;6;1;3;MAISON ROUGE (CARREFOUR);48,2760800;7,4627400
202000020598;12;7;2020;00:00;5;64;64122;2;1;1;7;IMPERATRICE (AVENUE DE L');43,4867200; -1,5549500
202000020600;11;7;2020;19:45;1;45;45274;2;3;1;3;Rue de Saint-Denis;47,8787838;1,9551193
202000020612;11;7;2020;08:57;1;10;10387;2;1;1;2;GENERAL DE GAULLE (RUE DU);48,3005800;4,0758800
202000020615;6;7;2020;19:34;1;03;03185;2;6;1;3;Rue Pierre Semard;46,3330671;2,6040570
202000020616;10;7;2020;11:22;1;75;75105;2;2;8;3;QUAI DE LA TOURNELLE;48,8494070;2,3567860