Num_Acc;jour;mois;an;hrmn;lum;dep;com;agg;int;atm;col;adr;lat;long
202000024755;14;2;2020;07:50;5;76;76540;2;3;1;3;NEUFCHATEL. ROUTE DE;49,4518000;1,0981700
202000024762;18;2;2020;08:03;1;74;74012;2;3;1;1;COMBES (RUE DES);46,1828600;6,2378190
202000024768;10;2;2020;12:25;1;67;67447;2;3;6;-1;PIERRE MENDES FRANCE (AVENUE);48,6090450;7,7643660
202000024776;17;2;2020;17:35;1;64;64129;2;1;2;-1;BAYONNE DE;43,3004300; -0,3931700
202000024786;14;2;2020;18:18;1;63;63014;2;2;1;-1;NOELLET (AVENUE JEAN);45,7522800;3,1079300
202000024802;14;2;2020;09:00;1;59;59170;2;2;1;3;BARBUSSE (RUE HENRI);50,3475300;3,1249900
202000024810;5;8;2020;19:00;1;44;44068;1;1;7;3;D2;47,5214540; -2,0042820
202000024814;9;9;2020;12:20;1;60;60440;2;2;1;3;Rue EugÃ¨ne Boullenger;49,4915940;2,6297340
202000024817;20;8;2020;17:30;1;18;18145;2;1;1;6;Rue de Fontbertrange;47,2280570;2,4860860
202000024819;9;9;2020;14:30;1;53;53144;1;3;1;1;Rue des Tuileries;48,3111260; -0,4984430
202000024823;9;9;2020;15:00;1;08;08486;2;1;1;7;74 Rue Carnot;50,0877240;4,7165850
202000024828;7;9;2020;17:45;1;68;68118;2;3;1;3;2 Rue du Vorbourg;47,7315590;7,4168280
202000024832;5;9;2020;13:45;1;974;97406;2;3;1;3;Rue de la RÃ©publique; -21,1478580;55,6159550
202000024840;9;9;2020;07:10;2;88;88388;1;1;7;5;Route de Bains;48,1369240;6,3899980
202000024883;6;9;2020;15:23;1;87;87085;2;2;1;3;RUBEN (AVENUE ERNEST);45,8235400;1,2511500
202000024911;5;9;2020;09:55;1;50;50602;2;2;1;3;NORTHEIM (AVENUE DE);49,6440000; -1,5811300
202000024919;7;9;2020;22:10;5;37;37261;2;2;1;3;TONNELLE (BOULEVARD);47,3836741;0,6682866
202000024920;7;9;2020;08:17;1;37;37261;2;1;1;3;JEMMAPES (RUE);47,4182324;0,6837280
202000024921;7;9;2020;18:40;1;35;35238;2;3;1;1;LORIENT (DE);48,1086500; -1,6991700
202000024927;5;9;2020;15:00;1;31;31555;2;1;1;3;AV ETIENNE BILLIERES;43,5966100;1,4241500
202000024930;7;9;2020;13:40;1;30;30189;1;1;1;2;POULX (ROUTE DE);43,8678300;4,4057500
202000024933;7;9;2020;17:00;1;27;27375;2;3;1;1;PACY (ROUTE DE);49,2009600;1,1857900
202000024935;7;9;2020;17:25;1;25;25056;2;1;1;3;Rue de la Grette;47,2274500;6,0081500
202000024936;6;9;2020;12:30;1;17;17333;2;1;1;4;SUZAC (AVENUE DE);45,5890900; -0,9866000
202000024944;29;8;2020;23:45;5;11;11262;2;3;1;3;FABRE (RUE D'EGLANTINE);43,1808100;3,0099000
202000024955;7;9;2020;18:30;1;75;75118;2;3;8;6;BOULEVARD DE CLICHY;48,8826420;2,3369070
202000024956;7;9;2020;17:15;1;75;75118;2;1;1;-1;RUE LEIBNIZ;48,8958060;2,3294090
202000024958;7;9;2020;10:00;1;75;75117;2;7;1;3;PLACE DE CLICHY;48,8834700;2,3271600
202000024960;7;9;2020;17:55;1;75;75113;2;2;1;3;BOULEVARD DE L HOPITAL;48,8331740;2,3566790
202000024962;7;9;2020;09:30;1;75;75112;2;1;1;3;AVENUE DE SAINT MANDE;48,8447800;2,4045080
202000024963;7;9;2020;21:00;5;75;75110;2;5;1;-1;RUE DU HUIT MAI 1945;48,8761990;2,3578880
202000024964;7;9;2020;18:25;1;75;75110;2;2;1;3;BOULEVARD DE MAGENTA;48,8705280;2,3611960
202000024965;7;9;2020;03:27;5;75;75109;2;7;1;3;PLACE DU HAVRE;48,8755810;2,3265970
202000024966;7;9;2020;19:20;1;75;75102;2;3;1;3;BOULEVARD POISSONNIERE;48,8708650;2,3467230
202000024971;7;9;2020;18:00;1;94;94018;2;1;1;3;MARIUS DELCHER (R);48,8284700;2,3993700
202000024975;7;9;2020;17:30;1;93;93064;2;3;1;3;KENNEDY (AVENUE DU PRESIDENT);48,8785900;2,4897200
202000024986;7;9;2020;07:40;1;92;92024;2;1;1;3;JEAN JAURES (BD) DE 47 A 109)   (56 A 14;48,9039906;2,3029822
202000024989;7;9;2020;07:30;1;22;22050;2;1;1;7;Rue Thiers;48,4555980; -2,0492400
202000024990;8;9;2020;09:10;1;37;37074;2;2;7;2;Rue des Ecoles;47,2462871;0,1625377
202000025006;21;7;2020;17:45;1;92;92025;2;1;1;7;AGENT SARRE (AV DE L');48,9240174;2,2616031
202000025022;8;8;2020;10:15;1;71;71178;2;1;1;6;Grande Rue;46,3608140;4,4822849
202000025031;6;8;2020;21:15;2;44;44014;1;1;7;2;"route DÃ©partementale 137 lieu-dit ""toufou""";47,1240490; -1,4966780
202000025049;27;7;2020;15:45;1;27;27470;2;3;1;3;Grande Rue;49,3342010;1,2735930
202000025065;8;8;2020;11:20;1;38;38412;1;1;1;6;RD 520 B;45,3578600;5,7565360
202000025066;6;8;2020;09:00;1;26;26037;1;3;1;5;Route de Crest;44,8984780;4,9407420
202000025072;8;8;2020;12:30;1;29;29181;1;1;1;1;D770 - Route de Quimper;48,4707620; -4,2788480
202000025085;6;8;2020;17:55;1;69;69386;2;1;1;3;GRANDE BRETAGNE (DE)                (AV);45,7752100;4,8429000
202000025092;6;8;2020;13:40;1;69;69381;2;3;1;3;GENERAL GIRAUD (DU)                 (CO);45,7709254;4,8167816
202000025100;5;8;2020;13:20;1;85;85194;2;2;1;3;Boulevard de Castelnau;46,4953800; -1,7766800
202000025105;4;8;2020;19:30;1;72;72181;2;2;1;3;SEMARD PIERRE (RUE);47,9724400;0,2020800
202000025121;5;8;2020;11:20;1;67;67482;2;1;1;3;PRESIDENT WILSON (BOULEVARD);48,5891000;7,7405000
202000025129;7;6;2020;10:20;1;31;31022;2;1;1;3;46 Route de Fronton;43,6711270;1,4272890
202000025141;7;6;2020;09:50;1;972;97227;1;1;1;2;RN5, Quartier Desert;14,4705600; -60,9468320
202000025159;6;11;2020;21:30;3;34;34129;2;1;2;-1;MAUGUIO (ROUTE DE);43,5744520;3,9223390
202000025164;6;11;2020;12:08;1;21;21054;2;1;1;3;17 Rue Colbert;47,0259640;4,8466420
202000025169;5;8;2020;19:15;1;49;49328;2;1;1;3;DOLMEN (ROND-POINT DU);47,2465900; -0,0936000
202000025172;5;8;2020;12:30;1;49;49007;2;1;1;3;MAIL;47,4725800; -0,5574200
202000025177;6;8;2020;14:15;1;35;35238;2;9;1;3;BULGARIE (BD DE);48,0845000; -1,6508000
202000025183;6;8;2020;16:10;1;33;33200;2;6;1;3;RUE DE LA MORANDIERE;44,8585700; -0,6775000
202000025185;6;8;2020;20:45;1;33;33009;2;1;1;7;GOELANDS (AVE DES);44,6572700; -1,1941100
202000025191;6;11;2020;19:10;5;75;75109;2;2;1;3;BOULEVARD HAUSSMANN;48,8723780;2,3374290
202000025198;3;6;2020;12:10;1;31;31045;1;6;2;3;Rn125;43,0281340;0,6110070
202000025200;7;11;2020;18:10;5;92;92073;2;3;1;2;ROOSVELT (AVENUE FRANKLIN);48,8742058;2,2211385
202000025202;8;6;2020;17:15;1;72;72248;2;1;1;-1;Impasse des Coemonts;47,8376170;0,4313290
202000025209;6;8;2020;10:31;1;17;17415;2;3;1;3;JOURDAN AVENUE;45,7453130; -0,6134780
202000025210;6;11;2020;13:40;1;35;35120;1;1;1;3;La Justice;48,2123680; -1,7669180
202000025211;7;6;2020;17:30;1;43;43132;1;1;1;1;Le Treuil;45,1077340;3,5205710
202000025229;5;8;2020;12:55;1;12;12202;2;1;1;1;GARE (RUE DE LA);44,3614900;2,5803600
202000025238;7;6;2020;10:45;1;17;17101;1;1;1;4;rd  121;45,9845280; -0,3410050
202000025254;5;8;2020;23:35;5;75;75113;2;2;1;3;BOULEVARD MASSENA;48,8240390;2,3770070
202000025255;6;8;2020;10:25;1;75;75112;2;1;1;6;RUE VILLIOT;48,8411050;2,3744220
202000025261;6;8;2020;08:10;1;75;75107;2;1;1;6;PORT DES INVALIDES;48,8631350;2,3143150
202000025262;6;8;2020;11:40;1;75;75104;2;2;1;7;PONT AU CHANGE;48,8572370;2,3471100
202000025267;6;8;2020;17:40;1;94;94004;2;2;1;3;SABLONS (R DES);48,7630000;2,4997200
202000025273;6;8;2020;18:00;1;93;93078;2;1;1;3;VAILLANT-COUTURIER (AVENUE PAUL);48,9572974;2,5341371
202000025288;5;8;2020;11:39;1;92;92049;2;2;1;3;ARNOUX AVENUE MAURICE AUTRES NÂ°;48,8106920;2,3078974
202000025292;7;8;2020;07:20;2;43;43110;1;6;7;3;Rond point de Lamothe;45,3033880;3,4070490
202000025295;6;8;2020;19:11;1;05;05093;2;1;1;3;Roubion;45,0175620;6,6321270
202000025310;6;11;2020;07:00;2;973;97302;2;6;1;3;BADUEL (ROND POINT DE);4,9332500; -52,3095900
202000025320;4;11;2020;08:15;1;972;97209;2;1;1;2;BISHOP (Avenue Maurice);14,6038000; -61,0617000
202000025335;6;6;2020;11:10;1;69;69149;2;1;8;3;GRANDE RUE                          (GR);45,7126721;4,8038271
202000025341;4;11;2020;09:10;1;80;80021;2;1;1;3;EUROPE (AVENUE DE L');49,9226000;2,3034100
202000025345;6;11;2020;07:40;1;76;76540;2;1;1;3;NEUFCHATEL. ROUTE DE;49,4530300;1,0986600
202000025349;6;11;2020;12:10;1;74;74010;2;1;1;3;RHONE (AVENUE DU);45,8979690;6,1155360
202000025356;6;11;2020;11:30;1;67;67482;2;1;1;3;SCHWEIGHAEUSER (RUE);48,5875831;7,7673290
202000025370;6;6;2020;14:20;1;35;35238;2;1;1;3;ISLY (RUE D');48,1056100; -1,6775300
202000025373;6;6;2020;15:00;1;33;33009;2;2;1;6;HERICART DE THURY (CRS);44,6607400; -1,1661300
202000025377;7;6;2020;00:15;5;17;17300;2;1;1;1;GRASSET   AVENUE EDMOND (61-85B);46,1633800; -1,1672900
202000025378;5;11;2020;15:05;1;56;56083;2;6;1;3;PARCO ( R-P DU );47,7931000; -3,2655400
202000025383;5;11;2020;15:45;1;54;54184;2;2;7;3;BRIGACHTAL (AVENUE DE);48,7007680;6,2245599
202000025385;6;11;2020;12:10;1;49;49328;2;6;1;1;CARROUSEL (ROND-POINT DU);47,2656900; -0,0945100
202000025386;6;6;2020;10:25;1;14;14242;2;3;8;3;GRACE DE DIEU (RUE DE LA );49,2202400; -0,3711000
202000025389;6;11;2020;16:40;1;44;44109;2;2;1;3;RUE ROMAIN ROLLAND;47,2054066; -1,6065769
202000025400;6;11;2020;12:30;1;35;35238;2;9;1;3;NITSCH (CARREFOUR GEORGES);48,1017900; -1,6842000
202000025407;20;10;2020;15:50;1;33;33522;2;8;2;1;CRS DE LA LIBERATION;44,8079000; -0,5915000
202000025409;6;11;2020;13:16;1;31;31557;2;1;1;3;NEOUVIELLE (RUE DU);43,5795500;1,3149900
202000025423;6;6;2020;20:10;1;75;75118;2;3;1;3;AVENUE DE CLICHY;48,8853050;2,3266070
202000025428;5;11;2020;13:00;1;10;10387;2;2;1;3;PIERRE BROSSOLETTE (RUE);48,2870000;4,0771000
202000025432;3;6;2020;18:15;1;75;75112;2;2;1;3;RUE JOSEPH KESSEL;48,8349089;2,3846374
202000025433;6;11;2020;15:15;1;06;06027;2;9;1;2;GRASSE AVENUE DE;43,6601000;7,1307380
202000025439;6;6;2020;15:05;1;75;75111;2;1;1;3;AVENUE PHILIPPE AUGUSTE;48,8513450;2,3940950
202000025440;6;6;2020;17:00;1;75;75104;2;3;1;6;RUE DE RIVOLI;48,8552230;2,3611070
202000025441;4;10;2020;13:15;1;04;04122;1;1;1;3;RN 85;44,0410980;6,0707620
202000025443;26;9;2020;20:50;5;17;17337;2;1;1;3;291 Rue de la Couarde;45,9683740; -1,2912820
202000025450;6;6;2020;09:45;1;94;94059;2;2;1;3;JEAN KIFFER (AV);48,8068500;2,5710200
202000025455;6;11;2020;13:40;1;75;75110;2;3;1;3;QUAI DE VALMY;48,8792400;2,3667440
202000025458;6;11;2020;10:35;1;75;75103;2;4;1;7;RUE DE TURBIGO;48,8668030;2,3619930
202000025462;21;9;2020;17:40;1;973;97309;2;1;1;3;D'1 (rd1);4,8939830; -52,2581760
202000025477;6;11;2020;18:20;2;94;94079;2;2;1;3;MONTRICHARD (AV);48,8307500;2,5485100
202000025485;5;11;2020;10:45;1;93;93066;2;9;1;1;LIBERATION RD14 (BOULEVARD);48,9280701;2,3412906
202000025499;3;10;2020;11:25;1;60;60103;2;1;1;3;Rue du General de Gaulle;49,4091060;2,2510760
202000025506;6;11;2020;13:21;1;92;92040;2;1;1;3;ARISTIDE BRIAND;48,8213070;2,2546130
202000025511;7;6;2020;11:15;1;49;49279;1;1;1;7;22 Lieu Dit la Roche;47,3650340; -0,2969420
202000025562;6;11;2020;17:45;3;978;97801;2;1;1;2;95 rue Lady Fish;18,0594560; -63,1005930
202000025567;6;6;2020;18:50;1;74;74159;2;3;2;1;423 Route de Saxel;45,9915320;6,6233930
202000025586;7;11;2020;06:30;3;60;60542;1;1;5;3;route nationale 31;49,4136944;2,1872675
202000025607;3;10;2020;12:10;1;37;37261;2;2;1;-1;HALLES (RUE DES);47,3936839;0,6861343
202000025625;3;10;2020;11:35;1;17;17306;2;1;3;6;KERIMEL DE KERVENO (ES.FM));45,6237800; -1,0267000
202000025638;3;10;2020;18:14;1;10;10387;2;6;3;3;GEORGES POMPIDOU (RUE);48,2880410;4,0814160
202000025642;5;6;2020;07:45;1;69;69387;2;2;8;3;GERLAND (DE)                        (R );45,7368200;4,8397500
202000025649;4;6;2020;08:40;1;88;88160;2;4;1;1;ROUX (RUE DU PROFESSEUR-);48,1837100;6,4378600
202000025657;5;6;2020;08:35;1;80;80632;2;1;1;3;Bernard RISBOURG;49,8767400;2,2555000
202000025670;3;10;2020;00:56;5;75;75111;2;2;2;-1;RUE DE LA ROQUETTE;48,8585370;2,3837020
202000025673;3;10;2020;15:45;1;75;75103;2;3;1;6;RUE DU PARC ROYAL;48,8583350;2,3638540
202000025682;4;6;2020;13:00;1;67;67482;2;1;8;3;COLMAR (AVENUE DE);48,5687500;7,7530900
202000025683;3;10;2020;10:50;1;94;94076;2;1;1;3;PARIS (AV DE);48,8011000;2,3652000
202000025710;1;10;2020;15:20;1;974;97414;2;2;1;3;188 Rue Saint Jean XXIII; -21,2764030;55,4157580
202000025743;4;10;2020;14:50;1;66;66230;1;1;1;2;La Llentilla;42,6457180;2,5115400
202000025749;2;10;2020;15:30;1;02;02684;2;9;2;3;Rue Edmond Dormoy;49,9194400;4,1231880
202000025773;15;4;2020;13:30;1;75;75109;2;1;1;6;RUE DU FAUBOURG POISSONNIERE;48,8752050;2,3481120
202000025779;15;4;2020;08:50;1;92;92025;2;2;1;3;VERDUN (RUE DE);48,9240124;2,2525740
202000025780;9;4;2020;12:15;1;02;02765;2;9;1;3;D65;49,5188410;3,5540470
202000025812;14;4;2020;10:40;1;91;91549;2;9;1;3;RD 117;48,6258800;2,3421000
202000025817;12;4;2020;10:30;1;56;56098;2;1;1;7;PEN MANE (RUE DE);47,7595200; -3,3254400
202000025822;14;4;2020;20:50;5;37;37261;2;1;1;1;LAPONNERAYE (RUE);47,3831222;0,6894884
202000025827;14;4;2020;19:00;1;75;75115;2;2;1;2;RUE DE LA CONVENTION;48,8410980;2,2879040
202000025861;14;4;2020;07:50;1;67;67445;2;3;7;1;14 Rue de la Gare;48,2879181;7,4276447
202000025870;14;4;2020;16:10;1;03;03084;2;9;1;7;Route dâHerisson;46,4741217;2,8234217
202000025873;9;4;2020;00:10;5;973;97312;2;1;1;3;Rue LÃ©onel DrÃ©an;5,3795824; -52,9578495
202000025876;13;4;2020;15:35;1;33;33498;1;1;7;6;67 Route de Compostelle;44,5869650; -0,7757970
202000025890;11;4;2020;09:50;1;29;29039;2;6;1;3;Rond Point de Keriolet;47,8883900; -3,9188700
202000025898;12;4;2020;16:15;1;62;62859;2;2;1;3;22 Rue de Wavans;50,2289310;2,2092390
202000025928;12;4;2020;03:10;3;38;38412;1;1;1;1;RD520;45,3830300;5,7095300
202000025937;10;4;2020;18:30;2;973;97302;2;1;1;-1;ILET MALOUIN;4,9294135; -52,3327571
202000025941;10;4;2020;15:11;1;91;91692;2;6;1;3;DORDOGNE (AVENUE DE);48,6765500;2,1669500
202000025944;9;4;2020;15:00;1;64;64122;2;1;1;6;16 Avenue Henri Haget;43,4811190; -1,5376270
202000025945;10;4;2020;10:30;1;59;59648;2;2;1;3;14 JUILLET AVENUE DU;50,5848100;3,0432900
202000025955;18;12;2020;11:00;1;72;72054;1;6;1;3;Saint Hubert des Rochers;48,0076110;0,3381730
202000025960;17;12;2020;17:50;3;18;18124;1;1;1;2;D20;47,0957500;2,0920800
202000025983;17;12;2020;11:30;1;66;66210;2;6;8;3;Rue des Freres Mach;42,6280810;2,7567530
202000026009;16;12;2020;16:15;1;974;97411;2;1;1;3;Rue Maurice Tomi; -20,9076500;55,5004700
202000026014;16;12;2020;06:42;5;69;69387;2;2;1;3;JEAN JAURES                         (AV);45,7515940;4,8456600
202000026029;16;12;2020;18:30;5;73;73065;2;6;1;1;MOTTE SERVOLEX (AVENUE DE LA);45,5818800;5,8874100
202000026036;16;12;2020;17:45;5;64;64445;2;1;1;3;EMILE GARET;43,2990000; -0,3636700
202000026045;15;12;2020;09:00;1;56;56083;2;6;2;3;ALLENDE ( AV. PRES. SALVADOR );47,8154800; -3,2439500
202000026047;14;12;2020;08:20;2;49;49007;2;1;1;3;DESCAZEAUX BOULEVARD;47,4756500; -0,5639500
202000026048;15;12;2020;20:35;5;49;49007;2;1;1;7;KENNEDY PLACE;47,4692664; -0,5580658
202000026054;15;12;2020;12:20;1;37;37195;2;1;1;-1;MELIES (RUE GEORGES);47,3897708;0,6550162
202000026057;1;12;2020;18:35;5;33;33063;2;2;1;3;RUE POMME D'OR;44,8546900; -0,5698300
202000026074;16;10;2020;13:45;1;75;75119;2;3;1;6;AVENUE DE FLANDRE;48,8911350;2,3775560
202000026077;16;12;2020;19:12;5;75;75115;2;3;1;3;RUE DE VAUGIRARD;48,8359660;2,2936890
202000026079;14;12;2020;18:00;5;75;75115;2;1;8;6;RUE DE LA CONVENTION;48,8366220;2,2985590
202000026082;16;12;2020;14:50;1;75;75111;2;1;1;3;BOULEVARD DE CHARONNE;48,8548080;2,3955300
202000026085;16;12;2020;11:40;1;75;75103;2;1;1;7;RUE DE POITOU;48,8615930;2,3626910
202000026086;15;12;2020;17:55;5;75;75104;2;3;1;6;RUE DE RIVOLI;48,8552200;2,3611480
202000026087;15;12;2020;16:00;1;75;75102;2;7;1;3;BOULEVARD DES CAPUCINES;48,8706110;2,3320550
202000026105;16;12;2020;09:15;1;92;92072;2;6;8;3;GRANDE RUE;48,8253211;2,2159672
202000026122;16;12;2020;14:30;1;80;80620;2;1;1;-1;Rue Dehaussy;49,9317930;2,9413260
202000026131;17;12;2020;15:40;1;01;01304;2;3;2;3;Avenue de l'Oiselon;46,0461650;5,3378160
202000026136;17;12;2020;15:45;2;53;53266;1;1;1;2;La Nivelaie;48,2954140; -0,2867600
202000026152;17;1;2020;08:49;1;77;77487;2;6;2;3;SAINT JUST (AVENUE) - RD82E2;48,5342100;2,6839000
202000026153;16;1;2020;19:07;4;76;76165;2;1;1;-1;CHENNEVIERE. RUE;49,2899100;1,0262500
202000026160;16;1;2020;16:25;1;64;64284;2;3;7;3;GENERAL LECLERC DU;43,2879300; -0,3898700
202000026161;16;1;2020;08:35;1;64;64024;2;3;1;3;BIARRITZ (AVENUE DE);43,4811000; -1,5333700
202000026167;16;1;2020;11:40;1;50;50173;2;6;1;3;BRECOURT (rond point de );49,6536100; -1,6763100
202000026181;5;1;2020;15:50;1;33;33281;2;6;1;1;AVE DE L'ALOUETTE / AVE DE KAOLACK;44,8249300; -0,6628500
202000026182;8;1;2020;16:05;1;33;33281;2;2;1;3;AVE MARCEL DASSAULT / Rocade  A630 (E10) (EntrÃ©e bretelle);44,8435200; -0,6729400
202000026185;17;1;2020;08:03;1;31;31555;2;1;1;4;RTE DE LAUNAGUET;43,6436200;1,4391000
202000026216;16;1;2020;07:04;5;75;75117;2;2;1;3;BOULEVARD DE DOUAUMONT;48,8966753;2,3095669
202000026225;17;1;2020;15:40;1;75;75113;2;3;8;3;BOULEVARD ARAGO;48,8360490;2,3495330
202000026227;17;1;2020;01:45;5;75;75111;2;2;1;2;RUE DES TROIS BORNES;48,8668760;2,3733620
202000026229;17;1;2020;11:19;1;75;75108;2;2;1;3;PONT ALEXANDRE III;48,8646740;2,3136520
202000026230;17;1;2020;09:26;1;75;75108;2;1;1;7;AVENUE GEORGE V;48,8688020;2,3011147
202000026231;16;1;2020;20:55;5;75;75101;2;1;1;7;PONT DES ARTS;48,8590450;2,3378750
202000026240;17;1;2020;19:15;5;94;94069;2;1;1;6;MOULIN DES CORBEAUX (ALL DU);48,8147900;2,4567700
202000026322;14;1;2020;19:20;5;94;94068;2;2;1;3;VASSAL (R);48,7930000;2,4770000
202000026323;16;1;2020;14:20;1;988;98818;2;1;1;7;RUE ARNOLD DALY; -22,2837300;166,4679200
202000026331;16;1;2020;13:55;1;2B;2B033;1;1;1;5;ST FLORENT-ANCIENNE RT DE;42,6809700;9,4009900
202000026335;5;1;2020;12:20;1;83;83118;2;1;7;3;BOULEVARD DE LA BAUMETTE;43,4284347;6,8715459
202000026340;10;1;2020;12:10;1;76;76351;2;2;1;3;LOUIS BRINDEAU;49,4912200;0,1033600
202000026349;8;7;2020;11:50;1;45;45302;2;6;1;-1;D2020 PR 22 + 823;47,9569500;1,8902700
202000026350;25;5;2020;11:55;1;38;38185;2;1;1;6;Avenue Jean Perrot;45,1805100;5,7350800
202000026353;8;7;2020;07:50;2;35;35238;2;1;1;1;ALMA (DE L');48,1018600; -1,6762800
202000026358;7;7;2020;18:00;1;31;31555;2;1;1;3;296 Route de Seysses;43,5739800;1,4196600
202000026361;7;7;2020;18:20;2;18;18033;2;1;1;3;TURLY (RUE DE);47,0974000;2,4134000
202000026382;7;7;2020;18:40;1;75;75117;2;2;1;1;RUE FOURCROY;48,8804510;2,2964520
202000026384;8;7;2020;16:15;1;75;75116;2;1;1;3;VOIE GEORGES POMPIDOU;48,8569240;2,2872810
202000026386;8;7;2020;18:10;1;75;75116;2;7;1;3;AVENUE FOCH;48,8737550;2,2941040
202000026388;8;7;2020;14:30;1;75;75115;2;2;1;-1;RUE CAMBRONNE;48,8426170;2,3027060
202000026391;7;7;2020;21:15;1;75;75115;2;2;1;3;BOULEVARD DE GRENELLE;48,8491440;2,2980440
202000026397;8;7;2020;19:10;1;75;75107;2;1;1;3;PONT DE L ALMA;48,8631690;2,3017380
202000026400;7;7;2020;21:05;1;94;94043;2;1;1;6;FONTAINEBLEAU (AV DE);48,8131900;2,3612500
202000026407;8;7;2020;09:30;1;93;93051;2;9;1;1;MONT D'EST (BD);48,8426418;2,5485471
202000026410;8;7;2020;09:18;1;93;93006;2;1;1;3;AV GAMBETTA;48,8726000;2,4193000
202000026411;8;7;2020;09:25;1;93;93001;1;1;1;6;JEAN MARIE TJIBAOU (QUAI);48,9166708;2,3712885
202000026430;8;7;2020;10:35;1;77;77101;1;1;1;3;D75;48,4023357;3,0967444
202000026441;8;7;2020;18:10;1;38;38150;1;6;1;3;Rond point Jean Moulin;45,2101960;5,8318040
202000026459;9;7;2020;16:15;1;38;38289;1;4;1;3;Allemond;45,1279860;6,0453990
202000026464;8;7;2020;16:00;1;971;97116;1;4;1;1;Chemin de Brion Lebraire;16,3205200; -61,4605670
202000026472;8;7;2020;17:50;1;42;42299;2;1;1;1;AllÃ©e du BicÃªtre;45,6124090;4,0798490
202000026478;7;7;2020;10:30;1;85;85035;1;1;1;2;Route de la Chaize;46,6311100; -1,8425170
202000026508;7;7;2020;14:10;1;83;83069;2;1;1;3;ALMANARRE (ROUTE DE L');43,0847500;6,1116900
202000026509;7;7;2020;08:10;1;82;82121;2;6;7;3;boulevard d' Occitanie;44,0444800;1,3789100
202000026515;6;7;2020;11:30;1;73;73065;1;2;1;3;D10 LANDIERS (AVENUE DES);45,5911967;5,9033932
202000026517;7;7;2020;22:10;5;69;69266;2;2;1;3;COLIN     (Rue);45,7747300;4,8740800
202000026519;4;7;2020;15:00;1;67;67482;2;1;1;1;BASSIN DE L ILL (QUAI DU);48,5961841;7,7709684
202000026520;4;7;2020;13:50;1;67;67218;2;1;1;3;STRASBOURG (AVENUE DE);48,5464030;7,7390162
202000026526;5;7;2020;16:00;1;54;54528;2;9;1;7;GEORGES CLEMENCEAU (AVENUE);48,6796940;5,8791010
202000026537;7;7;2020;16:40;1;33;33529;1;1;1;5;PISTE 214;44,5769600; -1,1981900
202000026541;17;2;2020;22:15;5;51;51108;2;1;1;3;Parking Carrefour Croix DampiÃ¨re;48,9432465;4,3857693
202000026544;17;2;2020;15:15;1;49;49007;2;1;1;2;BLANCHOIN BOULEVARD;47,4482700; -0,5389300
202000026546;10;2;2020;18:17;2;49;49007;2;1;1;3;JOACHIM DU BELLAY;47,4667900; -0,5427600
202000026547;8;2;2020;19:33;5;49;49007;2;1;2;3;PASTEUR AVENUE;47,4814300; -0,5234800
202000026551;11;2;2020;08:45;1;45;45147;1;1;8;3;333 Rue Marcelin Berthelot;47,9449300;1,9210000
202000026553;14;2;2020;16:20;1;40;40192;2;1;1;5;PANAY (AVENUE DAVID);43,9003000; -0,5115000
202000026558;17;2;2020;17:40;1;37;37261;2;6;1;3;PORTILLON (QUAI DE);47,4004116;0,6789153
202000026569;5;1;2020;20:00;5;34;34172;2;2;1;3;GRASSET (AVENUE DU PROFESSEUR);43,6216200;3,8686600
202000026619;18;2;2020;14:03;1;11;11069;2;3;1;3;TROIS COURONNES;43,2105000;2,3553000
202000026620;17;2;2020;16:17;1;10;10387;2;6;2;3;DANTON (RUE);48,3017000;4,0748000
202000026624;11;2;2020;11:30;1;09;09122;2;9;2;7;MITTERAND (BOULEVARD FRANCOIS);42,9588290;1,6119410
202000026649;18;2;2020;10:45;1;75;75107;2;1;1;6;BOULEVARD DES INVALIDES;48,8553130;2,3149120
202000026675;18;2;2020;09:00;1;92;92024;2;1;1;3;RUE HENRI BARBUSSE;48,8990824;2,3041034
202000026676;14;2;2020;12:00;1;60;60157;2;2;1;3;avenue gambetta;49,3829490;2,4026850
202000026677;19;2;2020;15:55;1;22;22014;1;2;1;3;D792;48,4453720; -2,2823240
202000026707;19;2;2020;11:45;1;06;06105;1;1;1;3;Route de la Colle sur Loup;43,6875380;7,0703310
202000026742;8;9;2020;08:50;1;38;38410;1;1;1;2;Route de Saint Marcellin;45,0850660;5,1996120
202000026749;8;9;2020;16:30;1;72;72050;2;1;1;6;8 Chemin des Rochers;47,9602580; -0,2292380
202000026758;8;9;2020;10:15;1;17;17241;1;2;1;1;Cottieres Sud;45,2066900; -0,1577650
202000026759;8;9;2020;09:25;1;48;48009;1;3;1;3;D809 PK18+200;44,7417340;3,2876910
202000026769;7;9;2020;18:00;1;38;38052;1;1;1;7;Rue du Martinet;45,0729700;6,0129000
202000026783;8;9;2020;10:12;1;09;09282;2;1;1;3;D927;43,2404550;1,5721070
202000026805;7;9;2020;00:05;3;69;69383;2;1;1;7;VILLETTE (DE LA)                    (R );45,7619169;4,8618870
202000026834;6;9;2020;10:20;1;03;03321;2;6;1;2;rond point LibertÃ©;46,5535121;3,3639192
202000026841;6;9;2020;13:40;1;75;75113;2;2;8;3;AVENUE D ITALIE;48,8222070;2,3585300
202000026842;6;9;2020;13:15;1;75;75113;2;2;2;7;BOULEVARD VINCENT AURIOL;48,8338520;2,3651340
202000026845;6;9;2020;16:25;1;75;75107;2;7;1;1;PLACE HENRY DE MONTHERLANT;48,8607770;2,3253290