Num_Acc;jour;mois;an;hrmn;lum;dep;com;agg;int;atm;col;adr;lat;long
202000026847;6;9;2020;17:05;1;75;75101;2;4;1;3;RUE DE RIVOLI;48,8604840;2,3421380
202000026848;6;9;2020;16:15;1;75;75103;2;2;8;3;RUE BEAUBOURG;48,8637460;2,3548890
202000026851;6;9;2020;14:20;1;94;94056;2;1;1;1;BRIE (R DE);48,6971300;2,5523100
202000026853;6;9;2020;09:20;1;93;93057;2;5;1;3;MONTYON (AL.) 1 A 74;48,9128396;2,5068391
202000026857;5;8;2020;20:15;1;22;22050;2;1;1;1;Boulevard AndrÃ© Aubert;48,4639800; -2,0427380
202000026862;6;9;2020;16:50;1;74;74034;1;4;1;3;pont de gys;46,2830430;6,6166660
202000026873;7;9;2020;09:30;1;57;57317;1;1;1;2;D38;48,7753960;7,1598300
202000026915;6;9;2020;10:50;1;974;97418;1;1;1;2;Rue Adolphe Pegoud; -20,8975960;55,5175260
202000026924;6;9;2020;15:30;1;73;73256;1;1;1;1;D902;45,1979377;6,4642718
202000026943;6;8;2020;10:25;1;85;85302;1;1;1;3;D111 ;46,9676110; -1,0056060
202000026964;2;8;2020;07:22;1;971;97116;1;1;7;4;Rue du Moule - RN5;16,3152790; -61,4827970
202000026969;5;8;2020;08:05;1;83;83107;1;6;7;3;Route Departementale N7;43,4631680;6,6357930
202000026974;6;8;2020;22:30;5;57;57206;2;1;1;7;81 Rue des Ducs de Bar;49,2926730;6,1042790
202000026977;5;8;2020;18:21;1;38;38344;2;1;1;3;Rue Fernand LÃ©ger;45,3730500;4,8128700
202000026978;7;8;2020;07:00;1;38;38565;1;1;1;1;Rue Louis Neel;45,3082600;5,6123700
202000026980;6;8;2020;10:00;1;26;26064;1;1;1;2;Route de Crest;44,8910560;5,0167040
202000027007;10;4;2020;09:50;1;75;75119;2;3;1;6;AVENUE JEAN JAURES;48,8872280;2,3871660
202000027048;4;11;2020;09:05;1;86;86194;2;6;1;3;Route de Nouaille;46,5637633;0,3652270
202000027055;5;11;2020;06:45;5;85;85191;2;2;1;3;Boulevard Jean Yole;46,6804000; -1,4301200
202000027068;11;4;2020;16:40;1;14;14384;2;1;1;7;46 Avenue Pierre Laurent;49,3139880; -0,3524960
202000027091;5;11;2020;08:00;2;67;67482;2;1;1;1;LYON (BOULEVARD DE);48,5748547;7,7351050
202000027110;9;4;2020;14:00;1;13;13056;1;1;1;2;ROUTE DU PORT DE LAVERA;43,3947500;5,0110100
202000027124;8;4;2020;22:23;5;75;75115;2;2;1;6;RUE DE DANTZIG;48,8335040;2,2986920
202000027132;5;8;2020;09:45;1;33;33529;2;1;1;1;112 Boulevard de l'Ocean;44,6276400; -1,2024100
202000027135;10;3;2020;09:14;1;974;97415;2;1;1;1;22 Chemin Labbe; -21,0661550;55,2803650
202000027142;5;8;2020;15:45;1;27;27229;2;1;1;2;ROOSEVELT (RUE FRANKLIN DELANO);49,0221000;1,1520000
202000027175;5;8;2020;10:20;1;13;13028;2;9;1;-1;CD.559;43,1920810;5,6072610
202000027184;5;11;2020;12:40;1;75;75115;2;1;1;3;RUE ROUELLE;48,8491900;2,2904340
202000027185;5;11;2020;09:00;1;75;75113;2;1;1;3;RUE DE TOLBIAC;48,8261740;2,3579200
202000027194;5;11;2020;20:55;5;94;94018;2;1;1;3;4 R DU PONT;48,8178500;2,4197700
202000027210;4;11;2020;13:15;1;94;94002;2;1;1;1;JEAN BAPTISTE CLEMENT (QU);48,7961100;2,4220800
202000027213;4;8;2020;23:10;5;75;75116;2;2;1;6;AVENUE HENRI MARTIN;48,8638670;2,2719780
202000027216;5;8;2020;09:35;1;75;75119;2;1;1;6;RUE DE BELLEVILLE;48,8735380;2,3835400
202000027222;5;8;2020;19:30;1;75;75118;2;2;1;3;AVENUE DE LA PORTE DE LA CHAPELLE;48,8987070;2,3593610
202000027227;5;8;2020;19:30;1;75;75117;2;2;1;6;BOULEVARD PEREIRE;48,8773850;2,2840520
202000027233;5;11;2020;10:40;1;92;92040;2;9;1;7;MAXIMILIEN ROBESPIERRE;48,8205213;2,2690952
202000027240;5;8;2020;10:40;1;75;75113;2;2;1;3;BOULEVARD DE L HOPITAL;48,8388540;2,3610010
202000027244;4;8;2020;19:45;1;75;75112;2;2;1;3;QUAI DE LA RAPEE;48,8434350;2,3707000
202000027245;8;4;2020;08:00;1;67;67447;2;1;1;3;30 Avenue de l'Europe;48,6154200;7,7189900
202000027252;2;10;2020;08:30;1;974;97411;2;2;1;3;Boulevard Jean JaurÃ¨s; -20,8894420;55,4506480
202000027255;5;8;2020;20:50;1;75;75107;2;1;1;3;QUAI BRANLY;48,8619250;2,2988400
202000027259;8;4;2020;12:00;1;31;31555;2;1;2;3;RUE DU FAUBOURG BONNEFOY;43,6160236;1,4531650
202000027263;2;10;2020;10:30;1;69;69383;2;1;2;6;DOCTEUR BOUCHUT (DU)                (R );45,7594240;4,8545569
202000027266;8;4;2020;09:30;1;10;10343;2;6;1;3;CHATEAU DES COURS (RUE DU);48,2719900;4,0908100
202000027271;4;8;2020;13:45;1;94;94067;2;2;1;3;GENERAL LECLERC (CENTRE (PL DU);48,8467100;2,4176800
202000027273;4;11;2020;12:06;1;11;11203;2;1;1;3;RD611;43,1822030;2,7479980
202000027276;4;8;2020;18:20;1;94;94068;2;3;1;7;CHANZY (AV);48,7900920;2,5182830
202000027305;8;4;2020;18:30;1;76;76452;2;6;1;7;Rue de Bois Isambert;49,5435800;1,1042010
202000027324;1;10;2020;11:30;1;83;83069;2;1;1;2;MOULIN PREMIER (CHEMIN DU);43,1288856;6,1551195
202000027326;5;11;2020;14:45;1;07;07132;1;1;8;1;D212;44,5364780;4,2944740
202000027358;1;10;2020;15:30;1;67;67482;2;1;3;3;PAUL DOPFF (RUE) ;48,5550000;7,7680600
202000027379;5;11;2020;17:02;2;01;01160;2;6;8;3;Avenue du Jura;46,2595110;6,1110590
202000027398;2;10;2020;17:10;1;56;56260;2;3;3;3;Boulevard de la Paix;47,6594000; -2,7502000
202000027399;2;2;2020;10:10;1;83;83069;1;6;1;3;NICE (ROUTE DE);43,1287000;6,1553000
202000027431;27;1;2020;17:55;5;69;69275;2;6;2;3;LAVOIR (DU)                         (RP);45,7636900;4,9630900
202000027434;1;10;2020;14:10;1;54;54339;2;1;2;3;RD32;48,7237000;6,1809000
202000027452;12;1;2020;17:35;5;59;59279;2;9;1;2;LYS (RUE DE LA);50,7805330;3,1061650
202000027456;1;10;2020;08:06;2;49;49007;2;1;2;7;LETANDUERE;47,4636671; -0,5552910
202000027463;1;11;2020;21:15;5;62;62771;2;2;2;3;ANICHE (R D');50,4168700;2,8653400
202000027467;3;11;2020;07:30;1;59;59350;2;3;1;3;FAUBOURG DE BETHUNE RUE;50,6176800;3,0273200
202000027476;3;11;2020;18:15;2;54;54395;2;2;1;3;LOUIS (RUE BARON);48,6966261;6,1743288
202000027477;1;10;2020;12:15;1;37;37261;2;9;1;-1;BUFFON (RUE);47,3930801;0,6908174
202000027479;1;10;2020;16:35;1;35;35238;2;1;2;6;CHATEAUBRIAND (QUAI);48,1102800; -1,6762400
202000027487;29;1;2020;05:40;5;18;18033;1;6;9;3;DE GAULLE (AV DU GENERAL) NÂ° PAIRS;47,1169000;2,4191910
202000027505;14;2;2020;13:00;1;75;75108;2;3;1;2;AVENUE DES CHAMPS ELYSEES;48,8710840;2,3035260
202000027519;4;11;2020;08:55;1;17;17200;2;6;1;3;LAGORD   AVENUE DE;46,1874569; -1,1589104
202000027526;4;6;2020;14:25;1;64;64445;2;6;2;3;ALSACE LORRAINE D';43,3038000; -0,3675600
202000027536;4;6;2020;10:05;1;63;63164;2;6;1;3;Patural/sous les ors;45,8271374;3,1508780
202000027550;7;4;2020;08:25;1;37;37261;2;2;1;-1;VICTOIRE (RUE DE LA);47,3925916;0,6789603
202000027556;4;11;2020;08:30;1;75;75118;2;2;1;3;AVENUE DE LA PORTE DE MONTMARTRE;48,9010960;2,3351470
202000027558;2;6;2020;09:25;1;56;56121;2;4;1;3;PERRIERE ( AV DE LA );47,7344100; -3,3653500
202000027559;6;4;2020;15:00;1;31;31555;2;1;1;-1;NARBONNE (ROUTE DE);43,5711000;1,4543500
202000027563;4;11;2020;18:25;3;75;75119;2;7;1;3;PLACE AUGUSTE BARON;48,9003050;2,3870570
202000027569;4;11;2020;06:45;2;75;75116;2;4;1;1;ROUTE DE SURESNES;48,8642310;2,2358300
202000027574;4;11;2020;17:15;5;75;75113;2;2;1;3;AVENUE D ITALIE;48,8222050;2,3585250
202000027577;4;11;2020;08:15;1;75;75111;2;1;1;3;AVENUE LEDRU ROLLIN;48,8527840;2,3769980
202000027580;4;6;2020;18:45;1;50;50502;2;6;1;2;MALRAUX (rue AndrÃ©);49,1059000; -1,0691000
202000027581;7;4;2020;10:05;1;75;75120;2;3;1;3;AVENUE GAMBETTA;48,8646680;2,3945160
202000027582;4;6;2020;09:54;1;45;45068;2;1;3;7;D40 - PR 0+730;48,0180825;2,7151919
202000027599;4;11;2020;18:15;5;94;94079;2;1;1;1;JEAN MONNET (BD);48,8349800;2,5399100
202000027603;2;6;2020;11:00;1;35;35281;2;1;1;6;NANTES (RUE DE);48,0931500; -1,6910700
202000027604;2;10;2020;08:10;1;75;75116;2;2;3;6;AVENUE FOCH;48,8721380;2,2795710
202000027607;4;6;2020;12:05;1;35;35051;2;1;1;1;FOUGERES (ROUTE DE);48,1348800; -1,6273400
202000027627;2;10;2020;08:00;1;75;75110;2;1;2;2;RUE ALIBERT;48,8719470;2,3688960
202000027636;29;5;2020;16:08;1;29;29019;2;6;1;3;Rue GÃ©nÃ©ral Paulet;48,4226187; -4,4759439
202000027642;5;6;2020;16:13;1;17;17028;2;6;1;3;GRASSET   AVENUE EDMOND;46,1350200; -1,1204700
202000027647;1;10;2020;20:30;5;94;94068;2;1;1;2;FOCH (AV);48,7983000;2,5017200
202000027667;3;6;2020;15:00;1;05;05061;2;1;1;7;FOREST D'ENTRAIS ( RUE  DU );44,5665700;6,0874600
202000027669;5;6;2020;20:35;1;75;75120;2;1;2;7;AVENUE DE LA PORTE DE BAGNOLET;48,8649100;2,4107770
202000027671;5;6;2020;19:10;2;75;75120;2;2;1;3;RUE DES PYRENEES;48,8576380;2,4039030
202000027678;5;6;2020;12:50;1;75;75116;2;3;8;6;RUE DE LA POMPE;48,8608120;2,2752160
202000027689;5;6;2020;17:50;1;75;75114;2;3;8;2;RUE D ALESIA;48,8278390;2,3289510
202000027691;5;6;2020;09:19;1;75;75113;2;4;1;3;GARE D AUSTERLITZ;48,8430730;2,3663220
202000027700;4;6;2020;13:30;1;75;75108;2;3;2;3;AVENUE DES CHAMPS ELYSEES;48,8710890;2,3034860
202000027702;5;6;2020;11:00;1;75;75103;2;2;1;3;RUE DE BEARN;48,8568210;2,3660330
202000027725;22;9;2020;09:40;1;92;92004;2;1;8;3;ROBERT DUPONT;48,9195703;2,2808239
202000027745;3;6;2020;22:28;5;92;92024;2;6;3;2;FRANCOIS MITERRAND (PLACE);48,9029521;2,3128608
202000027748;1;10;2020;12:40;1;66;66149;1;1;1;3;3 Avenue du Pla d'Alt;42,6235980;2,4421670
202000027757;4;6;2020;19:10;1;92;92004;2;3;1;2;MALAKOFF;48,9146400;2,2855400
202000027767;6;6;2020;15:45;1;45;45247;1;3;1;3;Rue de la Varenne - rue du pont de feuillet;48,0041179;2,6748758
202000027778;2;10;2020;07:40;2;91;91661;2;1;3;1;Rue des Maraichers;48,6985160;2,2302670
202000027783;6;6;2020;10:20;1;49;49125;2;6;1;2;boulevard charles de gaulle;47,1929930; -0,2895280
202000027786;4;6;2020;15:56;1;31;31095;1;1;1;7;Cazaux;43,0329020;0,7437120
202000027794;3;6;2020;10:30;1;64;64499;2;7;1;1;9 Place Jeanne d'Albret;43,4718940; -0,9241540
202000027818;6;6;2020;11:30;1;34;34226;1;2;1;3;D37;43,3529490;2,9868010
202000027820;6;6;2020;10:20;1;13;13022;2;3;1;-1;Avenue des Albizzi;43,2292970;5,5502200
202000027822;2;6;2020;19:20;1;57;57207;2;4;1;4;5 Rue des Roses;49,1150080;6,8604950
202000027842;4;6;2020;19:42;5;988;98818;2;6;1;2;GERVOLINO (RUE ROGER); -22,2605700;166,4699100
202000027849;3;6;2020;18:45;1;69;69385;2;1;1;6;MENIVAL (DE)                        (AV);45,7560600;4,7877700
202000027851;4;6;2020;07:30;1;91;91687;2;6;3;2;LUNAIN (RUE DU);48,6606460;2,3759810
202000027858;3;6;2020;08:00;1;73;73065;2;6;1;3;CAFFE (PLACE);45,5638467;5,9195330
202000027859;2;6;2020;16:10;1;71;71270;2;6;1;7;Avenue de la Gare;46,3034452;4,8266046
202000027864;3;6;2020;17:25;1;64;64024;2;1;1;3;ADOUR (AVENUE DE L');43,5260600; -1,5146000
202000027871;3;6;2020;11:38;1;49;49007;2;1;1;3;BERANGER;47,4715700; -0,5339500
202000027875;2;6;2020;19:43;1;37;37261;2;1;1;-1;HALLES (PLACE DES);47,3921800;0,6798657
202000027884;4;6;2020;10:55;1;27;27562;2;9;1;3;INDUSTRIE (RUE DE L');49,1042800;1,4599900
202000027892;3;6;2020;19:10;1;10;10387;2;1;1;3;FOSSES PATRIS (RUE DES);48,3002800;4,0637200
202000027894;18;6;2020;14:50;1;07;07281;2;1;1;-1;GROSS-UMSTADT (AVENUE DE);44,9453000;4,8531000
202000027895;3;6;2020;16:30;1;07;07102;2;1;1;7;RHONE (QUAI DU);44,9299600;4,8788700
202000027952;15;12;2020;15:00;1;59;59378;2;2;1;3;MENIN RUE DE;50,6768300;3,0810000
202000027959;15;12;2020;09:15;1;50;50002;2;6;7;3;COUTANCES (route de);49,1081900; -1,1346300
202000027961;15;12;2020;14:15;1;49;49007;2;1;2;3;COUBERTIN BOULEVARD;47,4644800; -0,5316100
202000027962;15;12;2020;14:20;1;49;49007;2;1;1;7;LETANDUERE;47,4636000; -0,5552200
202000027969;14;12;2020;08:05;2;44;44184;2;1;1;3;COUBERTIN (AVENUE PIERRE DE);47,2679200; -2,2335200
202000027971;3;12;2020;11:20;1;37;37261;2;9;1;-1;LIBERTE (PLACE DE LA);47,3795501;0,6931727
202000027975;15;12;2020;18:35;3;28;28134;2;1;1;2;OSMEAUX (RUE DES);48,7503900;1,3931300
202000027999;15;12;2020;17:17;2;75;75105;2;3;2;1;BOULEVARD SAINT GERMAIN;48,8501720;2,3481260
202000028008;15;12;2020;17:15;5;75;75112;2;3;2;7;AVENUE DAUMESNIL;48,8380890;2,3997150
202000028012;15;12;2020;10:35;1;75;75107;2;1;2;3;RUE DUROC;48,8477590;2,3136230
202000028015;15;12;2020;16:35;2;94;94080;2;1;1;6;MIDI (R DU);48,8472482;2,4350121
202000028027;15;12;2020;06:40;5;92;92078;2;3;2;3;VERDUN (AVENUE) (PAIRS 2 A 38);48,9355190;2,3338780
202000028042;16;12;2020;10:40;1;31;31157;2;3;1;3;Rue du Huit Mai 1945;43,5446420;1,3455310
202000028092;16;1;2020;10:27;1;57;57463;2;1;1;3;CAMBOUT (RUE DU );49,1146000;6,1800900
202000028097;16;1;2020;07:10;5;37;37233;2;1;1;7;BARBUSSE (RUE HENRI);47,3904464;0,7195599
202000028107;3;1;2020;14:00;1;33;33192;2;6;1;1;RTE DE CANEJAN / CHEM D'ORNON;44,7657600; -0,6388900
202000028110;15;1;2020;19:05;5;31;31555;2;1;1;3;RTE D ESPAGNE;43,5693800;1,4244500
202000028136;16;1;2020;19:55;5;75;75107;2;3;1;3;AVENUE DE SUFFREN;48,8530080;2,2980389
202000028137;15;1;2020;10:55;1;75;75105;2;1;1;6;BOULEVARD SAINT MICHEL;48,8485980;2,3415980
202000028151;16;1;2020;22:20;5;75;75111;2;4;1;3;AVENUE DE LA REPUBLIQUE;48,8658116;2,3715333
202000028153;16;1;2020;18:00;5;75;75110;2;1;1;1;RUE DU FAUBOURG SAINT MARTIN;48,8769024;2,3610298
202000028154;15;1;2020;12:50;1;75;75110;2;1;1;3;RUE D HAUTEVILLE;48,8745766;2,3507117
202000028158;16;1;2020;09:30;1;75;75101;2;2;1;6;BOULEVARD DE SEBASTOPOL;48,8605592;2,3493534
202000028175;16;1;2020;19:00;5;92;92051;2;1;1;6;THEOPHILE-GAUTHIER (RUE);48,8844967;2,2570078
202000028199;16;1;2020;18:35;2;973;97305;1;1;1;2;RN 1 pk 14;4,9321293; -52,3999712
202000028232;14;1;2020;19:00;5;85;85191;2;1;1;3;Rue du MarÃ©chal Foch;46,6734400; -1,4281400
202000028235;12;1;2020;09:47;1;78;78117;2;1;1;6;LOUIS BLERIOT (RUE);48,7791590;2,1307260
202000028237;14;1;2020;16:55;2;76;76217;2;9;1;3;DUQUESNE (QUAI);49,9251000;1,0804690
202000028248;14;1;2020;12:25;1;64;64445;2;1;1;3;PAIX;43,3225057; -0,3680742
202000028284;7;7;2020;18:30;1;07;07281;2;1;1;3;ONZE NOVEMBRE (AVENUE DU);44,9461000;4,8468000
202000028297;7;7;2020;12:20;1;75;75116;2;5;1;5;AVENUE KLEBER;48,8650110;2,2886910
202000028298;7;7;2020;07:50;1;75;75108;2;1;1;3;RUE CAMBACERES;48,8737610;2,3177160
202000028302;7;7;2020;16:05;1;75;75113;2;2;1;6;BOULEVARD MASSENA;48,8241720;2,3768070
202000028306;5;7;2020;11:00;1;75;75112;2;4;1;3;AVENUE DAUMESNIL;48,8358920;2,4056360
202000028312;7;7;2020;18:25;1;94;94081;2;3;1;3;MOULIN DE SAQUET (AV DU);48,7907870;2,3809670
202000028315;7;7;2020;09:10;1;94;94038;2;2;1;1;ALBERT 1ER (R);48,7791800;2,3311100
202000028317;7;7;2020;14:30;1;94;94022;2;9;1;3;ANATOLE FRANCE (AV);48,7601800;2,4119200
202000028332;7;7;2020;18:10;1;93;93047;2;1;1;2;JEAN JAURES (AVENUE);48,8982386;2,5554654
202000028337;7;7;2020;21:20;2;92;92046;2;1;1;6;RAYMOND DAVID;48,8174297;2,2946151
202000028344;7;7;2020;09:20;1;92;92026;2;6;1;3;JEAN MERMOZ (SQUARE ET PLACE);48,9025731;2,2745776
202000028381;7;7;2020;13:52;1;85;85128;2;1;1;-1;96 Av Mal de Lattre de Tassigny;46,4562700; -1,1556800
202000028392;6;7;2020;10:40;1;83;83035;1;6;1;2;Le Castelet;43,2526580;5,7752900
202000028437;6;7;2020;15:50;1;77;77482;2;1;1;2;D606;48,3610619;2,9180472
202000028443;4;7;2020;13:38;1;67;67482;2;1;1;3;COMTES (ALLEE DES);48,5840971;7,7146228
202000028446;3;7;2020;15:05;1;66;66136;2;1;1;3;CUGNOT (JOSEPH);42,6838000;2,8715000
202000028458;6;7;2020;16:40;1;35;35238;2;6;1;3;KENNEDY (COURS JOHN-FITZGERALD);48,1213100; -1,7047480
202000028459;6;7;2020;05:55;1;34;34172;2;1;1;3;BLUM (RUE LEON);43,6079900;3,8905800
202000028462;6;7;2020;18:35;1;33;33281;2;2;1;3;AVE BON AIR / PISTE CYCLABLE LES ONTINES;44,8261300; -0,6496700
202000028468;4;7;2020;14:20;1;16;16089;2;1;1;-1;Route de Dizedon;45,6665870; -0,3382800
202000028473;29;6;2020;09:34;1;11;11262;2;1;1;-1;RAZES (RUE DU);43,1758000;3,0022100
202000028480;15;2;2020;12:25;1;75;75116;2;1;1;3;BOULEVARD MURAT;48,8471890;2,2584790
202000028481;17;2;2020;19:40;5;75;75114;2;1;1;7;BOULEVARD BRUNE;48,8248230;2,3180230
202000028483;17;2;2020;16:30;1;75;75112;2;1;1;3;COURS DE VINCENNES;48,8475540;2,4018890
202000028485;16;2;2020;23:15;5;75;75111;2;2;2;3;RUE DE CHARONNE;48,8551170;2,3871370
202000028492;17;2;2020;10:00;1;93;93066;2;1;1;2;CAQUET (PLACE);48,9370500;2,3595600
202000028539;16;2;2020;06:18;1;988;98818;2;1;1;7;MARTINET (RUE HENRI); -22,2595900;166,4748800
202000028575;16;2;2020;20:20;5;75;75118;2;3;2;-1;BOULEVARD NEY;48,8980110;2,3424400
202000028577;16;2;2020;15:30;1;75;75107;2;2;1;3;RUE SAINT DOMINIQUE;48,8599500;2,3131100
202000028598;17;2;2020;07:20;3;35;35009;1;1;1;2;15 Lieu Dit la Morinais;48,5079540; -1,7408100
202000028600;17;2;2020;06:00;3;70;70339;1;1;1;3;RD 486;47,7372450;6,5503410
202000028614;14;2;2020;15:30;2;77;77168;1;9;8;-1;A104;48,1758840;2,8717610
202000028620;17;2;2020;18:20;5;07;07324;2;1;2;3;2 b Avenue Marechal Foch;45,0722360;4,8223440
202000028656;15;2;2020;14:10;1;33;33281;2;4;1;3;AVE DES EYQUEMS / RUE DE L'INDUSTRIE;44,8271200; -0,6170700
202000028658;15;2;2020;11:35;1;14;14118;2;2;1;-1;NOVEMBRE (RUE DU 11);49,1777700; -0,3575500
202000028660;15;2;2020;14:45;1;13;13204;2;1;1;-1;FLAMMARION (BOULEVARD);43,3062360;5,3939880
202000028691;5;9;2020;03:05;5;69;69382;2;2;1;3;JULES COURMONT                      (QU);45,7601542;4,8379188
202000028698;6;9;2020;01:15;5;72;72181;2;2;1;3;COURBOULAY PAUL (RUE);48,0058500;0,1918900
202000028707;4;9;2020;14:20;1;59;59183;2;6;1;3;RD 601;51,0228000;2,3182000
202000028708;5;9;2020;20:20;2;54;54357;2;6;1;3;LECLERC (RUE DU GENERAL);48,7086277;6,1656623
202000028711;5;9;2020;14:57;1;51;51454;2;6;1;3;Rue Francis Garnier;49,2881068;4,0245083
202000028723;5;9;2020;10:15;1;33;33063;2;7;1;3;PCE RAVEZIES / BD GODARD;44,8657400; -0,5763400
202000028726;2;9;2020;11:30;1;22;22113;2;1;1;3;DE LA FAYETTE (BOULEVARD);48,7407200; -3,4452300
202000028727;5;9;2020;16:05;1;17;17300;2;1;1;3;CORDELIERS  AVENUE DES;46,1665400; -1,1411500
202000028745;5;9;2020;10:35;1;75;75112;2;3;1;7;AVENUE DAUMESNIL;48,8473440;2,3753230
202000028746;5;9;2020;10:45;1;75;75110;2;1;1;3;RUE DU BUISSON SAINT LOUIS;48,8726200;2,3740030
202000028749;5;9;2020;11:20;1;94;94033;2;1;1;3;ERNEST RENAN (AV);48,8560000;2,4650000
202000028752;5;9;2020;17:00;1;94;94018;2;1;1;7;GUERIN (R);48,8239160;2,4157250
202000028757;5;9;2020;18:00;1;92;92049;2;3;1;3;BROSSOLETTE AVENUE PIERRE;48,8128230;2,3015910
202000028774;3;9;2020;12:20;1;56;56003;2;3;1;3;Route de la Lande du Bourg;47,6344240; -2,8231835
202000028793;6;9;2020;11:05;1;18;18001;1;1;1;2;Halte d'AchÃ¨res les Poteri;47,2908880;2,4511960
202000028838;4;9;2020;18:15;2;974;97407;2;1;1;3;MAHY FRANCOIS (RUE); -20,9377300;55,2910100
202000028850;3;9;2020;08:27;1;87;87085;2;1;1;2;BUXEROLLES (RUE DE);45,8686600;1,2603000
202000028852;3;9;2020;08:30;1;83;83126;1;1;1;-1;AV DE LA 1ERE ARMEE FRANCAISE;43,1124693;5,8834259
202000028863;2;1;2020;18:40;5;49;49007;2;1;1;3;GRESILLE AVENUE;47,4595588; -0,5986476
202000028864;2;1;2020;09:05;1;49;49007;2;1;1;-1;BEL AIR;47,4672200; -0,5637800
202000028868;27;1;2020;18:40;5;86;86194;2;2;1;3;Rue de la DeviniÃ¨re;46,5670135;0,3763314
202000028886;6;4;2020;13:15;1;13;13028;2;6;1;3;Rond Point DULAC/ROVARCH;43,1922400;5,6090000
202000028931;6;4;2020;05:30;3;90;90034;1;1;1;2;D1083;47,6512090;6,9142840
202000028949;4;4;2020;19:00;4;972;97213;1;1;1;-1;ROUTE DEPARTEMENTALE 15;14,6334800; -61,0084100
202000028957;4;4;2020;11:23;1;75;75103;2;2;1;3;RUE SAINT MARTIN;48,8684190;2,3552740
202000028969;5;4;2020;12:10;1;60;60029;1;6;1;3;D3;49,3638460;1,9732050
202000028983;3;4;2020;21:10;5;69;69388;2;1;1;2;PIERRE DELORE                       (R );45,7364666;4,8553796
202000029022;2;4;2020;11:10;1;11;11069;1;6;1;3;VILLEMOUSTAUSSOU -ROUTE DE-;43,2357800;2,3634000
202000029050;3;8;2020;18:15;1;91;91457;2;3;1;3;RURAL NÂ°22 (CHEMIN);48,5830000;2,2600000
202000029051;3;8;2020;10:35;1;88;88424;2;1;1;-1;AVENUE DU GENERAL DE GAULLE;48,2709000;6,9727000
202000029055;31;7;2020;16:10;1;80;80021;1;1;1;3;JULES BARNI (RUE);49,8869720;2,3160980
202000029092;30;7;2020;11:10;1;17;17461;2;9;1;1;ROYAN (DE);45,6442100; -1,0532500
202000029093;3;8;2020;20:05;1;17;17461;2;6;1;3;ROCHE (DE LA);45,6489200; -1,0472500
202000029094;4;8;2020;11:45;1;17;17028;2;6;1;3;GRASSET   AVENUE EDMOND;46,1348690; -1,1204560
202000029106;3;8;2020;16:55;1;09;09207;2;1;1;3;ARIEGE (RUE DE L');42,9349000;1,6335100
202000029112;3;8;2020;23:45;5;75;75116;2;7;1;3;PLACE DE COSTA RICA;48,8586790;2,2846370
202000029115;3;8;2020;09:00;1;75;75112;2;5;1;3;AVENUE DE SAINT MANDE;48,8446710;2,4057360
202000029118;4;8;2020;15:20;1;75;75108;2;7;1;6;PLACE DE LA CONCORDE;48,8643700;2,3203640
202000029124;4;8;2020;20:06;1;94;94073;2;9;1;1;DOCTEUR MARIE (R DU);48,7462000;2,3728000
202000029141;4;8;2020;14:00;1;974;97422;1;3;1;3;Rue du GÃ©nÃ©ral Ailleret; -21,2769980;55,5018940
202000029145;4;8;2020;17:35;1;74;74025;1;2;1;3;2844 Route des Voirons;46,2832280;6,3468250
202000029155;5;8;2020;10:40;1;42;42204;2;6;1;3;Rue Chevalier;45,4213920;4,0631600
202000029159;2;8;2020;10:00;1;34;34279;1;1;1;1;Route DÃ©partementale 136;43,5063790;3,1019850
202000029161;5;8;2020;17:30;1;29;29292;1;3;1;3;D156 - Route de la Mer;47,8893546; -4,3412894
202000029165;4;8;2020;08:30;1;72;72381;1;6;1;3;giratoire D23 / D326;47,9385800;0,1115910
202000029170;5;8;2020;10:40;1;16;16213;1;1;7;2;Lieu Dit Parpelat;45,7365900;0,5258310
202000029177;4;8;2020;10:20;1;85;85128;2;6;1;3;Boulevard de l'OcÃ©an;46,4508020; -1,1623780
202000029188;1;8;2020;08:15;1;32;32117;1;3;1;7;16 Avenue des 4 Chenes;43,6658930;0,5579420
202000029202;3;8;2020;22:00;3;974;97407;2;1;1;3;20 DECEMBRE 1948(AVENUE DU); -20,9387300;55,2983500
202000029211;2;8;2020;12:27;1;87;87085;2;3;1;5;GIFFARD (RUE HENRI);45,8858100;1,2666700
202000029213;14;7;2020;19:57;1;79;79081;2;1;1;5;183 Boulevard des Tilleuls;46,3564400; -0,3882300
202000029228;3;8;2020;18:30;1;37;37261;2;2;1;3;BOYER (RUE LEON);47,3911909;0,6735659
202000029251;3;11;2020;18:05;5;69;69386;2;5;1;3;VITTON                              (CO);45,7699100;4,8571100
202000029277;3;11;2020;06:50;2;33;33075;2;3;2;3;ALL DU BRION / RUE RAYMOND PEYRAN;44,8749400; -0,6051100
202000029287;3;11;2020;09:40;1;03;03190;2;1;2;3;Rue de Paris;46,5699678;3,3293191
202000029295;3;11;2020;13:25;1;75;75113;2;2;1;3;AVENUE D ITALIE;48,8222060;2,3585200
202000029297;3;11;2020;09:05;1;75;75111;2;2;1;-1;AVENUE DE LA REPUBLIQUE;48,8652930;2,3744900
202000029302;3;11;2020;19:10;5;94;94046;2;1;1;2;FOCH (AV);48,8156180;2,4409180
202000029309;3;11;2020;17:20;5;92;92040;2;1;1;3;GUYNEMER;48,8299100;2,2773300
202000029357;2;11;2020;12:25;1;59;59328;2;6;2;-1;EGALITE AVENUE DE L;50,6563300;3,0341600
202000029359;1;11;2020;11:15;1;54;54274;2;6;1;3;RD400;48,6681800;6,2085700
202000029363;27;10;2020;13:58;1;47;47032;2;3;1;3;349 Avenue Albert Camus;44,1873660;0,6637580