Num_Acc;jour;mois;an;hrmn;lum;dep;com;agg;int;atm;col;adr;lat;long
202000029376;27;10;2020;07:20;1;13;13108;1;1;1;2;RD 970 ROUTE D'AVIGNON;43,7716200;4,6890100
202000029385;2;11;2020;16:55;3;75;75118;2;3;2;6;BOULEVARD BARBES;48,8852540;2,3495180
202000029395;2;11;2020;18:30;5;94;94028;2;1;8;3;BROSSOLETTE(AVENUE PIERRE);48,7906700;2,4627500
202000029434;1;6;2020;18:25;1;75;75105;2;1;1;6;RUE DES FOSSES SAINT BERNARD;48,8483330;2,3545920
202000029440;4;6;2020;12:00;1;75;75114;2;1;2;2;RUE D ALESIA;48,8275690;2,3342550
202000029447;2;6;2020;19:30;1;94;94041;2;3;1;3;HOCHE (R);48,8120700;2,3712700
202000029453;4;6;2020;12:35;1;93;93077;2;2;2;3;DETOUCHE (AVENUE);48,8847100;2,5115600
202000029471;1;10;2020;11:05;1;69;69386;2;2;3;3;VITTON                              (CO);45,7702632;4,8607754
202000029488;24;9;2020;12:55;1;86;86194;2;1;1;2;Route de Parthenay;46,6019940;0,3151170
202000029496;3;6;2020;15:40;1;22;22222;2;3;1;3;17 Le ChÃªne Vert;48,6877360; -2,9310830
202000029503;3;6;2020;12:00;1;01;01321;1;2;1;3;D81;46,1609840;5,3455000
202000029509;1;10;2020;06:20;3;67;67218;1;1;1;1;23 NOVEMBRE (RUE DU);48,5320900;7,7066100
202000029511;1;10;2020;17:20;1;64;64445;2;6;1;3;Rond Point des Allees de Morlaas;43,3080010; -0,3393190
202000029525;5;6;2020;16:20;1;85;85084;2;2;1;3;4 Rue du Cormier;46,7779630; -1,2378130
202000029540;30;9;2020;12:14;1;49;49007;2;1;1;7;MONTESQUIEU PASSAGE;47,4722300; -0,5849600
202000029541;1;10;2020;08:52;1;45;45286;2;1;2;3;DE GAULLE (RUE DU GENERAL);47,8896400;1,9236400
202000029551;1;10;2020;15:30;1;34;34172;2;2;1;3;8 MAI 1945 (PLACE DU);43,6008900;3,8681700
202000029553;1;10;2020;21:00;4;33;33063;2;3;2;2;QUAI DE BRAZZA;44,8559600; -0,5496500
202000029587;30;9;2020;17:30;1;10;10387;2;2;1;1;HENRI BARBUSSE (RUE);48,2988820;4,0865690
202000029606;1;10;2020;07:05;2;75;75117;2;2;2;3;RUE VERNIER;48,8839740;2,2908790
202000029615;1;10;2020;17:05;1;75;75113;2;2;2;6;BOULEVARD MASSENA;48,8240410;2,3770110
202000029621;1;10;2020;17:35;1;75;75119;2;2;8;3;AVENUE DE LA PORTE D AUBERVILLIERS;48,8997170;2,3711280
202000029633;2;6;2020;17:15;1;80;80164;2;1;1;2;MARIUS PETIT (RUE);49,8873800;2,3451400
202000029637;1;10;2020;21:20;5;75;75107;2;2;8;3;PONT ALEXANDRE III;48,8628280;2,3134660
202000029638;29;5;2020;15:45;1;76;76486;1;1;1;7;RD 932 (AVENUE DU CIRCUIT);49,3244100;0,9990600
202000029643;31;5;2020;17:35;1;74;74218;2;1;1;7;FRESNES (RUE DES);46,3844300;6,5697700
202000029649;2;6;2020;19:55;2;67;67204;2;1;1;3;ALBERT SCHWEITZER (PLACE);48,6219278;7,7673072
202000029659;3;6;2020;02:00;5;59;59360;2;1;1;3;JOFFRE RUE DU MARECHAL;50,6165746;3,0051738
202000029678;3;6;2020;13:25;1;45;45232;2;3;1;4;Rue de Champagne - rue de Bourges;47,8443271;1,9201453
202000029681;4;6;2020;00:10;5;34;34172;2;3;2;3;TOULOUSE (AVENUE DE;43,5952200;3,8618800
202000029688;3;6;2020;10:20;1;33;33318;2;2;1;2;AVE PASTEUR / RUE ANDRE PUJOL;44,8059318; -0,6325860
202000029689;3;6;2020;07:25;1;31;31555;2;1;1;3;RTE D ESPAGNE;43,5669000;1,4249700
202000029692;2;6;2020;19:00;1;22;22278;2;1;1;3;RIBOT (THEODULE);48,5168345; -2,7773738
202000029700;1;10;2020;05:20;5;51;51030;2;1;1;7;Rue des Carelles (Ay);49,0511352;4,0147916
202000029718;1;6;2020;16:45;1;05;05061;2;9;1;3;PRE DE FOIRE ( RUE DU );44,5549500;6,0746000
202000029733;3;6;2020;18:30;1;75;75120;2;3;1;3;RUE DES PYRENEES;48,8719740;2,3918760
202000029742;3;6;2020;12:45;1;75;75119;2;2;1;3;AVENUE DE LA PORTE DE LA VILLETTE;48,8982350;2,3862060
202000029751;3;6;2020;21:35;5;75;75105;2;7;3;2;PONT D AUSTERLITZ;48,8442300;2,3647680
202000029756;18;8;2020;14:00;1;10;10021;2;9;1;3;25 Route de Troyes;48,4471860;4,2507990
202000029757;3;6;2020;14:55;1;75;75107;2;2;1;6;AVENUE CHARLES RISLER;48,8554100;2,3013610
202000029761;3;6;2020;12:40;1;75;75104;2;2;1;6;RUE SAINT ANTOINE;48,8539180;2,3648450
202000029764;1;10;2020;15:45;1;33;33042;1;1;1;1;D1010;44,4404750; -0,8125810
202000029765;3;6;2020;16:00;1;94;94044;2;1;1;1;ALBERT GARRY (R);48,7559430;2,4821320
202000029767;30;9;2020;11:15;1;14;14228;2;6;1;3;Voie des AlliÃ©s;49,2946350; -0,3777350
202000029779;3;6;2020;08:30;2;94;94073;2;3;7;3;GENERAL DE GAULLE (AV DU);48,7687050;2,3688310
202000029783;2;6;2020;20:20;1;94;94002;2;1;1;-1;ETIENNE DOLET (R);48,7928800;2,4255600
202000029799;30;9;2020;18:45;2;69;69387;2;2;1;1;DOMER                               (R );45,7476400;4,8502400
202000029802;30;9;2020;14:30;1;69;69383;2;1;1;2;EUGENIE                             (CO);45,7428300;4,8880800
202000029806;31;5;2020;20:10;1;92;92024;2;3;1;3;MARTRE DE (4 A 54);48,8995598;2,3092693
202000029830;13;12;2020;08:20;1;83;83069;1;1;1;2;GIENS (ROUTE DE );43,0686900;6,1472400
202000029842;14;12;2020;08:45;2;67;67482;2;1;1;3;PLAINE DES BOUCHERS (RUE DE LA);48,5692585;7,7367225
202000029858;30;11;2020;09:20;1;44;44109;2;6;1;-1;BOULEVARD MICHELET;47,2330500; -1,5564100
202000029866;13;12;2020;13:20;1;31;31555;2;1;1;3;RUE DU FAUBOURG BONNEFOY;43,6159800;1,4531900
202000029886;13;12;2020;22:18;5;75;75115;2;2;2;3;RUE LABROUSTE;48,8338820;2,3081130
202000029889;14;12;2020;15:45;1;75;75112;2;1;1;3;RUE DE LYON;48,8508650;2,3701670
202000029890;13;12;2020;15:05;1;75;75112;2;2;2;2;RUE DE REUILLY;48,8473440;2,3867850
202000029892;14;12;2020;13:30;1;75;75111;2;1;8;6;BOULEVARD JULES FERRY;48,8675220;2,3686380
202000029911;14;12;2020;09:20;1;93;93064;2;3;2;3;A86 / AV DU GENERAL DE GAULLEFIN;48,8817700;2,4763000
202000029920;15;12;2020;16:00;1;62;62100;2;1;1;2;Rue du 21 Mai 1940;50,4231850;1,8941970
202000029936;15;12;2020;19:00;5;02;02173;2;6;1;3;Rue de la Paix;49,6150480;3,2158990
202000029938;15;12;2020;14:00;1;14;14578;1;1;1;2;D74;49,3670320;0,1426080
202000029956;11;12;2020;18:40;2;69;69072;1;1;2;2;Ancienne Route Nationale 7;45,8108600;4,7304300
202000029988;13;12;2020;10:35;1;59;59378;2;6;1;3;NATIONALE RUE;50,6629160;3,0750510
202000029997;12;12;2020;11:00;1;13;13211;2;6;1;2;JEAN LOMBARD (AVENUE);43,2893246;5,4377567
202000030025;14;1;2020;09:15;1;09;09122;2;6;7;3;ESPAGNE (ROUTE D');42,9490900;1,6255100
202000030031;13;1;2020;08:54;1;05;05061;2;1;1;3;EMILE FABRE (COURS  );44,5610600;6,0772300
202000030037;14;1;2020;09:40;1;75;75119;2;1;8;3;AVENUE MATHURIN MOREAU;48,8781380;2,3717810
202000030038;14;1;2020;19:00;5;75;75118;2;3;1;3;AVENUE DE CLICHY;48,8866059;2,3260100
202000030043;13;1;2020;18:15;2;75;75116;2;2;2;5;ALLEE DE LA REINE MARGUERITE;48,8585640;2,2448870
202000030045;14;1;2020;20:50;5;75;75110;2;1;1;3;RUE DE CHABROL;48,8767130;2,3542020
202000030047;14;1;2020;18:00;5;75;75109;2;1;1;6;BOULEVARD MONTMARTRE;48,8717602;2,3413842
202000030048;14;1;2020;13:30;1;75;75108;2;7;1;6;PLACE DE LA CONCORDE;48,8641413;2,3203214
202000030064;12;1;2020;10:00;1;92;92063;2;3;1;3;BONAPARTE (AVENUE NAPOLEON) NORD;48,8684786;2,1484776
202000030069;14;1;2020;06:45;5;12;12300;2;6;1;3;Route Haute de Farrou;44,3810640;2,0397550
202000030092;14;1;2020;17:25;1;973;97309;2;2;1;3;Rue Robert Sampson;4,8865662; -52,2759832
202000030135;15;1;2020;10:00;1;91;91377;2;6;1;2;BASCH (RUE VICTOR);48,7276000;2,2733000
202000030137;15;1;2020;17:40;5;91;91631;2;1;2;3;MANDRES (RUE DE);48,6796000;2,5592000
202000030138;14;1;2020;18:19;2;87;87065;2;1;1;2;RD979;45,8183800;1,2955500
202000030178;15;1;2020;15:10;1;33;33529;2;1;2;3;JUILLET (RUE DU 14);44,6308500; -1,1475900
202000030194;11;1;2020;10:35;1;04;04112;2;1;1;3;RD 4096;43,8284700;5,7873500
202000030196;14;1;2020;23:50;5;75;75105;2;7;1;3;PLACE DU PANTHEON;48,8456902;2,3459051
202000030207;6;7;2020;12:45;1;75;75117;2;7;1;7;AVENUE DE VILLIERS;48,8829150;2,3090440
202000030209;6;7;2020;18:30;1;75;75116;2;3;1;2;RUE DE LONGCHAMP;48,8649850;2,2903320
202000030212;6;7;2020;17:50;1;75;75118;2;3;1;1;RUE DE LA GOUTTE D OR;48,8850580;2,3513160
202000030214;6;7;2020;00:20;5;75;75109;2;4;1;3;BOULEVARD DE CLICHY;48,8838640;2,3285790
202000030217;6;7;2020;19:15;1;75;75107;2;2;1;3;QUAI D ORSAY;48,8628280;2,3134560
202000030219;5;7;2020;02:35;5;75;75101;2;2;1;1;RUE DE RIVOLI;48,8590930;2,3464340
202000030220;6;7;2020;18:05;1;75;75102;2;3;1;3;RUE ETIENNE MARCEL;48,8650500;2,3440560
202000030237;6;7;2020;18:55;1;92;92046;1;3;1;3;PIERRE BROSSOLETTE (AVENUE);48,8177093;2,3078712
202000030260;7;7;2020;12:00;1;47;47195;2;4;1;3;Rue la Fayette;44,1348330;0,3390740
202000030281;7;7;2020;09:15;1;67;67506;2;2;1;3;Rue Jeanne d'Arc;48,6656080;7,7156230
202000030285;27;6;2020;21:10;5;987;98715;2;9;1;6;Route de Puurai; -17,5582230; -149,5978780
202000030290;7;7;2020;16:55;1;45;45244;2;1;1;3;Rue d'OrlÃ©ans;47,7675670;2,4782590
202000030292;2;7;2020;05:00;2;25;25632;2;1;2;6;Chemin de la Passerelle;47,4764270;6,7706730
202000030295;6;7;2020;15:30;1;01;01160;2;2;1;3;50 Rue de Versoix;46,2577890;6,1141320
202000030297;5;7;2020;11:00;1;69;69254;1;1;1;3;Croix de la Main - rd 313;45,9604510;4,4155170
202000030329;5;7;2020;19:38;3;971;97101;1;6;1;2;VIEUX BOURG;16,2499000; -61,5291000
202000030337;5;7;2020;09:25;1;64;64348;1;6;7;3;boulevard de l'Europe;43,3170300; -0,3951900
202000030346;5;7;2020;19:17;1;17;17291;2;1;1;1;ONZE NOVEMBRE   RUE DU;46,1750700; -1,1149800
202000030354;4;7;2020;12:20;1;01;01053;2;1;1;3;PELOUX ( RUE DU );46,2001000;5,2135000
202000030373;5;7;2020;12:50;1;75;75107;2;3;1;7;QUAI ANATOLE FRANCE;48,8611250;2,3241890
202000030375;5;7;2020;12:20;1;94;94068;2;1;8;1;SCHAKEN (QU);48,8092000;2,4618800
202000030402;15;2;2020;04:15;5;75;75107;2;2;1;-1;AVENUE DE BRETEUIL;48,8516530;2,3125440
202000030407;15;2;2020;15:45;1;93;93046;2;1;1;2;ALL DE L'EST;48,9324000;2,5594300
202000030473;14;2;2020;08:30;1;69;69386;2;2;2;6;GARIBALDI                           (R );45,7678412;4,8507298
202000030496;14;2;2020;08:05;2;69;69275;2;1;2;3;ELISEE RECLUS                       (R );45,7599000;4,9607000
202000030500;13;2;2020;20:10;5;67;67482;2;3;2;3;CHARMILLE (RUE DE LA);48,5861600;7,7181500
202000030503;11;2;2020;19:00;4;65;65440;2;1;1;2;MAI 1945 (BOULEVARD DU 08);43,2189200;0,0715910
202000030508;12;2;2020;09:49;1;63;63113;2;1;1;-1;RECLUS (AVENUE ELISEE);45,7852800;3,1417800
202000030512;13;2;2020;20:15;5;59;59421;2;1;1;3;CONGO (RUE DU);50,6989993;3,1488705
202000030518;13;2;2020;13:57;1;49;49007;2;1;1;3;GAIN ( LOUIS);47,4684504; -0,5383283
202000030520;11;2;2020;08:37;1;49;49007;2;1;1;6;BON PASTEUR BOULEVARD;47,4703500; -0,5699200
202000030522;14;2;2020;16:50;1;37;37261;2;3;1;3;VARENNES (ALLEE DE);47,3859609;0,6962468
202000030534;13;2;2020;07:30;3;31;31149;2;1;1;3;ROND POINT DU PETIT PRINCE ;43,6110400;1,3369300
202000030546;14;2;2020;10:50;1;13;13208;2;3;1;3;PRADO (AVENUE DU);43,2802828;5,3869432
202000030549;14;2;2020;23:45;5;13;13001;2;2;1;3;NOSTRADAMUS (RUE);43,5320900;5,4555300
202000030553;13;2;2020;08:07;1;10;10362;2;1;1;1;LOUIS BLANC (RUE);48,2970880;4,0551410
202000030566;14;2;2020;08:50;1;75;75117;2;2;1;3;RUE GUY MOQUET;48,8924420;2,3247890
202000030571;14;2;2020;08:07;1;75;75108;2;1;1;3;RUE DU HAVRE;48,8746050;2,3268550
202000030572;14;2;2020;21:30;5;75;75101;2;1;1;6;RUE SAINT HONORE;48,8667310;2,3282780
202000030592;30;3;2020;22:55;5;62;62194;2;1;1;1;CAVEE ( RUE DE LA );50,4900600;2,4817000
202000030599;30;3;2020;09:30;1;92;92050;2;2;1;3;CHARLES DE GAULLE (BD);48,9179420;2,2239830
202000030608;1;4;2020;18:00;1;973;97307;2;9;9;2;Route de la Distillerie;4,8747120; -52,3317030
202000030613;23;1;2020;12:00;1;69;69382;2;3;1;3;ANTONIN GOURJU                      (PL);45,7590900;4,8299800
202000030618;28;3;2020;20:39;5;63;63113;2;2;1;3;JULIEN (AVENUE);45,7755100;3,0820900
202000030630;12;2;2020;14:20;1;95;95352;1;1;1;2;RD 922;49,1215580;2,4029370
202000030647;30;3;2020;07:50;1;971;97101;2;6;1;3;VIEUX BOURG;16,2501200; -61,5292300
202000030702;28;3;2020;21:20;5;64;64445;2;3;1;3;2 AVENUE GASTON LACOSTE;43,2933140; -0,3610920
202000030706;25;3;2020;20:30;5;75;75106;2;2;1;3;QUAI DES GRANDS AUGUSTINS;48,8561060;2,3404140
202000030709;26;3;2020;21:25;5;75;75111;2;2;1;3;RUE MORAND;48,8688370;2,3762990
202000030717;25;3;2020;23:00;5;93;93066;2;1;1;1;CAQUET (PLACE);48,9375150;2,3598380
202000030735;29;3;2020;11:57;1;33;33441;2;2;1;1;Piste cyclable D808 / Chemin de Gabaroche;45,1472400; -0,6388320
202000030760;28;3;2020;16:55;3;26;26055;1;1;1;6;Route de Bonneval;44,6370210;5,5768060
202000030801;3;9;2020;12:35;1;63;63113;2;5;1;-1;MOREL LADEUIL (RUE);45,7737600;3,0753700
202000030806;4;9;2020;17:45;1;54;54395;2;3;1;3;COLLIGNON (Avenue et Pont);48,6891300;6,2012300
202000030808;3;9;2020;11:30;1;54;54395;2;3;1;3;MOUILLERON (RUE GABRIEL);48,6849401;6,1753866
202000030809;4;9;2020;07:13;2;51;51454;2;1;1;3;Avenue du PrÃ©sident Kennedy;49,2352106;4,0078380
202000030815;31;8;2020;16:25;1;49;49007;2;1;1;3;SAINT MICHEL BOULEVARD;47,4736600; -0,5386500
202000030818;2;9;2020;19:40;1;49;49246;2;6;1;3;GALLIENI AVENUE;47,4337300; -0,5289300
202000030828;4;9;2020;08:04;1;37;37261;2;1;1;6;ORATOIRE (RUE DE L');47,4122391;0,6980867
202000030831;4;9;2020;14:20;1;35;35238;2;1;1;7;BOSPHORE (DU);48,0832000; -1,6770000
202000030833;4;9;2020;12:00;1;34;34172;2;1;1;3;RIMBAUD (RUE PAUL);43,6180600;3,8437000
202000030834;4;9;2020;09:00;1;33;33167;2;6;1;2;AVE DU PDT FRANCOIS MITTERRAND / AVE PIERRE MENDES-FRANCE;44,8430400; -0,5113600
202000030845;3;9;2020;17:12;1;17;17300;2;2;7;3;VERHAEREN   RUE EMILE;46,1699000; -1,1334000
202000030864;4;9;2020;19:00;1;75;75120;2;2;1;6;RUE DE LAGNY;48,8490390;2,4114670
202000030866;4;9;2020;20:00;2;75;75117;2;3;1;6;RUE GUY MOQUET;48,8919570;2,3224710
202000030871;4;9;2020;14:05;1;75;75115;2;7;1;3;RUE DE VAUGIRARD;48,8395830;2,3012910
202000030872;4;9;2020;13:59;1;75;75113;2;3;1;3;BOULEVARD DE L HOPITAL;48,8357180;2,3586350
202000030876;4;9;2020;15:15;1;75;75102;2;2;1;6;AVENUE DE L OPERA;48,8687740;2,3331310
202000030877;4;9;2020;09:15;1;75;75101;2;7;7;7;RUE DE RIVOLI;48,8624080;2,3362630
202000030879;2;9;2020;09:50;1;94;94041;2;2;1;3;JEAN MAZET (R);48,8145000;2,4071000
202000030880;4;9;2020;09:45;1;94;94021;2;1;1;3;JEAN MERMOZ (BD);48,7726300;2,3394300
202000030886;4;9;2020;10:45;1;93;93072;2;1;1;-1;AV ARISTIDE BRIAND;48,9608000;2,3818000
202000030900;4;9;2020;08:30;1;92;92026;2;3;1;3;FAUVELLES ( RUE DES );48,9003480;2,2306511
202000030928;5;9;2020;09:00;1;68;68201;1;3;1;3;D110;47,7498820;7,0010110
202000030932;5;9;2020;11:43;1;01;01373;2;3;1;3;51 Grande Rue;46,1390770;5,5530520
202000030940;5;9;2020;10:00;1;40;40142;1;1;1;2;Route de Taller;43,8580260; -1,0037740
202000030966;5;9;2020;16:10;1;50;50041;2;1;1;3;D318;49,6459440; -1,8504670
202000030967;2;9;2020;09:05;1;22;22343;2;6;1;3;Rue de Lan Ar Cleis;48,7689335; -3,5635727
202000030985;30;10;2020;16:25;1;91;91216;2;1;1;7;CD 257;48,6732000;2,3352700
202000031027;2;11;2020;16:00;1;68;68163;2;1;1;7;Rue de l''Europe;47,6728290;7,4984480
202000031043;31;10;2020;19:48;3;45;45208;2;2;1;3;D943 PR 0 + 455;48,0036700;2,7419100
202000031044;31;10;2020;16:30;1;45;45004;2;6;1;2;Avenue dâAntibes;47,9783529;2,7336090
202000031057;29;10;2020;10:40;1;75;75102;2;7;1;3;PLACE DE LA BOURSE;48,8694690;2,3422960
202000031062;31;10;2020;11:30;1;92;92077;2;1;1;1;MARNES (RUE DE);48,8278486;2,1843045
202000031063;31;10;2020;18:45;5;92;92049;2;1;2;3;BRIAND AVENUE ARISTIDE AUTRES NÂ°;48,8184496;2,3256717
202000031068;1;11;2020;11:45;1;65;65436;1;1;1;3;1 Route de Coussan;43,2409210;0,1744460
202000031111;29;10;2020;08:40;2;64;64125;2;6;1;3;RUE LORE LANDA;43,4455000; -1,5451500
202000031113;30;10;2020;21:10;5;59;59350;2;1;1;3;VERHAEREN AVENUE;50,6191000;3,0323400
202000031120;29;10;2020;12:50;1;54;54304;2;2;1;3;DEROULEDE (AVENUE PAUL);48,6851685;6,1558487
202000031122;29;10;2020;17:35;1;52;52121;2;1;1;2;ASHTON UNDER LYNE (AVENUE D');48,0922800;5,1453200
202000031128;29;10;2020;18:00;2;35;35238;2;2;2;3;LAENNEC (BD RENE);48,1098100; -1,6655700
202000031138;30;10;2020;11:15;1;17;17300;2;6;1;3;BEAUREGARD   RUE DE;46,1675000; -1,1400000
202000031140;28;10;2020;11:37;1;14;14118;2;2;8;3;BRIAND (BOULEVARD ARISTIDE);49,1784840; -0,3614370
202000031151;30;10;2020;15:29;1;75;75115;2;3;1;6;RUE LECOURBE;48,8402820;2,2951860
202000031155;30;10;2020;15:30;1;75;75118;2;2;8;6;RUE LAMARCK;48,8911220;2,3293980
202000031165;29;10;2020;23:50;5;75;75109;2;2;1;6;BOULEVARD HAUSSMANN;48,8736000;2,3283450
202000031171;27;10;2020;12:20;1;75;75103;2;5;1;7;RUE DE BRETAGNE;48,8619360;2,3645990
202000031172;25;7;2020;17:30;1;75;75117;2;3;8;7;BOULEVARD DES BATIGNOLLES;48,8818700;2,3187180
202000031173;26;7;2020;19:20;1;75;75101;2;3;1;7;RUE DE RIVOLI;48,8632120;2,3338010
202000031174;2;8;2020;18:08;1;75;75116;2;1;1;1;VOIE GEORGES POMPIDOU;48,8403010;2,2680420
202000031175;30;10;2020;18:50;5;94;94068;2;1;1;7;VARENNE (R DE LA);48,8076100;2,4738300
202000031178;2;8;2020;22:30;5;75;75111;2;3;1;2;RUE OBERKAMPF;48,8664040;2,3804860
202000031184;3;8;2020;19:40;1;75;75104;2;3;1;7;RUE DE TURENNE;48,8545740;2,3629400
202000031189;1;8;2020;11:20;1;94;94065;1;1;1;2;CIRCULAIRE (boulevard);48,7538900;2,3574100
202000031204;26;7;2020;12:30;1;84;84069;1;1;1;3;D974;44,1559730;5,1474060
202000031207;2;8;2020;10:20;1;62;62233;1;9;1;3;D940;50,3517076;1,6483892
202000031217;3;8;2020;10:30;1;22;22135;1;1;1;7;Kerbol;48,5525950; -3,3722880
202000031220;26;5;2020;17:25;1;01;01173;2;6;1;-1;D1005;46,3340470;6,0597860
202000031263;1;8;2020;16:30;1;08;08200;2;1;1;1;Rue Corneille;49,4165940;4,6290020
202000031289;3;8;2020;16:40;1;30;30132;2;6;1;3;Giratoire Boulevard Jules CALLON - Boulevard Talabot;44,2098380;4,0297440
202000031298;3;6;2020;08:20;1;67;67300;1;6;1;3;D422;48,5328280;7,5131920
202000031300;3;8;2020;12:15;1;67;67131;2;9;1;3;17 Rue des Fusiliers Marins;48,4871630;7,7292630
202000031312;30;7;2020;11:35;1;69;69116;1;1;1;3;Route du Mont Verdun;45,8412080;4,7776470
202000031328;2;6;2020;18:20;2;974;97411;2;6;1;3;RIVIERE DES PLUIES (ROUTE DE LA); -20,9021400;55,5032900
202000031340;31;5;2020;18:39;1;87;87048;1;1;1;6;VEYRINAS (LIEU DIT);45,7708000;1,2502800
202000031351;31;7;2020;19:10;1;83;83069;2;3;1;3;MOULIN (AVENUE JEAN);43,1136000;6,1290000
202000031352;1;6;2020;10:50;1;80;80164;2;1;1;3;ROND POINT ACCES ROCADE;49,9040800;2,3630000
202000031355;31;5;2020;12:20;1;80;80021;2;1;1;1;DOULLENS (RUE DE);49,9062900;2,3051400
202000031361;31;5;2020;15:20;1;76;76165;2;3;1;-1;REPUBLIQUE. RUE DE LA;49,2837882;1,0164347
202000031368;1;6;2020;18:20;1;74;74218;2;3;1;3;DRANSE (RUE DU PONT DE);46,3840600;6,5133800
202000031378;1;6;2020;17:40;1;67;67482;2;1;1;3;SCHIRMECK (ROUTE DE);48,5643880;7,7054490
202000031380;2;8;2020;18:40;1;26;26198;2;1;8;1;2 Boulevard Marre Desmarais;44,5601390;4,7479240
202000031385;2;6;2020;09:50;1;65;65331;2;1;1;2;LOURDES (AVENUE DE);43,2107340;0,0478290
202000031391;30;5;2020;10:00;1;59;59574;2;1;1;-1;CONDORCET(RUE);50,3599000;3,2823000
202000031392;2;8;2020;10:00;1;15;15014;1;1;1;3;BOUDIEU (LIEU DIT) RN 122;44,8966160;2,4058950
202000031400;2;6;2020;17:45;1;45;45234;2;1;1;3;Avenue Montesquieu;47,8358953;1,9343571
202000031408;1;8;2020;07:45;1;75;75117;2;2;1;2;BOULEVARD BERTHIER;48,8901060;2,3037850
202000031411;2;6;2020;19:00;1;35;35238;2;1;1;3;BOURGEOIS (BOULEVARD LEON);48,0987300; -1,6543100
202000031413;2;8;2020;15:00;1;75;75113;2;1;1;1;AVENUE D ITALIE;48,8237040;2,3580420
202000031416;2;8;2020;21:15;4;75;75101;2;1;1;7;QUAI DES TUILERIES;48,8632910;2,3225420
202000031434;2;8;2020;00:10;5;93;93048;2;3;1;1;JEAN JAURES (PLACE);48,8626610;2,4415835
202000031447;1;8;2020;11:40;1;71;71147;1;2;7;3;D127;46,5392900;4,6399538
202000031452;28;5;2020;18:30;1;13;13202;2;2;1;3;DAMES (BOULEVARD DES);43,3030760;5,3665670
202000031457;1;6;2020;18:10;1;11;11262;2;3;1;-1;MALATERRE (RUE GASTON);43,1850870;3,0219410
202000031473;31;7;2020;13:30;1;42;42115;1;4;1;5;Rue de Bramard;45,3174970;4,3571730
202000031484;2;6;2020;11:40;1;75;75113;2;2;1;3;RUE OLIVIER MESSIAEN;48,8304440;2,3783550
202000031486;2;6;2020;10:10;1;75;75110;2;1;1;3;BOULEVARD DE LA VILLETTE;48,8734520;2,3752290
202000031492;2;6;2020;14:10;1;75;75108;2;1;1;1;BOULEVARD DES BATIGNOLLES;48,8823840;2,3224740
202000031502;1;6;2020;19:48;1;94;94069;2;1;1;3;CHEMIN DE PRESLES (AV DU);48,8158970;2,4622700
202000031521;27;5;2020;16:00;1;95;95452;1;1;1;7;RD 85;49,1330440;2,2977730
202000031524;2;6;2020;20:45;2;68;68253;1;1;1;2;D52;47,7748600;7,5170300
202000031529;29;5;2020;16:30;1;74;74208;1;1;1;2;2451 Route de Saint Gervais;45,9032740;6,7135350
202000031536;3;6;2020;17:40;1;84;84072;1;1;1;3;Route de Carpentras;44,0603290;5,1034500
202000031541;2;6;2020;11:20;1;64;64495;1;1;1;2;D918;43,3656760; -1,5980440
202000031545;2;6;2020;16:55;1;10;10268;2;6;1;2;18 Rue de l'Etape au Vin;48,4929190;3,5020370
202000031562;30;9;2020;13:05;1;69;69388;2;3;1;3;MARIUS BERLIET                      (R );45,7390200;4,8665100
202000031578;30;9;2020;18:10;1;67;67482;2;3;2;2;HOPITAL (ROUTE DE L );48,5723000;7,7504500
202000031580;29;9;2020;07:50;1;63;63113;2;2;1;3;TORPILLEUR SIROCCO (RUE DU);45,8058800;3,1066900
202000031585;28;9;2020;16:33;1;57;57672;1;1;2;3;KONACKER (Route);49,3624200;6,0854900
202000031586;28;9;2020;16:20;1;56;56121;2;2;1;3;GALLIENI (BD);47,7375300; -3,3781200
202000031590;29;9;2020;16:41;1;49;49267;2;1;1;2;MARMITIERE;47,4705600; -0,4916500
202000031594;28;9;2020;08:45;1;44;44109;2;6;1;3;Boulevard de la Prairie au Duc;47,2046200; -1,5626200
202000031601;30;9;2020;15:20;1;17;17300;2;2;1;3;FERRY   RUE JULES;46,1624000; -1,1669000
202000031624;30;9;2020;17:25;1;75;75119;2;3;1;6;RUE SIGMUND FREUD;48,8846840;2,3988380
202000031629;30;9;2020;11:20;1;75;75112;2;1;2;3;AVENUE DE SAINT MAURICE;48,8316320;2,4205800
202000031632;30;9;2020;14:45;1;75;75111;2;4;1;6;BOULEVARD RICHARD LENOIR;48,8568260;2,3704930
202000031634;30;9;2020;13:40;1;75;75107;2;2;8;3;QUAI D ORSAY;48,8624720;2,3104050
202000031635;29;9;2020;21:15;5;75;75103;2;2;1;1;RUE SAINT MARTIN;48,8679150;2,3550190
202000031636;30;9;2020;08:20;1;75;75104;2;3;8;3;BOULEVARD MORLAND;48,8489270;2,3645210
202000031668;30;9;2020;15:50;1;77;77101;2;1;8;3;D75;48,4132940;3,1004410
202000031677;29;9;2020;18:30;1;29;29191;2;2;1;3;Rue Angela Duval;48,5240460; -3,7175550
202000031678;30;9;2020;08:20;1;31;31011;1;1;1;1;35 Route de Barat;43,0017032;0,9049584
202000031698;30;9;2020;19:00;1;69;69009;1;6;1;3;Avenue de la 1ere Armee;45,9263080;4,7083930
202000031720;28;9;2020;16:26;1;87;87050;2;3;1;3;ALSACE (RUE D');45,8704600;1,2362000