Num_Acc;jour;mois;an;hrmn;lum;dep;com;agg;int;atm;col;adr;lat;long
202000031724;28;9;2020;17:30;1;83;83137;2;1;1;6;VIENNE (RUE HENRI);43,1294100;5,9220800
202000031725;29;9;2020;10:15;1;83;83069;1;1;1;3;BORDS DU GAPEAU (CHEMIN DES);43,1258900;6,1711100
202000031727;28;9;2020;07:30;2;80;80021;2;2;1;3;SAGEBIEN (RUE);49,8782700;2,2909900
202000031736;28;9;2020;16:05;1;67;67482;2;3;8;3;BRIGADE ALSACE LORRAINE (RUE DE LA);48,5769900;7,7536600
202000031742;15;9;2020;19:15;1;60;60057;2;1;1;-1;NOTRE DAME DU THIL (RUE);49,4447900;2,0800300
202000031745;29;9;2020;18:55;1;51;51454;2;2;1;3;Avenue du GÃ©nÃ©ral de Gaulle;49,2456586;4,0177865
202000031749;17;9;2020;15:37;1;49;49007;2;3;1;3;AYRAULT;47,4754000; -0,5487100
202000031751;29;9;2020;17:00;1;33;33063;2;1;1;1;QUAI RICHELIEU;44,8391500; -0,5671800
202000031759;12;12;2020;17:40;5;92;92002;2;3;1;1;AUGUSTE MOUNIE (RUE);48,7537459;2,3034521
202000031765;18;11;2020;15:30;1;57;57269;2;3;1;1;Boulevard du Parc;49,2967860;6,2029730
202000031796;9;12;2020;07:30;5;38;38565;2;1;1;2;Avenue Jacques PrÃ©vert;45,2880000;5,6409100
202000031816;12;12;2020;18:25;1;974;97409;2;1;1;6;MASCAREIGNES (Avenue des); -20,9332200;55,6461500
202000031817;12;12;2020;08:55;1;974;97407;2;6;1;3;CARPAYE(AVENUE); -20,9496300;55,3015800
202000031820;12;12;2020;15:00;1;69;69383;2;3;2;3;GAMBETTA                            (CO);45,7500200;4,8582600
202000031826;12;12;2020;12:10;1;95;95476;2;1;2;6;PUISEUX (RUE DE);49,0616340;2,0579830
202000031838;11;12;2020;13:50;1;64;64445;2;1;1;3;LOUIS SALLENAVE;43,3172532; -0,3598210
202000031844;12;12;2020;20:45;5;33;33063;2;2;3;3;CRS PORTAL;44,8542900; -0,5722400
202000031856;11;12;2020;20:19;5;75;75116;2;1;2;3;BOULEVARD LANNES;48,8658750;2,2709810
202000031859;12;12;2020;18:45;5;75;75113;2;1;1;6;AVENUE D ITALIE;48,8271000;2,3569850
202000031863;12;12;2020;12:20;1;75;75104;2;1;1;6;RUE SAINT MARTIN;48,8587890;2,3499800
202000031878;12;12;2020;12:29;1;68;68253;1;1;1;7;D52;47,8040160;7,5328580
202000031886;2;8;2020;10:30;1;34;34025;2;2;1;1;5 Avenue de Servian;43,4108620;3,2558210
202000031924;21;6;2020;11:40;1;30;30028;2;6;1;3;ANCYSE (AVENUE DEL');44,1599700;4,6139400
202000031927;9;12;2020;06:00;1;974;97407;2;1;1;3;Rue du GÃ©nÃ©ral de Gaulle; -20,9417200;55,2962600
202000031946;14;1;2020;16:40;1;75;75106;2;1;1;3;RUE DE SEVRES;48,8499663;2,3235971
202000031951;15;1;2020;10:20;1;75;75119;2;1;1;3;RUE DE CRIMEE;48,8811921;2,3876247
202000031956;15;1;2020;09:45;1;75;75116;2;1;1;2;VOIE GEORGES POMPIDOU;48,8411230;2,2687950
202000031964;15;1;2020;14:30;1;75;75111;2;1;8;4;BOULEVARD JULES FERRY;48,8683071;2,3673311
202000031965;15;1;2020;14:00;1;75;75109;2;1;1;6;RUE DE CAUMARTIN;48,8750817;2,3284645
202000031966;15;1;2020;05:56;5;75;75108;2;1;1;7;PLACE DE LA CONCORDE;48,8655150;2,3196410
202000031968;13;1;2020;18:15;5;75;75103;2;1;1;7;RUE CHAPON;48,8634150;2,3560410
202000031976;15;1;2020;14:30;1;94;94076;1;1;1;1;STALINGRAD (AV DE);48,7853600;2,3667200
202000031979;15;1;2020;12:15;1;93;93078;2;2;1;3;LECLERC (AVENUE DU GENERAL);48,9480930;2,5611570
202000031988;15;1;2020;09:05;1;92;92012;2;1;1;6;DOME (RUE DU);48,8319560;2,2481560
202000032012;12;1;2020;10:00;1;29;29184;2;6;2;3;Kroaz Ar Valy;48,6312210; -3,9884170
202000032031;15;1;2020;16:50;1;971;97125;2;1;1;5;Rue Martin Luther King;16,2573140; -61,2706480
202000032036;15;1;2020;21:10;3;38;38348;1;1;1;3;Avenue de la Vieille Borne;45,5884380;5,2974260
202000032053;11;1;2020;12:05;1;973;97302;2;2;1;5;BARTHELEMY (RENE);4,9336890; -52,3304294
202000032064;13;1;2020;08:55;1;91;91122;2;2;1;3;HARAS (RUE DES);48,6976630;2,1556640
202000032080;11;1;2020;07:45;5;73;73065;2;3;1;3;SAINT ANTOINE (RUE);45,5680400;5,9209700
202000032090;12;1;2020;13:20;1;66;66136;2;1;1;-1;BALEARES ROND POINT ET CITE DES;42,6887700;2,8948000
202000032092;13;1;2020;07:35;5;64;64445;2;3;1;1;PAIX;43,3222100; -0,3668800
202000032114;28;2;2020;12:10;1;33;33281;2;6;2;3;AVE DE MAGUDAS / AVE DE LA LIBERATION;44,8561500; -0,6439000
202000032125;11;1;2020;17:10;1;19;19031;2;3;1;3;FENELON (RUE);45,1591100;1,5091900
202000032144;6;7;2020;09:40;1;77;77385;1;1;1;2;D222;48,8513701;3,2497438
202000032157;4;7;2020;17:16;1;70;70103;2;1;1;6;Rue de la Mairie;47,8099190;6,4568550
202000032165;2;7;2020;16:18;1;85;85234;2;6;1;3;2 Place du Missenit;46,7910200; -2,0561550
202000032181;30;6;2020;13:50;1;09;09160;2;1;1;-1;Chemin de Cambiere;42,9304780;1,8373510
202000032183;6;7;2020;16:35;1;64;64422;2;1;8;7;Rue Labarraque;43,1887740; -0,6098650
202000032237;4;7;2020;01:30;5;06;06088;2;1;1;5;RISSO (BD);43,7038390;7,2809080
202000032245;4;7;2020;17:20;1;75;75118;2;7;1;3;PLACE DE LA CHAPELLE;48,8848870;2,3593450
202000032254;4;7;2020;16:50;1;75;75107;2;2;1;2;PONT DE L ALMA;48,8624290;2,3016050
202000032256;4;7;2020;18:20;1;75;75104;2;1;1;2;QUAI DES CELESTINS;48,8518200;2,3612760
202000032257;4;7;2020;11:20;1;75;75101;2;1;8;7;RUE DE RIVOLI;48,8649600;2,3283670
202000032259;4;7;2020;12:00;1;94;94073;2;3;1;1;avenue Franklin Roosevelt;48,7653860;2,3951000
202000032269;4;7;2020;23:00;5;92;92012;2;5;1;-1;CHATEAU (RUE DU) 1/125 - 2/136;48,8441720;2,2497980
202000032271;4;7;2020;11:35;1;92;92012;2;9;8;3;ANDRE MORIZET (AVENUE) - 49/FIN - 54/FIN;48,8370970;2,2361840
202000032287;5;7;2020;12:00;1;68;68343;1;1;1;1;Chemin Rural;47,8697550;7,3023140
202000032292;5;7;2020;11:34;1;51;51576;1;1;1;1;D1;49,0501610;4,1420600
202000032302;1;7;2020;11:15;1;12;12001;2;7;1;3;Place Marc Robert;44,3575250;2,6802780
202000032309;5;7;2020;16:05;1;38;38564;1;1;1;6;D82K;45,4851130;5,7060560
202000032316;4;7;2020;13:15;1;06;06086;1;1;1;6;D2566;43,9225140;7,4084060
202000032317;5;7;2020;13:13;1;14;14257;2;1;1;1;Rue d'Yverdon;49,1004032; -0,4998631
202000032372;26;2;2020;09:50;1;44;44109;2;1;1;3;BOULEVARD DE CARDIFF;47,1990700; -1,5830400
202000032382;18;3;2020;09:00;1;68;68023;1;3;1;3;D3;48,1611120;7,3411520
202000032406;14;2;2020;10:00;1;92;92050;2;3;8;3;CROIX RUE DE LA/ LENINE VLADIMIR ILITCH AVENUE;48,8880000;2,1957700
202000032419;24;3;2020;17:15;1;42;42294;2;1;1;1;500 Route du Bourg;46,0076780;4,1174380
202000032428;23;3;2020;19:00;1;35;35091;1;1;7;3;Les Champs;48,2058640; -2,1456490
202000032431;15;2;2020;15:15;1;74;74011;1;1;1;3;D5 Route de Naves;45,9284380;6,1774920
202000032437;26;2;2020;18:39;5;67;67152;2;9;1;3;angle route de Lyon et rue du Fort;48,5239060;7,6909100
202000032458;15;2;2020;16:40;1;60;60151;1;1;1;6;D66;49,4495236;2,8775340
202000032475;23;3;2020;08:10;1;69;69244;2;1;1;2;42 Route de Paris;45,7661270;4,7649990
202000032480;22;2;2020;12:58;1;974;97415;2;6;1;2;106 Rue des Sables; -21,0379770;55,2187216
202000032482;15;2;2020;10:25;1;974;97415;1;3;2;3;12 Chemin du Trou de Sable; -21,0990818;55,2426606
202000032503;15;2;2020;15:45;1;57;57350;2;1;7;6;Rue de la Moselle;49,0632410;6,0762600
202000032563;20;3;2020;14:40;1;72;72181;2;1;1;3;COULOMB MICHEL (RUE);47,9707000;0,2137000
202000032568;19;3;2020;19:15;3;57;57463;2;3;1;1;PLAPPEVILLE (ROUTE DE );49,1254600;6,1591200
202000032584;13;2;2020;09:30;1;69;69115;2;6;8;3;ANSE (route d');45,9730000;4,7173400
202000032600;13;2;2020;14:15;1;54;54274;2;6;3;-1;REPUBLIQUE (RUE DE LA);48,6682050;6,2086620
202000032603;13;2;2020;10:20;1;54;54323;2;3;1;2;MERCY (RUE);49,5235430;5,7644530
202000032615;13;2;2020;07:40;5;35;35238;2;6;2;3;GRIMAULT (BD LEON);48,0914500; -1,6581500
202000032616;18;3;2020;17:40;1;80;80021;2;1;1;3;SAINT FUSCIEN (RUE);49,8846300;2,3039600
202000032625;13;2;2020;14:15;1;33;33039;1;1;1;3;RUE DES FRERES LUMIERE;44,7933700; -0,5348400
202000032627;14;2;2020;13:15;1;33;33522;2;1;1;-1;Boulevard du PrÃ©sident Franklin Roosevelt;44,8179100; -0,5777400
202000032635;19;3;2020;07:30;1;35;35238;2;6;1;3;VALLES (JULES);48,1038000; -1,7118400
202000032658;17;3;2020;13:45;1;94;94002;2;1;1;3;BLANQUI (QU);48,8009300;2,4223100
202000032673;13;2;2020;20:15;5;75;75118;2;1;2;6;BOULEVARD DE LA CHAPELLE;48,8839960;2,3515320
202000032680;13;2;2020;16:05;1;75;75107;2;2;1;3;PORT DE LA BOURDONNAIS;48,8606410;2,2954590
202000032682;13;2;2020;15:25;1;75;75101;2;1;2;6;BOULEVARD DU PALAIS;48,8552190;2,3458030
202000032711;13;2;2020;19:35;3;11;11203;1;1;1;1;D611 - PR 14+500;43,1622740;2,7301240
202000032715;14;2;2020;11:30;1;80;80627;1;1;1;2;D210;49,8012837;2,2165149
202000032716;14;2;2020;06:50;5;49;49347;2;2;1;3;Rue du Bourg-joly;47,6146040; -0,4650520
202000032722;2;9;2020;06:25;1;988;98818;2;4;1;3;BRETELLE BONAPARTE FOREST; -22,2420200;166,4572900
202000032725;2;9;2020;19:00;3;974;97416;1;1;1;6;TOBY LES HAUTS(CHEMIN); -21,2954300;55,4556700
202000032732;3;9;2020;18:20;1;69;69199;2;1;1;3;JEAN JAURES                         (AV);45,7115300;4,8551200
202000032748;3;9;2020;16:00;1;76;76382;1;1;1;2;D6015;49,5777100;0,5152840
202000032752;2;9;2020;19:38;1;66;66136;2;1;1;3;REMPARTS-SAINT-JACQUES (DES);42,6969400;2,9019700
202000032754;3;9;2020;15:00;1;64;64445;2;1;1;3;3 Rue Marca;43,2943500; -0,3772530
202000032764;28;8;2020;15:10;1;59;59122;2;6;1;3;BART (BOULEVARD JEAN);50,1824180;3,2275400
202000032767;2;9;2020;14:05;1;56;56121;2;1;1;4;MONISTROL (RUE);47,7378300; -3,3819000
202000032768;2;9;2020;12:35;1;56;56121;2;2;1;3;Avenue Chenailler Dit Colonel Morice;47,7365700; -3,3903100
202000032774;3;9;2020;16:10;1;35;35238;2;4;1;3;DINAN (DE);48,1172100; -1,6823000
202000032775;2;9;2020;19:35;1;35;35238;2;6;1;3;GAYEULLES (ROND POINT);48,1274191; -1,6524442
202000032798;3;9;2020;08:14;1;06;06123;2;6;1;3;ROND POINT COUBERTIN;43,6720000;7,1935200
202000032802;3;9;2020;08:30;1;75;75105;2;1;1;-1;BOULEVARD SAINT MICHEL;48,8447520;2,3394440
202000032803;3;9;2020;18:10;1;75;75120;2;2;1;-1;RUE LOUIS LUMIERE;48,8634540;2,4108630
202000032811;3;9;2020;16:50;1;75;75111;2;3;1;3;RUE DE CHARONNE;48,8539830;2,3823330
202000032812;3;9;2020;13:20;1;75;75108;2;3;1;-1;RUE DE CONSTANTINOPLE;48,8806790;2,3182390
202000032813;3;9;2020;09:15;1;75;75108;2;1;1;6;AVENUE DES CHAMPS ELYSEES;48,8696430;2,3080740
202000032815;3;9;2020;08:30;1;75;75107;2;2;1;3;QUAI D ORSAY;48,8628600;2,3134420
202000032817;3;9;2020;19:30;1;75;75104;2;7;1;2;RUE SAINT ANTOINE;48,8532210;2,3686090
202000032819;3;9;2020;08:50;1;75;75104;2;3;1;6;RUE DE RIVOLI;48,8554750;2,3600970
202000032820;3;9;2020;17:30;1;94;94067;2;9;1;1;Rue de Lagny;48,8493180;2,4200320
202000032841;27;8;2020;09:55;1;92;92002;2;1;1;6;AUGUSTE MOUNIE (RUE);48,7536265;2,3040788
202000032842;4;9;2020;09:30;1;2A;2A348;1;1;1;2;D70;42,1518407;8,7554132
202000032861;3;9;2020;08:55;1;74;74289;1;1;1;7;route dÃ©partemantale 14;45,9333340;5,8747670
202000032867;3;9;2020;16:20;1;65;65479;2;3;1;7;Carrera de Marca Devath;43,1395030;0,0626320
202000032889;4;9;2020;10:50;1;40;40328;2;3;1;5;2 Avenue de la Foret;43,7861840; -1,3943200
202000032913;30;10;2020;13:15;1;92;92002;2;1;1;2;ARMAND GUILLEBAUD (AVENUE);48,7479700;2,3092900
202000032939;30;10;2020;20:30;3;987;98748;2;1;1;1;PK 11+500 Vairo; -17,8016630; -149,2958040
202000032983;29;10;2020;20:30;5;73;73008;2;1;1;3;BOUCHER ALFRED SQUARE;45,6938320;5,9109640
202000032988;28;10;2020;10:15;1;67;67482;2;3;1;3;SOLEURE (RUE DE);48,5770000;7,7535600
202000032989;28;10;2020;08:09;1;67;67482;2;3;2;3;ARQUEBUSIERS (RUE DES);48,5919708;7,7598091
202000032992;29;10;2020;09:00;1;64;64024;2;6;1;2;AVIATION (ROUTE DE L');43,4644000; -1,5332300
202000033014;29;10;2020;11:50;1;35;35238;2;2;1;3;MITTERAND (MAIL FRANCOIS);48,1085400; -1,6929400
202000033019;29;10;2020;08:30;1;35;35238;2;3;2;3;TOUR D'AUVERGNE (BD DE LA);48,1044637; -1,6843732
202000033025;29;10;2020;12:30;1;34;34172;2;1;1;3;FRANKLIN (ROND POINT BENJAMIN);43,6188000;3,9126100
202000033026;2;8;2020;11:45;1;38;38317;2;3;7;3;20 Rue de Chamrousse;45,1320320;5,7110020
202000033039;29;10;2020;18:00;1;33;33529;2;2;1;3;MIQUELOTS (BD DES);44,6095900; -1,1355200
202000033065;31;7;2020;12:55;1;77;77058;2;6;1;3;LAGNY (BOULEVARD DE) - D35;48,8312810;2,7061050
202000033069;28;10;2020;10:55;1;13;13028;2;9;1;6;PUITS DE BRUNET (CHEMIN DU);43,1863190;5,6002220
202000033075;27;10;2020;08:25;1;06;06027;2;1;1;3;PLAGE BOULEVARD DE LA;43,6570700;7,1729200
202000033076;1;8;2020;08:10;1;64;64129;2;1;2;3;CHATEAU D'ESTE DU;43,3067674; -0,3855000
202000033082;29;10;2020;18:35;5;75;75120;2;3;2;3;RUE JEAN VEBER;48,8624210;2,4091590
202000033085;1;8;2020;13:10;1;45;45302;2;1;1;3;Rue Nationale 20;47,9414200;1,8930700
202000033099;31;7;2020;20:45;1;25;25031;2;1;1;3;BELFORT (RUE DE);47,4855450;6,8413170
202000033104;29;10;2020;07:25;2;75;75108;2;1;8;7;PORT DE LA CONFERENCE;48,8641200;2,3027090
202000033107;29;10;2020;20:50;5;75;75101;2;3;1;6;RUE DE RIVOLI;48,8591070;2,3464340
202000033108;29;10;2020;17:40;2;75;75101;2;1;8;6;RUE DE RIVOLI;48,8616410;2,3386980
202000033112;29;10;2020;08:50;1;75;75104;2;3;1;1;RUE SAINT ANTOINE;48,8547730;2,3624230
202000033131;1;8;2020;20:00;1;75;75118;2;1;1;3;RUE DE CHARTRES;48,8846850;2,3536200
202000033137;1;8;2020;14:15;1;75;75116;2;1;1;2;ALLEE DE LONGCHAMP;48,8667940;2,2485250
202000033141;1;8;2020;14:30;1;75;75114;2;2;1;3;RUE VERCINGETORIX;48,8327430;2,3115570
202000033146;29;10;2020;09:15;1;92;92024;2;1;1;-1;GEORGES BOISSEAU (RUE);48,9065514;2,3136697
202000033149;29;7;2020;21:15;2;75;75101;2;2;1;4;BOULEVARD DE SEBASTOPOL;48,8600710;2,3490950
202000033156;29;10;2020;21:45;3;17;17373;2;1;1;1;Route du Silo;46,1385710; -1,0090580
202000033164;28;10;2020;19:40;3;972;97225;1;1;1;-1;D10;14,7547350; -61,1827750
202000033167;30;10;2020;10:30;1;58;58193;1;1;1;3;Route de la Villeneuve;47,5268950;2,8796410
202000033190;29;10;2020;17:25;2;58;58151;1;1;1;-1;D34;46,8700500;3,4597060
202000033194;29;10;2020;15:30;1;05;05124;1;1;1;3;D314;44,5808700;6,1257790
202000033236;2;8;2020;16:30;1;39;39397;2;3;8;3;;46,5234290;5,6163640
202000033247;28;9;2020;12:36;1;10;10387;2;6;2;3;ROBERT GALLEY (RUE);48,2895400;4,0671400
202000033274;28;9;2020;13:55;1;75;75118;2;1;2;3;AVENUE DE LA PORTE DE MONTMARTRE;48,8985240;2,3368150
202000033277;1;8;2020;14:20;1;18;18289;2;3;1;3;14 Route d'Osmery;46,9721090;2,5880430
202000033290;29;9;2020;19:30;5;75;75116;2;1;1;2;RUE DE LA POMPE;48,8671320;2,2805460
202000033293;1;6;2020;09:40;1;38;38185;2;1;1;-1;Rue Auguste Ravier;45,1830600;5,7381900
202000033300;29;9;2020;09:00;2;75;75115;2;3;2;3;BOULEVARD LEFEBVRE;48,8283630;2,3030460
202000033308;1;6;2020;07:20;1;13;13208;2;1;1;7;GOUDES (CHEMIN DES);43,2300785;5,3548104
202000033310;29;9;2020;08:50;1;75;75112;2;7;2;7;BOULEVARD DE BERCY;48,8404040;2,3789420
202000033311;1;6;2020;11:35;1;06;06088;2;3;1;-1;SAINT-JOSEPH (AV.);43,7064900;7,2560800
202000033319;29;9;2020;07:55;1;75;75111;2;1;2;3;AVENUE PHILIPPE AUGUSTE;48,8503280;2,3947380
202000033327;29;9;2020;19:40;5;75;75108;2;1;2;6;PLACE DE LA CONCORDE;48,8656160;2,3217650
202000033334;31;5;2020;20:45;1;75;75119;2;1;1;3;BOULEVARD SERURIER;48,8782234;2,4033518
202000033338;1;6;2020;22:00;2;75;75116;2;3;1;6;BOULEVARD MURAT;48,8444020;2,2570430
202000033339;1;6;2020;17:30;1;75;75116;2;2;1;2;AVENUE GEORGES MANDEL;48,8634950;2,2815750
202000033345;1;6;2020;20:15;2;75;75111;2;4;1;3;RUE FAIDHERBE;48,8533474;2,3827508
202000033349;29;9;2020;19:30;5;94;94021;2;1;1;2;STALINGRAD (AV DE);48,7698370;2,3678670
202000033355;29;9;2020;17:30;1;94;94069;2;9;2;3;EUGENE DELACROIX (R);48,8233240;2,4212080
202000033359;1;6;2020;18:35;1;75;75104;2;1;1;3;BOULEVARD DE SEBASTOPOL;48,8609630;2,3496270
202000033365;31;7;2020;19:15;1;06;06091;2;1;1;-1;Boulevard Aristide Briand;43,8033100;7,4004020
202000033423;31;5;2020;10:25;1;51;51555;1;1;1;7;D12;48,7418706;4,3089799
202000033438;1;6;2020;11:15;1;82;82134;1;2;7;5;3755 Route de Montricoux;44,0787760;1,5801220
202000033454;1;6;2020;11:10;1;35;35163;1;1;1;3;Le Bas Montbelleux;48,3021340; -1,1576360
202000033456;30;9;2020;17:35;1;60;60686;2;1;1;-1;32 Rue de PrÃ©cy;49,2090050;2,3948160
202000033463;30;7;2020;09:15;1;83;83069;1;9;1;1;MARINE (BOULEVARD DE LA);43,0861000;6,1560000
202000033505;30;9;2020;17:20;1;74;74243;1;1;1;1;Route de FeigÃ¨res;46,1306110;6,0790420
202000033525;31;5;2020;09:15;1;31;31433;2;9;7;3;Ancienne Route ImpÃ©riale;43,5184200;1,3957250
202000033551;11;12;2020;07:59;1;83;83069;2;1;1;3;OLBIA  (VOIE);43,1146740;6,1354490
202000033556;30;5;2020;19:50;1;69;69385;2;1;1;3;BARTHELEMY BUYER                    (AV);45,7636700;4,7993300
202000033560;31;5;2020;07:55;1;971;97101;1;9;2;3;RN11;16,2719500; -61,5154900
202000033575;31;5;2020;11:20;1;73;73029;2;6;1;3;STADE (AVENUE DU);45,5642000;5,9439660
202000033590;9;12;2020;09:25;1;64;64445;2;1;1;3;BALAITOUS DU;43,3126580; -0,3709880
202000033591;1;6;2020;01:10;5;64;64024;2;1;1;7;MONTBRUN (AVENUE DE);43,5041000; -1,5005500
202000033614;31;5;2020;15:30;1;18;18033;2;1;7;3;AURON (PONT D');47,0794600;2,3900000
202000033622;11;12;2020;07:00;5;50;50129;2;1;1;1;ROUSSEAU (RUE WALDECK);49,6273800; -1,6375400
202000033638;28;9;2020;09:55;1;69;69386;2;2;2;3;LAFAYETTE                           (CO);45,7636800;4,8581100
202000033658;24;9;2020;20:00;5;87;87085;2;2;2;3;PONT NEUF;45,8260500;1,2679100
202000033676;31;5;2020;18:15;1;75;75120;2;2;1;3;BOULEVARD DE BELLEVILLE;48,8671020;2,3832880
202000033679;30;5;2020;00:45;3;75;75120;2;1;1;6;COURS DE VINCENNES;48,8482340;2,4009590
202000033686;31;5;2020;19:40;1;75;75118;2;2;1;3;RUE STEPHENSON;48,8860680;2,3566150
202000033699;31;5;2020;19:10;1;75;75104;2;3;1;1;RUE DE RIVOLI;48,8552240;2,3611120
202000033703;25;9;2020;15:10;1;67;67482;2;1;2;-1;GENERAL ZIMMER (RUE DU);48,5810300;7,7625100
202000033708;31;5;2020;16:20;1;94;94028;2;1;1;3;CLAVISIS.(RUE DES);48,7806702;2,4715111
202000033710;26;9;2020;12:50;1;66;66136;2;1;1;3;MERMOZ (AVENUE JEAN);42,6931200;2,9153300
202000033722;25;9;2020;07:42;2;49;49015;2;6;1;2;DE GAULLE ROND POINT DU GENERAL;47,5006000; -0,5905600
202000033733;11;12;2020;15:48;1;75;75115;2;2;3;3;BOULEVARD DE GRENELLE;48,8509100;2,2926070
202000033741;11;12;2020;09:30;1;75;75113;2;3;1;6;BOULEVARD DU GENERAL JEAN SIMON;48,8240180;2,3770060
202000033744;11;12;2020;15:20;1;75;75111;2;2;2;3;AVENUE DE LA REPUBLIQUE;48,8646120;2,3780280
202000033746;11;12;2020;09:00;1;75;75110;2;3;2;7;QUAI DE VALMY;48,8729120;2,3637360
202000033749;11;12;2020;14:10;1;75;75109;2;2;2;6;RUE LA FAYETTE;48,8771840;2,3489890
202000033755;10;12;2020;12:45;1;75;75104;2;2;1;3;RUE SAINT ANTOINE;48,8539510;2,3647260
202000033757;11;12;2020;13:55;1;94;94073;2;1;2;1;COUTURE DU MOULIN (R DE LA);48,7636700;2,3828300
202000033766;10;12;2020;12:55;1;93;93032;2;2;1;3;AV RENE FAUGERAS / AV CHARLES TELLIER;48,8739000;2,5652100
202000033772;10;12;2020;23:37;5;92;92046;2;1;2;2;DE STALINGRAD;48,8116756;2,2958340
202000033781;11;12;2020;17:46;4;44;44043;1;6;2;3;D149;47,0969740; -1,2720480
202000033796;12;12;2020;15:00;1;02;02463;2;1;8;7;12 Avenue de l'Europe;49,8040470;3,7704780
202000033854;9;12;2020;08:55;1;56;56098;2;6;1;3;NERUDA (AVENUE  PABLO );47,7659700; -3,3293400
202000033856;9;12;2020;18:05;5;44;44184;2;2;1;3;LAGRANGE (AVENUE LÃO);47,2694100; -2,2283400
202000033862;10;12;2020;05:55;5;37;37195;2;6;2;-1;PRIEURE (AVENUE DU);47,3828585;0,6548897
202000033873;10;12;2020;09:35;1;25;25056;2;1;2;3;MONTBOUCONS CHEMIN DES;47,2526300;5,9983100
202000033875;13;1;2020;18:05;5;75;75106;2;4;2;6;RUE DE RENNES;48,8445601;2,3245389
202000033876;13;1;2020;07:45;5;75;75105;2;2;8;3;RUE DES ECOLES;48,8495920;2,3448760
202000033882;13;1;2020;09:55;1;75;75119;2;5;1;3;RUE BOTZARIS;48,8759986;2,3813281
202000033884;13;1;2020;13:05;1;75;75118;2;2;2;3;RUE LABAT;48,8894850;2,3496000
202000033886;13;1;2020;10:50;1;75;75117;2;4;1;3;AVENUE DE VILLIERS;48,8817361;2,3145892
202000033888;13;1;2020;09:00;1;75;75115;2;3;1;3;RUE LOUIS ARMAND;48,8325711;2,2792272
202000033891;13;1;2020;08:14;1;75;75113;2;1;1;3;BOULEVARD MASSENA;48,8232716;2,3741587
202000033893;13;1;2020;08:00;1;75;75111;2;3;1;3;RUE DE MONTREUIL;48,8504630;2,3899580
202000033895;13;1;2020;10:00;1;75;75110;2;1;1;6;RUE DU FAUBOURG SAINT DENIS;48,8809645;2,3579477
202000033896;13;1;2020;13:12;1;75;75109;2;1;8;-1;RUE LA FAYETTE;48,8770751;2,3485009
202000033918;14;1;2020;07:40;5;59;59107;2;1;2;2;Rue Pierre Decock;51,0640070;2,5204350
202000033953;11;1;2020;07:35;1;971;97125;1;1;1;2;La Pointe des ChÃ¢teaux;16,2557640; -61,2468940
202000033997;10;1;2020;18:35;5;71;71270;2;1;1;3;Cours Moreau;46,3091286;4,8333775
202000034001;9;1;2020;19:30;5;67;67482;2;1;1;3;ZURICH (RUE DE);48,5808400;7,7573080
202000034004;11;1;2020;10:20;1;64;64445;2;6;1;3;DROITS DE L' HOMME DES;43,3130400; -0,3689600
202000034015;8;1;2020;18:45;5;59;59165;2;1;2;3;EGALITE (RUE DE L');50,3770900;3,0511800
202000034017;10;1;2020;08:00;5;56;56121;2;2;1;3;KERJULAUDE ( RUE DE );47,7438700; -3,3810800
202000034023;10;1;2020;18:15;3;45;45338;2;1;1;1;RUE DU VIEUX BOURG;47,9899300;2,7246200
202000034026;10;1;2020;04:40;5;37;37261;2;2;1;-1;MIRABEAU (RUE);47,3970430;0,6995117
202000034029;10;1;2020;12:25;1;35;35238;2;2;1;2;PORTUGAL (BD DU);48,0835000; -1,6620000
202000034030;10;1;2020;09:00;1;35;35238;2;1;1;3;METZ (BD DE);48,1162000; -1,6583000
202000034036;10;1;2020;09:20;1;33;33063;2;2;2;3;RUE DU JARDIN PUBLIC / RUE BINAUD;44,8594100; -0,5711700
202000034045;7;1;2020;17:20;5;22;22113;2;1;8;1;PLACENN AR GUER (RUE DE);48,7469300; -3,4599500
202000034046;11;1;2020;11:15;1;17;17300;2;1;1;6;GARROS   RUE ROLAND;46,1783400; -1,1453300
202000034071;4;7;2020;11:45;1;37;37166;2;3;1;3;1 Rue Jacques de Lavardin;47,5110572;0,9092855
202000034084;5;7;2020;10:06;1;69;69228;1;2;1;3;Route de la Grimodiere;45,5954230;4,6506770
202000034088;5;7;2020;11:15;1;14;14047;2;6;2;3;BD MarÃ©chal LECLERC/ CD 572;49,2705450; -0,7072770
202000034101;2;7;2020;17:00;1;974;97407;1;9;1;2;MARINE(BOULEVARD); -20,9490800;55,2846000
202000034104;3;7;2020;18:10;1;69;69387;2;2;1;3;GUILLOTIERE (DE LA)                 (GR);45,7521204;4,8466307
202000034105;3;7;2020;09:48;1;69;69386;2;1;1;7;BERGES DU RHONE (SECT. PUVIS DE CHAVANNE;45,7825900;4,8477700
202000034111;3;7;2020;19:20;5;69;69384;2;1;1;1;TUNNEL DE LA CROIX ROUSSE           (XX);45,7734800;4,8267100
202000034119;28;6;2020;20:00;1;83;83129;2;3;1;3;SEVERIN SAURIN (RUE);43,0874900;5,8374600
202000034125;2;7;2020;16:50;1;76;76575;2;1;1;3;HOTEL FORMULE 1 (AV. DES CANADIENS);49,4001100;1,0639100
202000034129;2;7;2020;19:50;1;67;67482;2;1;1;3;SCHIRMECK (ROUTE DE);48,5641680;7,7053830
202000034133;2;7;2020;18:00;1;60;60159;2;1;1;3;passage FrÃ©dÃ©ric Chopin;49,4091110;2,8060617