Num_Acc;jour;mois;an;hrmn;lum;dep;com;agg;int;atm;col;adr;lat;long
202000034134;3;7;2020;17:50;1;59;59636;2;6;1;3;MARQUETTE RUE DE;50,6849124;3,0608685
202000034136;2;7;2020;12:15;1;59;59350;2;3;1;3;KENNEDY AVENUE;50,6328300;3,0722900
202000034139;2;7;2020;16:50;1;54;54395;2;1;1;3;KELLER (RUE CHARLES);48,7030998;6,1752438
202000034149;3;7;2020;08:40;1;35;35238;2;1;1;7;LEROUX (BD OSCAR);48,0915000; -1,6647000
202000034151;3;7;2020;10:00;1;34;34172;2;9;1;1;ADAM (PLACE EDOUARD);43,6067500;3,8759500
202000034181;3;7;2020;00:45;5;06;06004;2;4;1;3;GREC AV.JULES;43,5952400;7,1148410
202000034188;2;7;2020;22:50;5;75;75104;2;2;1;6;BOULEVARD BOURDON;48,8529260;2,3684220
202000034189;3;7;2020;18:01;1;75;75105;2;5;1;-1;RUE MONGE;48,8489290;2,3498280
202000034192;3;7;2020;18:15;1;75;75118;2;1;1;6;BOULEVARD DE CLICHY;48,8835170;2,3338540
202000034195;2;7;2020;18:40;1;75;75116;2;1;1;3;ROUTE DE SEVRES A NEUILLY;48,8616620;2,2378960
202000034199;3;7;2020;16:55;1;75;75115;2;1;1;6;RUE MADEMOISELLE;48,8434010;2,2997730
202000034200;2;7;2020;09:20;1;75;75114;2;1;1;-1;RUE VICTOR SCHOELCHER;48,8361360;2,3307490
202000034203;3;7;2020;02:35;5;75;75111;2;2;1;-1;BOULEVARD RICHARD LENOIR;48,8639990;2,3706780
202000034209;3;7;2020;14:45;1;94;94043;2;6;1;2;FONTAINEBLEAU (AV DE);48,8096400;2,3625400
202000034217;2;7;2020;18:50;1;93;93066;2;1;1;3;Avenue Paul Vaillant-Couturier;48,9300000;2,3620000
202000034224;2;7;2020;10:10;1;92;92049;2;1;8;7;MARNE AVENUE DE LA;48,8133000;2,3045500
202000034225;3;7;2020;13:00;1;92;92035;2;1;1;-1;RÃ©publique ( boulevard de la );48,9061000;2,2506100
202000034226;3;7;2020;19:35;1;92;92024;2;3;1;2;MARTRE (RUE) DE (59 A 109)   (58 A 120);48,9021000;2,3070400
202000034227;3;7;2020;18:00;1;92;92024;2;1;1;3;VICTOR HUGO (BD);48,8980727;2,3115445
202000034231;3;7;2020;08:45;1;92;92023;2;6;1;3;JEAN BAPTISTE CLEMENT (AVENUE);48,7989800;2,2680100
202000034238;4;7;2020;10:50;1;60;60088;2;1;1;7;D609;49,2247170;2,2050120
202000034248;4;7;2020;01:10;3;74;74103;1;1;1;2;Route de Sallanches;45,9166350;6,6482900
202000034255;4;7;2020;08:05;1;12;12069;1;1;1;3;D999;43,8762110;2,6746770
202000034284;16;3;2020;19:40;3;55;55302;1;1;1;2;RN935;48,7470740;5,2066080
202000034292;16;3;2020;11:30;1;05;05061;2;6;1;3;VICTOR HUGO ( COURS  );44,5619500;6,0777600
202000034305;18;3;2020;17:00;1;60;60481;2;1;1;3;Rue de la ForÃªt;49,2927140;2,8585960
202000034313;9;1;2020;14:10;1;09;09122;2;7;1;3;LAQUIERE (RUE);42,9628800;1,6083300
202000034327;16;3;2020;13:30;1;67;67482;2;3;1;3;KOENIGSHOFFEN (RUE DE);48,5804529;7,7276513
202000034332;15;3;2020;09:36;1;63;63113;2;3;1;-1;FONTAINE DU LARGE (RUE DE LA);45,7927900;3,0916600
202000034333;16;3;2020;14:05;1;62;62193;2;3;1;3;JACQUARD (BOULEVARD);50,9486700;1,8539900
202000034336;13;3;2020;09:10;1;59;59178;2;6;1;3;HERILLIER (PLACE L');50,3629800;3,0781200
202000034338;15;3;2020;18:30;1;37;37122;2;1;1;-1;LAVOISIER (RUE);47,3465104;0,6548812
202000034366;14;2;2020;16:00;1;02;02475;1;1;1;3;36 Rue de Guignicourt;49,4216030;3,9977150
202000034384;16;3;2020;19:34;1;974;97416;2;3;1;-1;EMBERIQUES (IMPASSE); -21,2904100;55,4567800
202000034387;15;3;2020;20:45;5;972;97209;1;1;1;3;AUTOROUTE (A1);14,6181800; -61,0366100
202000034402;15;3;2020;16:25;1;49;49007;2;1;1;7;ROE;47,4722400; -0,5527100
202000034406;16;3;2020;16:25;1;33;33522;2;2;1;2;BD GEORGE V / RUE DE LA LIBERTE;44,8213100; -0,5831500
202000034412;13;3;2020;17:40;1;31;31555;2;1;1;-1;RTE D ALBI;43,6349100;1,4637200
202000034431;15;3;2020;16:35;1;94;94076;2;9;1;3;PARIS (AV DE);48,8062782;2,3635465
202000034452;3;9;2020;10:45;1;44;44195;2;6;1;3;Giratoire de LAVAU;47,3608010; -1,9557430
202000034481;2;9;2020;07:00;1;69;69389;2;3;1;3;RAOUL CARRIE                        (QU);45,8015171;4,8383613
202000034495;1;9;2020;11:30;1;59;59350;2;2;1;5;TURENNE RUE;50,6271000;3,0392100
202000034499;1;9;2020;15:35;1;52;52121;2;1;1;3;39 ALPHANDERY (RUE) PAIR;48,1063000;5,1358200
202000034501;2;9;2020;17:32;1;45;45147;2;2;1;1;Rue AndrÃ© Dessaux;47,9340184;1,8962286
202000034513;2;9;2020;14:15;1;26;26362;2;1;1;3;94 Avenue de Romans;44,9345000;4,9064000
202000034516;2;9;2020;17:15;1;17;17200;2;2;1;3;CLAVIER   AVENUE DU;46,1809300; -1,1672800
202000034531;2;9;2020;17:30;1;75;75116;2;3;1;3;AVENUE ALBERT DE MUN;48,8620500;2,2932210
202000034533;2;9;2020;19:00;1;75;75115;2;1;1;3;BOULEVARD GARIBALDI;48,8456690;2,3089680
202000034536;2;9;2020;17:00;1;75;75113;2;2;1;3;RUE DU CHATEAU DES RENTIERS;48,8251400;2,3698020
202000034537;2;9;2020;08:34;1;75;75113;2;3;1;6;AVENUE D ITALIE;48,8274290;2,3568780
202000034541;2;9;2020;18:55;1;75;75111;2;1;1;3;BOULEVARD VOLTAIRE;48,8641560;2,3694680
202000034542;2;9;2020;14:15;1;75;75109;2;3;1;3;RUE LAFFITTE;48,8729990;2,3376570
202000034544;2;9;2020;22:30;5;75;75101;2;3;1;7;RUE DE RIVOLI;48,8612530;2,3398140
202000034545;2;9;2020;14:41;1;75;75101;2;3;1;7;RUE DE RIVOLI;48,8614770;2,3391310
202000034550;2;9;2020;19:30;1;94;94002;2;1;1;1;PIERRE COSMI (QU);48,8147640;2,4115840
202000034554;2;9;2020;19:30;1;92;92073;2;1;1;3;ROOSVELT (AVENUE FRANKLIN);48,8733420;2,2214370
202000034556;1;9;2020;09:00;1;92;92050;2;5;1;3;CLEMENCEAU GEORGES AVENUE NÂ° PAIR;48,8865153;2,2089922
202000034560;3;9;2020;09:20;1;11;11156;1;1;1;7;D203;43,3204295;2,2770989
202000034567;14;2;2020;15:45;1;03;03158;1;1;1;7;;46,4846124;2,6557068
202000034583;22;1;2020;16:20;2;28;28136;1;1;7;2;D309.4;48,7081530;1,4167860
202000034596;9;2;2020;10:24;1;06;06152;1;1;1;-1;Route de Biot;43,6427060;7,0252260
202000034604;2;9;2020;16:45;1;15;15248;1;1;1;3;DÃ©partementale 134;45,0541970;2,9211400
202000034605;14;2;2020;07:35;3;33;33203;1;1;5;3;Route de Vendays;45,2014500; -1,0734800
202000034618;3;9;2020;12:00;1;04;04217;2;3;1;3;RD 17 / Place du mitan;44,1362570;6,1325760
202000034624;3;9;2020;18:20;2;38;38173;1;1;1;6;D1091;45,0407300;6,1244900
202000034638;2;9;2020;18:00;1;21;21021;2;4;1;2;56 Rue de Dijon;47,3459944;5,1865618
202000034694;11;2;2020;17:20;2;67;67482;2;1;6;3;DROITS DE L HOMME (ALLEE DES);48,5966450;7,7757140
202000034695;11;2;2020;09:20;1;67;67482;2;1;6;2;HOPITAL (ROUTE DE L );48,5725071;7,7502474
202000034715;12;2;2020;16:10;1;45;45234;2;1;1;3;Rue Jousselin;47,9021900;1,9312500
202000034726;1;9;2020;15:58;1;974;97411;2;1;1;1;PONT (RUE DU); -20,8782954;55,4454620
202000034734;1;9;2020;14:20;1;69;69387;2;1;1;6;GAMBETTA                            (CO);45,7556400;4,8421000
202000034737;12;2;2020;12:30;1;14;14118;2;2;1;3;LEROY (BOULEVARD);49,1717900; -0,3485700
202000034758;12;2;2020;15:40;1;75;75117;2;1;1;3;AVENUE DES TERNES;48,8794900;2,2905720
202000034761;11;2;2020;22:28;5;75;75115;2;3;8;-1;BOULEVARD VICTOR;48,8334880;2,2865880
202000034768;12;2;2020;11:15;1;75;75101;2;3;1;-1;QUAI DU LOUVRE;48,8590330;2,3398920
202000034785;10;2;2020;14:30;1;92;92025;2;2;2;3;RENOUILLERS  (RUE DES);48,9238960;2,2405570
202000034790;13;2;2020;18:50;2;974;97414;1;1;1;3;24 Rue Leconte de Lisle; -21,2790470;55,4133220
202000034801;31;1;2020;16:30;1;31;31522;1;1;1;6;D3;43,2962540;0,8231270
202000034846;31;7;2020;17:00;1;45;45068;2;1;1;6;VIEUX RANG DE LANGLEE (RUE DU);48,0219000;2,7202000
202000034849;10;8;2020;17:12;1;38;38151;2;2;1;3;Avenue Danielle Casanova;45,1473500;5,7013400
202000034856;30;7;2020;10:25;1;33;33550;2;3;1;1;Rue du Docteur Schweitzer;44,7738800; -0,5315600
202000034857;31;7;2020;04:00;5;33;33063;2;3;1;2;ALL DE BOUTAUT;44,8676700; -0,5758500
202000034884;31;7;2020;00:01;5;75;75117;2;3;1;1;AVENUE DE CLICHY;48,8866080;2,3260020
202000034885;31;7;2020;17:30;1;75;75116;2;1;1;3;ALLEE DE LA REINE MARGUERITE;48,8491420;2,2420510
202000034889;31;7;2020;08:05;1;75;75115;2;2;1;3;RUE LECOURBE;48,8450040;2,3106510
202000034891;30;7;2020;11:27;1;75;75113;2;1;1;3;QUAI D AUSTERLITZ;48,8430290;2,3663690
202000034892;31;7;2020;18:55;1;75;75112;2;3;1;2;BOULEVARD DE LA BASTILLE;48,8514600;2,3692250
202000034894;30;7;2020;20:20;1;75;75107;2;1;1;3;QUAI BRANLY;48,8585100;2,2927350
202000034899;31;7;2020;10:50;1;94;94046;2;1;1;3;REPUBLIQUE (AV DE LA);48,8052800;2,4394400
202000034904;31;7;2020;13:40;1;94;94017;2;1;1;6;LUCIE (QU);48,8299220;2,5023820
202000034917;31;7;2020;07:30;1;92;92040;2;2;1;-1;ERNEST RENAN;48,8269710;2,2792230
202000034931;1;8;2020;15:45;1;56;56251;2;3;1;3;Rue Gabriel de Goulaine;47,6290840; -2,6674710
202000034942;31;7;2020;07:30;1;39;39470;1;4;7;3;;46,4675610;6,0685300
202000034943;31;7;2020;19:30;1;25;25424;1;3;1;3;RD32 - VANCLANS;47,1001140;6,3484670
202000034945;1;8;2020;10:20;1;35;35297;2;1;1;3;8 Route de St Onen la Chapelle;48,1833030; -2,1850400
202000034970;27;9;2020;08:00;1;29;29232;2;2;1;1;Rue de Benodet;47,9870300; -4,1079900
202000034972;28;9;2020;07:50;1;26;26362;2;1;2;2;37 Rue Jean JaurÃ¨s;44,9280800;4,9062500
202000034993;31;7;2020;11:10;1;44;44195;2;6;1;3;Le Bas Matz;47,3705050; -1,9518700
202000035003;27;9;2020;23:57;5;75;75106;2;2;2;3;BOULEVARD SAINT GERMAIN;48,8520950;2,3403020
202000035014;28;9;2020;10:00;1;75;75113;2;2;2;2;AVENUE DES GOBELINS;48,8358400;2,3525020
202000035016;27;9;2020;23:45;5;75;75113;2;2;2;3;BOULEVARD MASSENA;48,8222860;2,3716430
202000035020;28;9;2020;08:15;1;75;75111;2;3;2;3;AVENUE DE LA REPUBLIQUE;48,8666450;2,3672900
202000035022;28;9;2020;16:30;1;75;75110;2;1;1;2;BOULEVARD DE LA VILLETTE;48,8731590;2,3755690
202000035023;28;9;2020;18:20;1;75;75108;2;1;1;2;RUE CLAPEYRON;48,8817670;2,3239830
202000035035;29;7;2020;21:50;5;973;97302;2;3;1;3;STE THERESE(CITE ANATOLE);4,9171904; -52,3178172
202000035036;30;7;2020;22:40;5;69;69259;2;1;1;6;CLOS VERGER (DU)                    (R );45,7230500;4,8944300
202000035044;30;7;2020;15:40;1;91;91377;2;1;1;1;JUIN (AVENUE DU MARECHAL);48,7200300;2,2839900
202000035049;27;7;2020;08:35;1;81;81004;2;6;1;3;TEYSSIER (AV DU COLONEL);43,9212340;2,1676150
202000035052;30;7;2020;11:20;1;77;77058;2;6;1;-1;GENETS (BOULEVARD DES) - D406;48,8353800;2,7222500
202000035087;29;7;2020;19:49;1;56;56121;2;6;1;3;FAOUEDIC ( AVE DU );47,7477000; -3,3651000
202000035100;29;7;2020;20:30;1;49;49007;2;1;1;6;Avenue Pasteur;47,4770100; -0,5317000
202000035107;30;7;2020;08:40;1;45;45068;1;1;1;3;LAC (RUE DU);48,0262200;2,7241200
202000035111;30;7;2020;08:00;1;35;35238;2;2;1;1;LORIENT (DE);48,1079150; -1,7029200
202000035112;5;9;2020;13:07;1;68;68300;2;3;1;3;2 Rue de l'Aquitaine;47,7768690;7,3900380
202000035115;30;7;2020;08:20;1;35;35238;2;6;1;3;Rue de Saint-Brieuc;48,1093100; -1,6977200
202000035126;28;10;2020;14:10;1;974;97411;2;6;2;3;Route de la RiviÃ¨re des Pluies; -20,9021110;55,5028010
202000035146;27;10;2020;18:00;5;971;97120;2;3;1;-1;NELSON MANDELA;16,2409912; -61,5318114
202000035148;28;9;2020;16:40;1;50;50210;1;1;1;3;31 Rue du ChÃ¢teau;49,2547780; -1,3861980
202000035160;29;9;2020;10:27;1;66;66213;1;1;1;2;D612a;42,6612670;2,8229280
202000035175;27;10;2020;16:00;1;85;85194;1;6;2;3;RD 760;46,5278400; -1,7534000
202000035183;28;10;2020;15:20;1;83;83069;1;1;1;-1;MARAIS (ROUTE DES);43,0798400;6,1270200
202000035216;1;6;2020;13:55;1;72;72127;2;1;1;1;Route d'Allonnes;47,9564540;0,0910500
202000035227;1;6;2020;10:25;1;16;16287;1;6;1;3;Ld Chantoiseau;45,5775230;0,0339250
202000035242;31;5;2020;16:00;1;87;87045;2;1;1;2;14 Avenue du Lac;45,9906410;1,0477780
202000035246;27;10;2020;08:40;1;51;51230;2;1;1;3;Avenue de Champagne;49,0426612;3,9623340
202000035250;23;10;2020;14:05;1;49;49007;2;1;1;7;LETANDUERE;47,4644200; -0,5554000
202000035282;30;5;2020;14:05;1;78;78548;1;1;1;1;D91;48,7108720;2,0017330
202000035290;11;1;2020;13:05;1;75;75120;2;2;1;3;RUE PIXERECOURT;48,8725996;2,3961092
202000035291;12;1;2020;10:05;1;75;75116;2;1;1;7;RUE SPONTINI;48,8685964;2,2775696
202000035299;12;1;2020;18:50;5;75;75112;2;2;1;6;AVENUE LEDRU ROLLIN;48,8496123;2,3742761
202000035302;1;6;2020;14:45;1;08;08328;1;1;7;7;voie verte;49,7978600;4,7593760
202000035305;11;1;2020;23:35;5;75;75109;2;2;1;6;RUE DU HELDER;48,8710783;2,3347968
202000035310;12;1;2020;12:12;1;75;75108;2;7;1;3;PLACE DE LA CONCORDE;48,8666666;2,3220178
202000035337;12;1;2020;12:15;1;93;93051;2;1;1;3;MEDERIC (AVENUE);48,8301300;2,5604500
202000035365;13;1;2020;09:00;1;56;56078;2;6;2;3;Rue de Kerbastic;47,7928668; -3,4915522
202000035378;27;9;2020;19:45;4;75;75115;2;2;2;3;AVENUE DE LOWENDAL;48,8494150;2,3037930
202000035387;10;12;2020;07:40;5;17;17300;2;1;2;3;LECLERC   AVENUE DU GENERAL;46,1622880; -1,1565660
202000035394;28;10;2020;14:00;1;75;75108;2;7;8;3;PLACE DE LA CONCORDE;48,8660650;2,3209740
202000035403;27;9;2020;02:20;5;75;75103;2;2;2;3;BOULEVARD DE SEBASTOPOL;48,8644300;2,3515170
202000035413;25;10;2020;14:50;1;75;75107;2;1;2;7;QUAI BRANLY;48,8586120;2,2928780
202000035419;28;10;2020;18:45;3;75;75101;2;2;1;6;RUE DE RIVOLI;48,8604340;2,3423240
202000035424;1;6;2020;09:00;1;60;60346;2;6;1;1;Rue des Marais;49,1533590;2,4291910
202000035448;28;10;2020;16:40;1;94;94067;2;2;2;3;GALLIENI (AV);48,8464200;2,4175000
202000035465;10;12;2020;12:50;1;75;75112;2;2;1;3;AVENUE LEDRU ROLLIN;48,8458730;2,3676710
202000035479;10;12;2020;07:55;2;75;75111;2;2;1;3;BOULEVARD RICHARD LENOIR;48,8663450;2,3688560
202000035485;11;1;2020;17:55;3;78;78398;1;1;1;2;D155;48,7634740;1,8258650
202000035486;30;5;2020;22:00;5;69;69276;2;1;1;3;HECTOR BERLIOZ                          ;45,6679534;4,8529456
202000035497;10;12;2020;08:45;2;75;75109;2;2;1;3;BOULEVARD DE ROCHECHOUART;48,8836110;2,3495140
202000035499;9;12;2020;09:20;1;75;75109;2;2;1;3;RUE DE TREVISE;48,8759400;2,3455480
202000035514;28;10;2020;11:00;1;92;92036;2;1;1;-1;CAMELINAT (BOULEVARD) (1/47);48,9278600;2,2978990
202000035532;28;10;2020;15:00;1;92;92002;2;6;1;3;PRESIDENT KENNEDY (2 A 48);48,7405955;2,3021212
202000035533;8;12;2020;20:15;5;94;94081;2;2;8;3;MOULIN DE SAQUET (AV DU);48,7907728;2,3809808
202000035538;25;10;2020;16:25;1;57;57210;2;1;1;7;79 Rue de l'HÃ´tel de Ville;48,8454640;7,0123190
202000035546;28;10;2020;19:05;3;74;74026;1;1;2;3;RD 1508;45,9605550;6,0349920
202000035558;30;5;2020;19:15;1;83;83123;2;1;1;6;LOUIS BLANC (RUE);43,1183000;5,8016100
202000035577;30;5;2020;14:50;1;64;64024;2;1;1;2;UNION (RUE DE L');43,4855900; -1,5043000
202000035589;9;12;2020;08:00;1;94;94004;2;2;1;1;GENERAL LECLERC (AV DU);48,7544700;2,5060300
202000035598;29;10;2020;17:50;3;03;03166;1;1;1;2;;46,1287166;3,1671713
202000035608;30;5;2020;18:30;1;51;51454;2;1;1;3;Avenue Jean JaurÃ¨s;49,2604507;4,0477345
202000035613;30;5;2020;15:00;1;35;35238;2;9;1;2;ALMA (DE L');48,1042700; -1,6773300
202000035614;29;10;2020;08:25;1;64;64145;2;9;1;3;route de pau;43,1940740; -0,2717720
202000035620;30;5;2020;21:05;1;33;33522;2;2;1;3;RUE DE LA VIEILLE TOUR / RUE PIERRE NOAILLES;44,8082634; -0,6003304
202000035621;11;1;2020;15:30;1;75;75116;2;3;1;4;AVENUE DE NEW YORK;48,8632061;2,2961761
202000035623;10;1;2020;08:10;1;75;75116;2;4;8;3;ALLEE DE LONGCHAMP;48,8769984;2,2769237
202000035635;22;10;2020;16:00;1;987;98722;2;3;1;1;PK 17 - RT2; -17,5914290; -149,3821260
202000035641;11;1;2020;02:25;5;75;75112;2;1;1;3;RUE DE LYON;48,8500131;2,3705201
202000035645;9;12;2020;13:00;1;93;93048;2;2;2;3;CARNOT (RUE);48,8571859;2,4411565
202000035660;8;12;2020;18:00;2;92;92050;2;2;1;3;SEINE BOULEVARD DE;48,8996842;2,1950428
202000035662;11;1;2020;20:15;5;75;75110;2;4;1;6;BOULEVARD DE MAGENTA;48,8782962;2,3544157
202000035666;1;1;2020;01:30;5;75;75107;2;2;1;6;QUAI ANATOLE FRANCE;48,8595320;2,3292840
202000035669;30;5;2020;18:20;1;75;75119;2;3;1;3;RUE DE BELLEVILLE;48,8725342;2,3785561
202000035677;7;12;2020;08:00;1;974;97422;1;9;1;6;Rue des Poinsetias; -21,2484670;55,5252750
202000035680;30;5;2020;14:50;1;75;75114;2;1;1;3;AVENUE DU GENERAL LECLERC;48,8236447;2,3256404
202000035683;11;1;2020;17:35;2;75;75104;2;1;1;7;BOULEVARD DE SEBASTOPOL;48,8602203;2,3491686
202000035685;30;5;2020;13:00;1;75;75114;2;3;1;3;BOULEVARD JOURDAN;48,8223779;2,3291271
202000035693;30;5;2020;14:35;1;75;75110;2;7;1;6;PLACE JACQUES BONSERGENT;48,8710682;2,3611258
202000035703;30;5;2020;09:10;1;75;75110;2;2;1;3;BOULEVARD DE LA VILLETTE;48,8736396;2,3750159
202000035726;11;1;2020;11:30;1;92;92035;2;1;1;3;GÃ©nÃ©ral Leclerc ( avenue du );48,9124000;2,2492400
202000035729;30;5;2020;20:30;1;75;75101;2;2;1;3;QUAI FRANCOIS MITTERRAND;48,8601128;2,3333437
202000035732;27;5;2020;21:00;2;75;75104;2;7;1;3;BOULEVARD BEAUMARCHAIS;48,8536186;2,3690504
202000035752;12;1;2020;11:30;1;83;83085;1;1;1;-1;1069 Route de Trans;43,4960530;6,5215220
202000035757;30;5;2020;20:40;1;93;93072;2;2;1;1;LOUIS BORDES (RUE);48,9558000;2,3832200
202000035770;29;5;2020;22:30;5;92;92012;2;1;1;-1;PARIS (RUE DE) 97BIS/FIN - 116/FIN;48,8414720;2,2387450
202000035774;30;5;2020;20:10;1;92;92014;2;3;7;3;BIEVRE (RUE DE LA);48,7807120;2,3206750
202000035776;7;12;2020;08:45;1;78;78196;1;1;1;2;D30;48,8607730;1,9689670
202000035783;31;5;2020;09:45;1;2A;2A282;2;1;1;7;le village;42,1905477;8,9132756
202000035787;4;11;2020;14:55;1;21;21515;1;3;8;3;Route de Couternon;47,3205983;5,1243902
202000035794;31;5;2020;11:25;1;01;01105;1;1;1;2;D43;45,9047100;4,8772850
202000035802;29;5;2020;09:58;1;31;31389;1;9;1;1;16 Route de Toulouse;43,6328990;1,5201070
202000035821;31;5;2020;11:40;1;19;19107;1;1;1;3;1 Dautrement;45,1020001;1,3873061
202000035826;4;5;2020;15:45;1;33;33140;2;3;1;3;Route du Pout;44,7765900; -0,3498000
202000035827;10;1;2020;16:10;1;974;97415;2;3;1;3;Rue du GÃ©nÃ©ral de Gaulle; -21,0520726;55,2277440
202000035839;12;1;2020;18:45;2;83;83115;1;1;1;2;;43,3137742;6,6636780
202000035842;11;1;2020;10:20;1;13;13042;2;6;1;3;Rond Point des Charrons;43,2974110;5,6236030
202000035856;11;1;2020;16:15;1;31;31420;1;6;7;3;D4;43,4920610;1,4037430
202000035884;30;5;2020;19:30;1;45;45062;2;1;1;6;D2020 - PR 19+200;47,9887639;1,8823745
202000035886;31;5;2020;19:30;1;48;48034;1;1;1;7;D32;44,3825890;3,2809480
202000035916;10;1;2020;17:55;5;75;75106;2;2;2;3;BOULEVARD RASPAIL;48,8455844;2,3286460
202000035918;10;1;2020;15:10;1;75;75120;2;2;1;3;RUE RAMPONEAU;48,8719067;2,3826878
202000035924;8;12;2020;17:45;5;67;67218;2;3;8;3;LIXENBUHL (RUE);48,5300800;7,7225900
202000035927;8;12;2020;17:25;5;67;67482;2;4;8;3;BORDEAUX (PLACE DE);48,5937041;7,7585271
202000035935;10;1;2020;11:00;1;75;75115;2;1;8;7;BOULEVARD VICTOR;48,8347270;2,2827659
202000035942;3;11;2020;09:00;1;62;62427;2;1;1;2;MELUSINE (R);50,4155400;2,9646500
202000035943;9;1;2020;17:40;2;75;75112;2;2;2;3;BOULEVARD PONIATOWSKI;48,8334763;2,4021119
202000035952;9;12;2020;08:06;2;37;37214;2;6;1;-1;BORDIERS (RUE DES);47,4190429;0,6739758
202000035960;9;12;2020;11:06;1;17;17300;2;1;1;3;SCHWEITZER   RUE DU DOCTEUR ALB;46,1584000; -1,1455200
202000035980;9;12;2020;08:45;1;75;75112;2;2;1;3;RUE DE LYON;48,8479980;2,3714330
202000035981;9;12;2020;09:20;1;75;75107;2;1;1;3;RUE DE L UNIVERSITE;48,8581120;2,3268450
202000035982;9;12;2020;20:00;5;75;75104;2;2;1;3;BOULEVARD MORLAND;48,8489360;2,3645210
202000035988;3;7;2020;21:00;1;02;02238;2;3;1;3;Rue de Versigny;49,6109850;3,5101290
202000036007;3;7;2020;19:40;1;70;70528;2;1;1;2;Rue de l'Eglise;47,4199720;5,7032230
202000036018;4;7;2020;13:00;1;60;60065;1;1;2;3;Rue de Noailles;49,3399340;2,2099630
202000036042;2;7;2020;18:15;1;69;69383;2;9;1;3;FEUILLAT                            (R );45,7444600;4,8745900
202000036046;2;7;2020;08:25;1;69;69034;2;1;1;2;GENERAL DE GAULLE                   (AV);45,8083000;4,8564000
202000036047;30;6;2020;20:10;1;69;69382;2;1;1;3;BELLECOUR                           (PL);45,7587000;4,8309000
202000036052;30;6;2020;23:47;5;78;78646;1;1;1;6;SAINT CYR (ROUTE DE);48,8023900;2,1125100
202000036053;29;6;2020;18:15;1;77;77169;2;1;1;3;BRIARDE (ALLEE DE LA);48,8205100;2,6130000
202000036059;1;7;2020;21:45;5;67;67482;2;7;1;3;VIEUX MARCHE AUX VINS (PETITE RUE DU);48,5838500;7,7414800
202000036060;1;7;2020;16:30;1;67;67482;2;1;1;3;RENARDS (RUE DES);48,5928124;7,7186699
202000036061;1;7;2020;14:20;1;67;67482;2;1;1;3;PAUL BATIMENT (rue);48,5427917;7,7761729
202000036066;30;6;2020;20:15;1;64;64102;2;6;1;3;ALSACE LORRAINE (BOULEVARD);43,4916000; -1,4641000
202000036069;2;7;2020;20:30;1;59;59599;2;2;1;3;MALCENSE (RUE DE LA);50,7293600;3,1643900
202000036075;1;7;2020;09:38;1;49;49007;2;1;1;3;LARREY;47,4793000; -0,5556000
202000036078;2;7;2020;09:00;1;38;38185;2;2;1;3;Rue Nicolas Chorier;45,1859400;5,7165300
202000036086;30;6;2020;13:00;1;25;25056;2;3;1;2;LABBE RUE;47,2394600;6,0121700
202000036092;2;7;2020;11:00;1;13;13208;2;1;1;3;LOUIS BONNEFON (PLACE);43,2543810;5,3821670
202000036103;2;7;2020;12:35;1;75;75105;2;2;1;3;RUE DAUBENTON;48,8411200;2,3526300
202000036104;1;7;2020;09:10;1;75;75105;2;1;1;1;RUE DES FOSSES SAINT MARCEL;48,8390430;2,3561390
202000036105;2;7;2020;19:10;1;75;75118;2;1;1;6;RUE RIQUET;48,8901370;2,3606310
202000036109;1;7;2020;17:45;1;75;75114;2;1;3;7;AVENUE DU GENERAL LECLERC;48,8316570;2,3301990
202000036110;2;7;2020;17:40;1;75;75113;2;3;1;2;AVENUE D ITALIE;48,8283160;2,3566150
202000036118;2;7;2020;17:10;1;93;93078;2;1;1;3;AV DES NATIONS;48,9728300;2,5108400
202000036125;2;7;2020;10:03;1;92;92073;2;7;2;7;CROIX-DU-ROY (CARREFOUR DE LA);48,8617417;2,2123866
202000036143;2;7;2020;15:30;1;47;47191;1;2;1;3;D143;44,4759460;0,1076640
202000036150;3;7;2020;10:15;1;42;42097;1;3;1;3;Route Departementale 1082;45,4886590;4,3295410
202000036156;3;7;2020;11:00;1;64;64037;1;1;1;7;Route de Parbayse - PR 001.225;43,3378070; -0,5188550
202000036174;1;7;2020;14:30;1;13;13027;2;6;1;1;Boulevard Joliot Curie;43,8828000;4,8625070
202000036175;2;7;2020;17:40;1;67;67127;1;1;1;2;D45;48,5732465;7,5390101
202000036179;3;7;2020;08:15;1;38;38540;2;1;1;1;Rue Castiglion Fibocchi;45,2734300;5,6151900
202000036214;15;3;2020;17:10;1;27;27375;2;2;1;3;MITTERAND (AVENUE FRANCOIS);49,2231000;1,1730000
202000036219;15;3;2020;01:12;5;75;75105;2;2;1;3;BOULEVARD SAINT MICHEL;48,8513851;2,3431960
202000036222;15;3;2020;21:00;5;75;75119;2;3;1;3;AVENUE JEAN JAURES;48,8851730;2,3793700
202000036233;15;3;2020;12:30;1;93;93048;2;2;1;-1;REPUBLIQUE (RUE DE LA);48,8527800;2,4181000
202000036240;15;3;2020;16:08;1;92;92024;2;4;1;3;MARTRE (RUE) DE (59 A 109)   (58 A 120);48,9014000;2,3077000
202000036272;13;3;2020;16:15;1;54;54196;1;2;1;3;Route de Vittel;48,5599550;6,1852600
202000036285;13;1;2020;17:30;5;92;92024;2;1;1;2;MARTRE (RUE) DE (59 A 109)   (58 A 120);48,9010459;2,3079116