Num_Acc;jour;mois;an;hrmn;lum;dep;com;agg;int;atm;col;adr;lat;long
202000036310;14;3;2020;08:10;1;34;34172;2;3;1;3;GRASSET (AVENUE DU PROFESSEUR);43,6216300;3,8686600
202000036327;13;3;2020;04:10;5;75;75119;2;1;1;6;AVENUE SIMON BOLIVAR;48,8763970;2,3788830
202000036328;14;3;2020;15:05;1;75;75114;2;4;8;2;RUE DE LA GAITE;48,8405240;2,3242770
202000036341;13;3;2020;12:14;1;92;92007;2;1;1;6;FOCH MARECHAL (AVENUE DU);48,7928409;2,2983786
202000036342;14;3;2020;11:25;1;92;92012;2;2;2;6;CHARLES DE GAULLE (AVENUE) - COTE PAIR;48,8503190;2,2378190
202000036359;15;3;2020;09:20;1;44;44083;1;2;7;3; Les Brosses;46,9967060; -1,6630840
202000036362;13;3;2020;16:40;1;15;15215;1;1;7;2;dÃ©partementale 17;44,9587550;2,4771810
202000036364;15;3;2020;10:15;1;01;01001;2;1;1;3;Lot les Muriers;46,1500520;4,9227820
202000036380;31;8;2020;19:40;1;76;76540;2;1;1;7;JUIFS. RUE AUX;49,4420300;1,0923300
202000036403;1;9;2020;14:30;1;35;35238;2;3;1;3;ARMORIQUE (BD D');48,1305200; -1,6763600
202000036404;31;8;2020;18:45;1;31;31555;2;3;1;3;RUE DES FONTAINES;43,6030800;1,4107600
202000036414;1;9;2020;21:30;3;13;13117;1;1;1;2;ROUTE NATIONALE 113 - LA GARE;43,4463580;5,2398310
202000036427;1;9;2020;10:15;1;75;75117;2;1;1;-1;BOULEVARD MALESHERBES;48,8885820;2,3043420
202000036428;31;8;2020;16:35;1;75;75117;2;7;1;2;AVENUE DES TERNES;48,8794330;2,2908380
202000036430;1;9;2020;19:00;1;75;75116;2;1;1;4;ROUTE DES TRIBUNES;48,8628870;2,2311460
202000036434;1;9;2020;14:10;1;75;75111;2;3;1;3;RUE DE LA ROQUETTE;48,8587600;2,3846550
202000036440;1;9;2020;18:25;1;94;94041;2;1;1;7;GEORGES GOSNAT (AV);48,8127800;2,3873700
202000036452;10;1;2020;09:10;1;92;92044;2;2;1;3;VIC. HUGO(RUE)069A075 ET 080A088;48,8955100;2,2968300
202000036469;2;9;2020;10:40;1;47;47138;1;3;1;3;Bayssieres;44,2930150;0,7523700
202000036483;1;9;2020;08:15;1;21;21633;1;1;7;2;rd 108;47,3262100;4,4573650
202000036503;30;8;2020;09:30;1;33;33498;1;1;1;3;D108;44,5670700; -0,7955400
202000036507;11;2;2020;10:00;1;75;75112;2;1;1;7;ECHANGEUR BERCY;48,8264410;2,3904680
202000036529;10;2;2020;08:15;1;94;94076;2;1;1;3;FRANCOIS BILLOUX (R);48,8015950;2,3551420
202000036551;24;2;2020;13:15;1;75;75117;2;1;1;6;BOULEVARD BESSIERES;48,8962470;2,3186710
202000036570;31;8;2020;12:27;1;87;87085;2;1;1;3;LANDOUGE (AVENUE DE);45,8428100;1,1937300
202000036586;31;8;2020;16:40;1;74;74010;2;2;1;3;BARATTES (AVENUE DES);45,9071700;6,1407100
202000036596;30;8;2020;19:45;2;62;62108;2;1;8;3;QUETTIER;50,4111300;1,5755700
202000036603;1;9;2020;00:30;5;45;45234;2;2;1;3;Route dâOlivet;47,8826300;1,9038000
202000036604;6;2;2020;16:00;1;56;56177;1;1;1;2;Route de Sainte Anne d'Auray;47,7644950; -3,0000240
202000036605;8;2;2020;18:30;5;59;59282;1;1;1;3;1307 Route de Dunkerque;50,8154630;2,4819520
202000036641;12;2;2020;04:30;5;987;98734;2;1;1;1;pk 34.200; -17,7233790; -149,5057300
202000036646;12;2;2020;06:40;1;973;97309;2;3;1;1;Route de Montjoly;4,9177360; -52,2772190
202000036662;8;2;2020;09:30;1;83;83115;2;6;1;3;Avenue Raoul Nordling;43,3005870;6,6254850
202000036676;12;2;2020;16:00;1;01;01342;2;1;1;5;D61;45,8940250;5,0501770
202000036702;10;2;2020;19:30;2;973;97302;1;6;1;3;CRIQUE FOUILLEE (ROND POINT);4,8965168; -52,3287714
202000036714;10;2;2020;10:45;1;85;85194;2;3;1;3;Sortie Parking;46,5141800; -1,7882100
202000036726;10;2;2020;07:20;5;66;66136;2;3;1;3;JULIEN PANCHOT (AVENUE);42,6928600;2,8859000
202000036729;10;2;2020;08:20;1;64;64445;2;1;1;3;GRAMONT;43,2964200; -0,3742800
202000036736;8;2;2020;15:55;1;56;56121;2;1;1;3;MONISTROL (RUE);47,7338800; -3,3849800
202000036740;10;2;2020;17:30;2;51;51055;2;6;3;2;Route de Betheny;49,2762944;4,0555513
202000036743;8;2;2020;16:14;1;49;49007;2;1;2;-1;PAUL BERT;47,4652463; -0,5499714
202000036744;7;2;2020;07:07;5;49;49007;2;1;1;3;SCHWEITZER;47,4818200; -0,5230200
202000036755;10;1;2020;02:30;5;75;75109;2;5;2;2;RUE DU FAUBOURG POISSONNIERE;48,8796730;2,3495310
202000036758;10;1;2020;02:40;5;75;75104;2;2;2;2;BOULEVARD DE SEBASTOPOL;48,8595129;2,3487702
202000036762;9;1;2020;12:35;1;94;94041;2;1;2;3;JEAN COMPAGNON (QU);48,8197000;2,3970000
202000036776;9;1;2020;13:55;1;92;92073;2;1;2;6;JAURES (AVENUE JEAN);48,8638653;2,2087348
202000036813;11;1;2020;11:50;1;04;04166;2;3;1;3;RD 11 / Rue Hilarion Bourret;43,8154557;6,0947581
202000036826;10;1;2020;18:20;3;29;29042;1;1;1;2;Ãtang du Fret;48,2822930; -4,5063690
202000036843;8;1;2020;11:00;1;92;92049;2;1;8;1;BRIAND (AVENUE ARISTIDE);48,8181470;2,3254500
202000036845;8;1;2020;08:30;1;974;97411;2;1;1;3;DIERX (LEON); -20,8900000;55,4611000
202000036846;9;1;2020;15:01;1;973;97302;2;1;1;3;MONTABO (ROUTE DE) 1;4,9316956; -52,2905231
202000036861;9;1;2020;08:35;1;80;80021;2;1;1;3;MARCHE LANSELLES (RUE DU );49,8957400;2,2977900
202000036884;9;1;2020;08:45;1;67;67482;2;3;1;3;BAN DE LA ROCHE (RUE DU);48,5788000;7,7285100
202000036887;29;5;2020;15:00;1;35;35047;1;6;1;2;route dÃ©partementale 34;48,0620644; -1,7553678
202000036907;9;1;2020;08:00;1;34;34172;2;4;1;3;MAURIN (AVENUE DE;43,5874600;3,8720600
202000036912;8;1;2020;07:20;5;29;29019;2;6;2;3;Avenue Victor le Gorgeu;48,4019632; -4,5025700
202000036914;9;1;2020;16:30;1;17;17299;2;1;3;3;BACHELARD AVENUE VICTOR-LOUIS;45,9522300; -0,9533100
202000036927;8;1;2020;08:13;2;10;10387;2;6;2;3;PREIZE (RUE DE);48,3082000;4,0681100
202000036938;29;5;2020;19:05;1;69;69387;2;2;1;3;JEAN JAURES                         (AV);45,7437500;4,8409400
202000036942;28;5;2020;20:04;1;69;69382;2;3;1;3;BELLECOUR                           (PL);45,7587800;4,8309000
202000036943;21;5;2020;11:00;1;69;69034;2;1;1;7;MARGNOLLES (DE)                     (R );45,7833400;4,8344100
202000036947;9;1;2020;10:10;1;06;06159;1;1;1;3;CORNE D OR (BOULEVARD DE LA);43,7103600;7,3139900
202000036952;9;1;2020;19:30;5;75;75105;2;2;2;6;QUAI DE MONTEBELLO;48,8523546;2,3482643
202000036964;29;5;2020;09:30;1;76;76216;2;1;1;7;DIEPPE. ROUTE DE (RN 27);49,4709500;1,0498700
202000036965;8;1;2020;18:55;5;75;75115;2;1;1;5;RUE DE LOURMEL;48,8485800;2,2905600
202000036967;8;1;2020;09:40;1;75;75115;2;3;1;3;RUE EMERIAU;48,8487210;2,2852180
202000036972;9;1;2020;08:00;5;75;75113;2;2;8;6;AVENUE DES GOBELINS;48,8333963;2,3542124
202000036981;9;1;2020;20:00;5;75;75101;2;3;1;6;RUE DE RIVOLI;48,8643920;2,3301088
202000037011;28;5;2020;13:25;1;53;53130;2;1;1;3;CHAPLET ( BOULEVARD FREDERIC );48,0661200; -0,7825300
202000037012;21;5;2020;20:30;1;49;49007;2;1;1;7;RECULEE PROMENADE;47,4869800; -0,5499300
202000037013;28;5;2020;14:57;1;49;49353;2;1;1;3;FOUCAUDIERE;47,4578000; -0,5148900
202000037015;28;5;2020;19:45;1;42;42183;2;2;1;3;Avenue Maurice Thorez;45,4055500;4,3666800
202000037017;29;5;2020;10:40;1;37;37261;2;1;1;-1;REMPART (RUE DU);47,3922011;0,7029779
202000037020;29;5;2020;08:20;1;35;35238;2;1;1;3;BEL AIR (DE);48,0937900; -1,6461500
202000037023;15;5;2020;18:30;1;33;33069;2;1;1;3;5  CRS LOUIS BLANC;44,8649700; -0,5992700
202000037032;28;5;2020;10:07;5;25;25056;2;9;1;6;CASAMENE  CH. DE HALAGE DE;47,2308760;6,0337150
202000037040;29;5;2020;13:20;1;13;13001;2;6;1;-1;ISAAC JULES (AV);43,5427100;5,4549600
202000037046;29;5;2020;08:55;1;75;75118;2;2;1;3;BOULEVARD NEY;48,8987158;2,3703678
202000037054;28;5;2020;14:05;1;75;75112;2;1;1;2;BOULEVARD DIDEROT;48,8466300;2,3805480
202000037055;29;5;2020;20:15;1;75;75110;2;2;1;3;RUE DU FAUBOURG SAINT MARTIN;48,8815943;2,3657459
202000037056;29;5;2020;13:40;1;75;75110;2;2;1;3;BOULEVARD DE STRASBOURG;48,8754819;2,3578143
202000037058;17;5;2020;17:20;1;75;75107;2;5;1;3;RUE DUPONT DES LOGES;48,8596570;2,3013390
202000037060;29;5;2020;13:17;1;75;75103;2;2;1;6;RUE DE TURBIGO;48,8659130;2,3581180
202000037061;29;5;2020;15:35;1;75;75104;2;1;1;6;RUE SAINT ANTOINE;48,8536300;2,3670502
202000037064;27;5;2020;12:20;1;94;94041;2;1;1;3;PAUL VAILLANT COUTURIER (BD);48,8191300;2,3966900
202000037070;29;5;2020;08:40;1;93;93053;2;2;1;3;ROGER SALENGRO (BLD);48,8795500;2,4486900
202000037073;29;5;2020;17:15;1;93;93045;2;2;7;-1;R DE PARIS / AV GEORGES CLEMENCEAU;48,8814600;2,4214900
202000037077;29;5;2020;13:45;1;92;92048;2;2;7;1;GARDES (ROUTE DES) NÂ° 5 A 51;48,8188276;2,2346566
202000037108;30;5;2020;18:20;1;31;31224;1;5;1;3;Rue Lesponne;43,0609870;0,5922320
202000037123;30;5;2020;15:15;1;88;88302;1;1;1;2;4 La Roche des Chenes;47,9176870;6,7928820
202000037126;27;5;2020;09:55;1;78;78356;2;2;1;3;Route de Versailles;48,7232170;2,0896610
202000037138;29;7;2020;09:05;1;18;18279;2;1;7;2;PASTEUR ( RUE );47,2202500;2,0825800
202000037153;30;7;2020;10:45;1;13;13005;2;3;1;3;CD 2 (CAMP MAJOR);43,2923800;5,5558200
202000037162;29;7;2020;20:23;5;08;08105;2;3;1;3;WARCQ;49,7600000;4,7000000
202000037172;29;7;2020;09:55;1;75;75116;2;4;1;3;VOIE GEORGES POMPIDOU;48,8490990;2,2765500
202000037175;30;7;2020;18:30;1;75;75106;2;3;1;3;BOULEVARD DU MONTPARNASSE;48,8436240;2,3246420
202000037182;30;7;2020;17:00;1;75;75111;2;4;1;3;RUE DU FAUBOURG SAINT ANTOINE;48,8488210;2,3929940
202000037188;30;7;2020;21:30;2;94;94043;2;1;1;1;GABRIEL PERI (R);48,8064700;2,3459400
202000037196;30;7;2020;20:15;1;93;93005;2;1;1;3;LEON JOUHAUX (RUE);48,9534538;2,4829660
202000037197;8;12;2020;15:25;1;94;94042;2;9;1;6;PRESIDENT JOHN KENNEDY (AV DU);48,8166790;2,4660720
202000037204;9;12;2020;09:20;1;94;94021;2;1;1;2;D'AVIGNON (RUE) MIN;48,7624900;2,3509700
202000037205;30;7;2020;19:45;1;92;92050;2;2;1;1;POINCARE RAYMOND RUE;48,8880479;2,1903965
202000037216;30;7;2020;18:47;1;68;68112;2;1;1;3;Route d'Issenheim;47,9019730;7,2323080
202000037239;31;7;2020;10:00;1;80;80758;1;2;1;3;D14;49,7262550;2,4169920
202000037249;30;7;2020;18:05;1;11;11272;2;4;1;3;Rue la Captorta;43,1733382;2,3886440
202000037284;31;7;2020;09:10;1;07;07185;1;1;1;3;D115 pk 9;45,1378560;4,6452000
202000037316;31;7;2020;16:20;1;976;97608;2;1;1;1;Boulevard des Amoureux; -12,7891080;45,2798470
202000037321;26;7;2020;07:00;1;28;28371;1;1;7;2;D 116;48,8451890;1,3947920
202000037324;25;9;2020;11:00;1;41;41214;2;3;8;3;D19;47,9257540;1,2071870
202000037367;26;9;2020;17:50;1;36;36192;2;6;1;3;26 Avenue Charles de Gaulle;46,6333995;1,4276193
202000037368;27;9;2020;15:30;1;40;40312;2;1;1;3;Boulevard de la Yayi;43,5467740; -1,4608200
202000037373;26;9;2020;14:15;1;17;17187;2;3;8;3;D148;45,4405010; -0,5135200
202000037377;8;12;2020;16:20;1;79;79191;2;3;1;3;64 Rue de Cholette;46,3417300; -0,4573500
202000037411;26;10;2020;08:10;1;80;80021;2;1;1;3;ALPHONSE FIQUET (PLACE);49,8907500;2,3065500
202000037420;3;12;2020;14:58;1;73;73065;2;1;1;7;BOISSE (AVENUE DE LA);45,5749200;5,9164400
202000037450;4;12;2020;20:00;5;68;68224;2;3;2;1;BAN (RUE DU);47,7768392;7,3194217
202000037459;8;12;2020;14:30;1;68;68224;2;1;1;3;ILLBERG (RUE DE L');47,7403000;7,3204100
202000037485;24;10;2020;15:00;1;67;67118;2;1;1;3;ROMAINS (ROUTE DES);48,5823405;7,6922276
202000037487;26;10;2020;14:30;1;67;67462;2;4;1;3;DIEWEG (AU);48,2672090;7,4428600
202000037489;26;10;2020;18:52;1;63;63113;2;1;1;3;CARNOT (AVENUE);45,7762300;3,0971100
202000037491;23;10;2020;14:36;1;63;63113;2;2;1;3;DE GAULLE (BD CHARLES);45,7715546;3,0832401
202000037496;4;12;2020;16:40;1;61;61001;2;2;1;3;REPUBLIQUE (BOULEVARD DE LA);48,4272740;0,0930890
202000037501;23;10;2020;20:20;5;59;59527;2;3;1;3;CARNOT SADI RUE;50,6652000;3,0596800
202000037511;29;7;2020;21:20;1;69;69386;2;2;1;3;GARIBALDI                           (R );45,7693000;4,8504000
202000037527;26;9;2020;15:50;1;91;91570;2;1;1;3;GAMBETTA (RUE + PTT);48,6337800;2,3096300
202000037530;29;7;2020;18:00;1;69;69382;2;1;1;2;DENUZIERE                           (R );45,7463000;4,8209000
202000037531;27;10;2020;13:00;1;33;33119;2;3;2;2;BD ENTRE DEUX MERS;44,8465800; -0,5366900
202000037533;7;12;2020;08:40;2;44;44184;2;3;2;1;LEFERME (BOULEVARD PAUL);47,2840300; -2,2014600
202000037534;1;7;2020;15:10;1;974;97411;2;2;1;3;ROSTAND (RUE EDMOND); -20,8863800;55,4698100
202000037542;27;10;2020;23:34;5;29;29232;2;1;1;7;29 Rue du Frugy;47,9880347; -4,1066001
202000037551;27;10;2020;17:00;1;26;26198;2;6;1;3;Rue Charles Peguy;44,5416400;4,7498500
202000037586;8;12;2020;08:25;1;35;35051;2;1;2;1;PARES (RUE DES VAUX);48,1126619; -1,6269985
202000037589;28;7;2020;21:25;1;78;78361;2;7;1;7;BOULEVARD SULLY 1;48,9968300;1,6764500
202000037606;26;10;2020;12:17;1;05;05061;2;3;8;3;PROVENCE (ALLEE DE);44,5462400;6,0638700
202000037608;8;12;2020;16:35;1;33;33318;2;6;1;3;AVE DES PROVINCES;44,7947000; -0,6822500
202000037625;8;12;2020;08:00;1;33;33281;2;2;1;3;AVE MONTESQUIEU;44,8463900; -0,6350900
202000037626;27;9;2020;02:45;5;33;33063;2;1;1;2;RUE DE LA BENAUGE;44,8403000; -0,5557900
202000037627;27;10;2020;08:45;1;75;75118;2;3;1;3;RUE ORDENER;48,8938230;2,3350750
202000037628;23;9;2020;08:26;1;29;29019;2;6;1;3;Avenue Victor le Gorgeu;48,4007433; -4,4997479
202000037632;30;6;2020;19:10;1;83;83129;2;1;1;2;ROUVEAU (RUE DU);43,1162760;5,8100800
202000037647;30;6;2020;14:23;1;76;76552;2;1;1;7;OCTEVILLE;49,5158000;0,0856000
202000037669;26;9;2020;19:02;1;10;10333;2;1;1;3;PRESIDENT WILSON (RUE);48,2893600;4,0644300
202000037671;30;6;2020;16:50;1;64;64129;2;6;1;3;PLAINE;43,2997800; -0,3989100
202000037672;17;11;2020;18:10;5;02;02691;2;3;1;3;NOIRMONT (CHEMIN);49,8473500;3,2685900
202000037677;29;7;2020;18:30;1;62;62193;2;3;1;3;DE GAULLE (BOULEVARD GENERAL);50,9627100;1,8421000
202000037695;26;9;2020;08:00;1;01;01451;2;6;8;2;MAJORNAS ( RUE DE );46,2274000;5,2193000
202000037710;27;10;2020;12:00;1;75;75110;2;1;2;3;RUE DU FAUBOURG DU TEMPLE;48,8690970;2,3683420
202000037712;8;12;2020;17:40;5;75;75111;2;1;1;6;AVENUE DE LA REPUBLIQUE;48,8650340;2,3757770
202000037718;1;7;2020;07:20;1;45;45208;2;1;1;3;Rue de la Sirene;48,0003717;2,7280067
202000037727;27;10;2020;12:20;1;75;75109;2;1;2;6;RUE D ATHENES;48,8780420;2,3289120
202000037729;8;12;2020;16:30;1;75;75104;2;3;1;1;RUE SAINT ANTOINE;48,8547870;2,3624410
202000037730;26;9;2020;20:55;5;75;75116;2;2;2;3;RUE DE BOULAINVILLIERS;48,8514710;2,2782470
202000037731;26;10;2020;15:13;1;75;75108;2;7;1;3;PLACE DE LA CONCORDE;48,8658430;2,3198850
202000037736;30;6;2020;16:35;1;33;33529;2;3;1;3;FOIX (RUE GASTON) DU 38 ET +;44,6293200; -1,1415100
202000037741;26;9;2020;11:15;1;75;75110;2;1;1;7;BOULEVARD DE MAGENTA;48,8693880;2,3622400
202000037757;29;6;2020;18:35;1;30;30189;2;6;1;3;LECLERC GENERAL (AVENUE);43,8275900;4,3745800
202000037795;27;10;2020;21:00;5;92;92020;2;2;2;3;VERDUN AVENUE DE NÂ°1 A 45;48,8024272;2,2863370
202000037812;30;6;2020;08:45;1;13;13206;2;2;1;3;PRADO (AVENUE DU);43,2841000;5,3848000
202000037820;26;9;2020;20:15;3;01;01419;1;1;2;2;D89;46,2376100;6,0051440
202000037847;1;7;2020;10:00;1;75;75119;2;1;1;-1;AVENUE JEAN JAURES;48,8838700;2,3743830
202000037854;1;7;2020;09:35;1;75;75117;2;3;1;2;BOULEVARD DES BATIGNOLLES;48,8835300;2,3268610
202000037855;5;8;2020;17:50;1;61;61168;2;2;1;3;Boulevard de la ForÃªt dâAndaine;48,5890740; -0,3657510
202000037861;30;6;2020;00:20;5;75;75114;2;1;1;-1;AVENUE RENE COTY;48,8325240;2,3329330
202000037874;27;9;2020;09:38;1;29;29126;1;1;1;6;Lieu-dit Moulin du Vern;48,5569243; -4,4014374
202000037882;26;10;2020;08:40;1;45;45315;1;2;1;3;D120 PR 1 + 200;47,7624140;2,3337260
202000037883;30;6;2020;19:37;1;75;75103;2;3;1;2;BOULEVARD DE SEBASTOPOL;48,8619850;2,3501890
202000037889;27;9;2020;09:15;1;50;50403;1;1;1;6;Village Gavron;49,1578040; -1,5677080
202000037912;1;7;2020;08:05;1;92;92012;2;2;1;6;ANDRE MORIZET (AVENUE) 1/47 - 2/52;48,8349139;2,2414108
202000037939;30;6;2020;18:20;1;74;74263;2;1;1;3;Route de PÃ©rrignier;46,3332780;6,3877860
202000037942;1;7;2020;12:00;1;57;57193;2;1;1;1;29 Rue des Jardins;49,2236620;6,2142220
202000037959;2;7;2020;07:45;1;42;42134;1;1;1;2;D8;45,6823370;4,0368370
202000037971;1;7;2020;18:25;1;68;68207;2;1;1;-1;4 Rue de Lubbon;47,5928120;7,4652420
202000038003;25;9;2020;19:40;5;69;69387;2;1;1;6;DEBOURG                             (AV);45,7315000;4,8297600
202000038029;1;7;2020;11:45;1;67;67154;2;1;1;7;19 Rue des PrimevÃ¨res;48,3756940;7,7060670
202000038036;1;7;2020;13:45;1;74;74080;2;1;1;3;Route de l'Etale;45,8950150;6,4267500
202000038043;2;7;2020;19:30;1;81;81105;2;3;1;3;28 bis Rue Cardinal Roques;43,7615974;2,0136646
202000038045;24;10;2020;19:10;5;74;74012;2;1;1;3;LECLERC (AVENUE DU MARECHAL);46,1911600;6,2506600
202000038070;16;10;2020;08:20;1;49;49007;2;1;1;-1;CUL D'ANON CHEMIN;47,4757606; -0,5153744
202000038072;16;10;2020;08:30;1;49;49007;2;1;1;2;TOUCHERONDE;47,4542700; -0,5323600
202000038076;30;6;2020;11:35;1;69;69386;2;2;1;3;BOILEAU                             (R );45,7676900;4,8492100
202000038086;30;6;2020;16:09;1;87;87085;2;1;1;6;AMPHITHEATRE (RUE DE);45,8310800;1,2518100
202000038096;29;6;2020;15:15;1;67;67482;2;3;3;-1;SENGENWALD (RUE);48,5773500;7,7521400
202000038098;30;6;2020;19:57;1;64;64483;2;1;1;3;ERROMARDIE (CHEMIN D');43,3974200; -1,6443000
202000038125;15;3;2020;16:20;1;64;64067;1;1;1;6;54, Quartier Lous Mats;43,2634210; -0,2938040
202000038126;15;3;2020;09:10;1;49;49258;1;2;1;3;D146 (La RenaudiÃ¨re);47,1374830; -1,0456110
202000038128;15;3;2020;15:15;1;59;59482;2;1;1;7;122 Rue du Marechal Foch;50,7089464;3,0095853
202000038173;13;3;2020;07:55;1;76;76217;2;2;2;3;CORMORANS (DES);49,9302200;1,0973500
202000038174;13;3;2020;17:45;1;74;74012;2;6;1;3;LEMAN (AVENUE DU);46,1828030;6,2461970
202000038181;14;3;2020;00:37;5;64;64122;2;1;1;-1;PETITES SOEURS DES PAUVRES (RUE DES;43,4810000; -1,5488800
202000038182;13;3;2020;17:20;1;64;64024;2;1;1;7;ALBERT LE BARRILLIER (RUE);43,4847300; -1,5135700
202000038201;12;3;2020;17:50;1;35;35288;2;1;1;3;SILLON (DU) CHAUSSEE;48,6542300; -2,0089700
202000038225;12;3;2020;13:32;1;10;10297;2;2;1;3;DANTON (RUE);48,3218000;4,0993000
202000038229;12;3;2020;00:21;5;75;75117;2;4;1;1;AVENUE DE SAINT OUEN;48,8906880;2,3266520
202000038233;12;3;2020;20:15;5;75;75118;2;2;1;3;BOULEVARD BARBES;48,8895060;2,3496490
202000038239;13;3;2020;08:59;1;75;75107;2;2;1;3;AVENUE DU MARECHAL GALLIENI;48,8599440;2,3131020
202000038240;13;3;2020;15:50;1;75;75104;2;3;1;3;RUE SAINT ANTOINE;48,8539490;2,3647560
202000038303;31;8;2020;15:20;1;33;33529;2;6;1;3;BISCAROSSE (AVE DE) JUSQU'A DUNE;44,5979500; -1,1964300
202000038327;31;8;2020;16:45;1;75;75115;2;2;1;3;RUE LECOURBE;48,8404760;2,2957250
202000038328;31;8;2020;10:35;1;75;75115;2;2;1;3;RUE DU COTENTIN;48,8386730;2,3145740
202000038329;31;8;2020;08:30;1;75;75115;2;3;1;4;RUE SAINT CHARLES;48,8473870;2,2861800
202000038347;31;8;2020;18:10;1;93;93013;2;2;1;3;AV DU GENERAL LECLERC / R DE L'ABBE NOIR;48,9405700;2,4314000
202000038355;25;8;2020;11:17;1;06;06130;1;1;1;2;D5;43,7090900;6,8643520
202000038360;31;8;2020;18:50;1;74;74164;1;1;1;7;Route du MÃ´le;46,1044150;6,4832210
202000038361;1;8;2020;15:35;1;74;74275;1;3;1;3;1100 Route de Saint-germain;45,8515400;6,2161110
202000038373;1;9;2020;10:50;1;06;06007;2;1;1;3;Route de Cannes;43,6077740;6,9155130
202000038376;31;8;2020;15:00;1;18;18015;2;1;1;-1;57 Avenue du Parc des Sports;47,4863810;2,4437920
202000038379;30;8;2020;06:30;3;17;17353;1;1;1;1;route impÃ©riale;45,9864370; -1,0112570
202000038399;31;8;2020;08:55;1;44;44172;2;6;1;3;Rond Point des Bornes;47,2750470; -1,4685820
202000038420;30;8;2020;10:30;1;64;64024;2;1;2;3;LAPORTE (AVENUE JEAN LEON);43,4878629; -1,5005148
202000038454;29;8;2020;16:50;1;92;92025;2;2;2;1;KLEBER (AV);48,9343200;2,2558790
202000038458;5;8;2020;10:30;1;24;24442;2;6;1;1;Rue Bertran de Born;45,1222100;0,4957530
202000038468;30;8;2020;11:55;1;63;63040;2;1;1;3;D 997B - route de Clermont;45,7353958;3,3358100
202000038475;29;8;2020;14:40;1;29;29168;1;3;1;3;74 Rue des Langoustiers;48,0373539; -4,7141109
202000038488;31;8;2020;16:30;1;04;04124;1;1;1;7;Rte de Saint Laurent;43,7358600;6,0790630
202000038493;1;2;2020;21:55;5;33;33063;2;2;2;3;BD ANTOINE GAUTIER / RUE GENERAL DE LARMINAT / BD GEORGES POMPIDOU;44,8333400; -0,5985500
202000038510;8;2;2020;15:35;1;05;05061;2;4;1;3;SOLEIL ( RUE DU );44,5407100;6,0571500
202000038517;10;2;2020;14:15;1;75;75116;2;7;2;7;PLACE CLEMENT ADER;48,8513440;2,2784890
202000038529;10;2;2020;12:40;1;93;93048;2;1;1;2;ARISTE HEMARD (RUE);48,8595534;2,4376076
202000038547;10;2;2020;08:22;1;988;98818;2;3;2;3;ENTREE LE SURF/PROMENADE ROGER LAROQUE; -22,3031800;166,4364700
202000038556;9;2;2020;14:55;1;69;69034;2;1;1;1;ARISTIDE BRIAND                     (CO);45,7830000;4,8441000
202000038570;9;2;2020;12:30;1;33;33063;2;8;1;3;Quai de Bacalan;44,8567400; -0,5616000
202000038577;7;2;2020;17:00;2;25;25056;2;2;1;3;ROUTE DE GRAY;47,2445600;5,9930300
202000038614;7;1;2020;16:20;1;92;92064;1;1;2;6;A13;48,8494300;2,2181000
202000038624;8;2;2020;08:40;1;974;97416;1;2;1;3;GRANDS FONDS (CHEMIN); -21,3066000;55,4207500
202000038636;8;2;2020;16:00;1;69;69382;2;3;1;1;BAYARD                              (CO);45,7451300;4,8181800
202000038639;8;2;2020;14:10;1;69;69389;2;1;1;2;ST CYR (DE)                         (R );45,7833700;4,8077100
202000038641;9;1;2020;22:30;3;38;38133;1;1;2;-1;Route de Chartreuse;45,3653200;5,6214500
202000038652;7;1;2020;15:45;1;32;32163;1;1;7;2;D373;43,5853606;0,0288275
202000038657;10;1;2020;07:50;5;44;44003;2;6;1;3;434 Rue Francois Rene Chateaubriand;47,3771490; -1,1809740
202000038662;27;1;2020;10:30;1;68;68166;2;6;1;3;RICHWILLER (RUE DE);47,7892000;7,3151700
202000038664;7;2;2020;12:15;1;67;67180;1;6;1;3;SCHIRRHEIN (ROUTE DE);48,8005150;7,8397021
202000038666;8;2;2020;18:45;2;64;64445;2;1;1;3;BUROS DE;43,3116400; -0,3512300
202000038678;8;2;2020;05:30;5;39;39198;2;1;1;1;15 Rue du Mont Roland;47,0919670;5,4906330
202000038685;10;1;2020;07:35;1;66;66217;2;1;1;-1;rue de lorraine;42,6131300;2,8103700
202000038694;8;2;2020;12:23;1;09;09225;2;1;1;3;DELCASSE BOULEVARD;43,1144793;1,6139090
202000038702;8;2;2020;07:30;2;75;75105;2;2;1;3;QUAI SAINT MICHEL;48,8530900;2,3468430
202000038722;8;2;2020;17:50;2;75;75108;2;1;2;3;AVENUE HOCHE;48,8770410;2,3027620
202000038724;8;2;2020;06:50;5;75;75108;2;7;8;-1;PLACE DE LA CONCORDE;48,8648840;2,3211890
202000038729;7;2;2020;21:30;5;94;94042;2;1;1;1;GENERAL GALLIENI (AV DU);48,8198900;2,4791600
202000038732;8;1;2020;11:55;1;974;97407;1;3;1;-1;D12; -20,9396950;55,3031430
202000038736;8;1;2020;18:30;5;69;69389;2;1;1;3;FRERE BENOIT (DU)                   (R );45,7643900;4,7954200
202000038762;8;1;2020;09:35;1;64;64024;2;6;1;2;DOUANE (ROND POINT DE LA);43,5012000; -1,5274000