Num_Acc;jour;mois;an;hrmn;lum;dep;com;agg;int;atm;col;adr;lat;long
202000043377;23;5;2020;13:05;1;67;67482;2;3;1;3;PALERME (RUE DE);48,5757300;7,7637000
202000043385;24;5;2020;17:35;1;63;63019;1;1;1;7;CD 54;45,8012700;3,1753600
202000043392;24;5;2020;10:50;1;56;56121;2;1;1;6;MONISTROL (RUE);47,7387700; -3,3812300
202000043395;25;5;2020;13:45;1;51;51058;2;3;7;3;Impasse des Alouettes;49,2266534;3,9939513
202000043403;24;5;2020;21:00;5;31;31555;2;1;1;3;BD DES RECOLLETS;43,5839100;1,4443100
202000043405;25;5;2020;08:10;1;29;29232;2;6;7;3;Rond point  de Ti Douar;47,9805300; -4,0728900
202000043407;25;5;2020;17:05;1;17;17300;2;3;1;3;SCHOELCHER   AVENUE VICTOR;46,1537873; -1,1275469
202000043414;25;5;2020;18:30;1;08;08409;2;1;1;-1;MARNE (AVENUE DE LA);49,6966300;4,9165400
202000043420;25;5;2020;09:00;1;75;75108;2;2;1;3;RUE LA BOETIE;48,8742070;2,3175330
202000043423;25;5;2020;09:48;1;75;75109;2;2;1;3;RUE DE MAUBEUGE;48,8765550;2,3412990
202000043424;25;5;2020;09:00;1;75;75108;2;5;1;2;AVENUE WINSTON CHURCHILL;48,8677260;2,3139960
202000043425;25;5;2020;21:55;5;75;75107;2;2;1;3;QUAI BRANLY;48,8624300;2,3015980
202000043428;24;5;2020;19:45;1;94;94041;2;1;1;6;JEAN JACQUES ROUSSEAU (R);48,8173500;2,3946500
202000043441;20;5;2020;18:30;1;92;92004;2;1;1;6;GAMBETTA (RUE);48,9097300;2,2928400
202000043449;25;5;2020;11:55;1;44;44069;1;1;1;7;Route de la VallÃ©e;47,3625270; -2,4575360
202000043453;26;5;2020;09:20;1;29;29173;1;6;1;3;Route de Douarnenez;48,0117810; -4,1976030
202000043466;26;5;2020;19:55;2;50;50272;1;2;1;3;8 Rue Jouvin;48,9414170; -1,5376140
202000043468;23;10;2020;12:40;1;75;75118;2;1;1;7;BOULEVARD NEY;48,8983690;2,3634470
202000043473;22;10;2020;17:30;1;75;75115;2;1;1;1;QUAI DE GRENELLE;48,8524010;2,2862530
202000043475;20;10;2020;12:25;1;75;75115;2;1;2;3;RUE DU COMMERCE;48,8457170;2,2947810
202000043476;22;5;2020;09:45;1;67;67309;2;9;1;3;11 a Rue de Strasbourg;48,6379710;7,7116030
202000043480;23;10;2020;13:50;1;75;75111;2;5;1;3;AVENUE LEDRU ROLLIN;48,8513030;2,3761490
202000043488;25;5;2020;11:37;1;77;77248;2;3;1;3;D89 - D45A;48,9093118;2,7809468
202000043491;23;10;2020;08:50;1;93;93066;2;9;8;3;LIBERATION RD14 (BOULEVARD);48,9319799;2,3420205
202000043506;26;5;2020;19:15;1;69;69163;2;6;1;3;1 Rue de la RÃ©publique;45,9168720;4,7749270
202000043508;26;5;2020;13:00;1;64;64421;2;3;1;1;7 Rue du Pont de Salles;43,1486930; -0,5060750
202000043510;23;10;2020;08:00;1;92;92026;2;9;1;3;BOULEVARD CIRCULAIRE;48,8895581;2,2500502
202000043513;25;5;2020;11:00;1;60;60674;1;1;1;1;carrefour du marais - RD 14;49,3923810;2,9181790
202000043542;23;10;2020;12:35;1;56;56185;1;1;1;7;Rue Professeur RenÃ© Lote;47,7772450; -3,4064910
202000043543;24;5;2020;13:05;1;95;95637;2;6;1;3;OISE (BOULEVARD DE L');49,0357210;2,0174770
202000043549;23;10;2020;10:15;1;29;29056;1;1;1;6;D233;48,4412730; -4,2845390
202000043550;24;10;2020;16:45;1;05;05130;1;1;1;1;2133 Rue du Rocher;44,5562430;6,3633370
202000043572;24;10;2020;16:20;1;38;38205;1;1;1;1;Route ForestiÃ¨re de Servagnet;45,1237900;5,5569500
202000043573;23;10;2020;17:55;2;69;69227;2;1;8;7;Route de Rontalon;45,6578180;4,5564510
202000043577;23;10;2020;10:00;1;59;59440;2;3;1;3;Residence au Dela de l'Eau;50,2853840;3,3928760
202000043596;22;10;2020;20:00;5;95;95252;2;3;1;1;MAURICE DALESME (RUE);48,9924100;2,2374000
202000043607;21;10;2020;16:35;1;64;64445;2;1;1;3;LYAUTEY;43,3044000; -0,3674000
202000043612;22;10;2020;17:15;1;50;50218;1;1;1;1;CRETE  (RUE DE LA);48,8246000; -1,5765900
202000043620;22;10;2020;19:42;5;34;34172;2;2;2;3;BECQUEREL (RUE HENRI);43,6104897;3,9148074
202000043641;22;10;2020;08:15;1;75;75113;2;1;8;3;AVENUE PIERRE MENDES FRANCE;48,8410540;2,3682680
202000043647;22;10;2020;07:20;1;75;75110;2;2;1;6;BOULEVARD DE MAGENTA;48,8785840;2,3540430
202000043664;22;10;2020;16:35;1;92;92049;2;1;1;3;BROSSOLETTE AVENUE PIERRE;48,8191900;2,3098700
202000043666;21;10;2020;07:50;2;92;92026;2;1;8;-1;CHÃTEAU DU LOIR (DE 01 A 10);48,8979711;2,2482247
202000043681;21;10;2020;07:45;3;56;56078;1;4;2;3;D306;47,8061440; -3,4595350
202000043688;3;12;2020;07:00;1;971;97101;2;9;1;3;Bd RenÃ© Serge NABAJOTH;16,2783200; -61,5034600
202000043689;4;12;2020;18:00;5;95;95218;2;6;2;3;FRâ¬NES (RUE DES);49,0282700;2,1044000
202000043710;3;12;2020;12:54;1;63;63113;2;1;1;2;BELLEVUE (RUE DE);45,7675713;3,0732892
202000043724;1;12;2020;10:24;1;44;44109;2;3;8;3;RUE FRANCOIS FARINEAU;47,2271900; -1,5456400
202000043731;4;12;2020;13:45;1;35;35238;2;1;1;3;VOLCLAIR (BD LOUIS);48,0883415; -1,6665128
202000043733;4;12;2020;18:20;5;33;33069;2;6;2;3;AVE MAL DE LATTRE DE TASSIGNY;44,8635500; -0,6064000
202000043759;4;12;2020;16:15;2;75;75105;2;3;2;6;QUAI SAINT BERNARD;48,8468460;2,3609800
202000043760;4;12;2020;12:25;1;75;75106;2;1;1;2;BOULEVARD DU MONTPARNASSE;48,8460040;2,3183410
202000043769;4;12;2020;16:15;2;75;75115;2;3;2;7;AVENUE DE SAXE;48,8458770;2,3135230
202000043770;4;12;2020;10:15;1;75;75112;2;1;1;2;BOULEVARD DE LA BASTILLE;48,8484180;2,3678450
202000043772;4;12;2020;11:00;1;75;75111;2;3;1;3;BOULEVARD VOLTAIRE;48,8606650;2,3753210
202000043778;3;12;2020;05:50;5;94;94081;2;3;2;1;MOULIN DE SAQUET - CAR DE LA LIBERATION;48,7910000;2,3830000
202000043800;4;12;2020;19:10;5;92;92044;2;2;2;3;ARISTIDE BRIAND(RUE)1A49 ET 2A52;48,8904158;2,2836460
202000043801;4;12;2020;15:30;1;92;92026;2;1;1;3;ALMA;48,8968000;2,2546500
202000043811;4;12;2020;15:32;2;76;76550;1;1;1;2;route de la foret;49,3840280;0,9698010
202000043817;3;12;2020;15:40;1;34;34084;1;1;1;7;Chemin de la Medaille;43,3978140;3,2066020
202000043826;4;12;2020;18:45;5;973;97309;1;6;1;1;Avenue Gaston Monnerville;4,8876280; -52,2848310
202000043831;5;12;2020;13:30;1;38;38487;1;1;1;1;Chemin des Combes;45,5686230;4,8373530
202000043839;4;12;2020;17:35;5;59;59449;2;1;1;3;D938;50,4800870;3,2474630
202000043864;3;12;2020;08:45;1;974;97416;1;1;1;3;DIAGONAL (CHEMIN) (2); -21,2982000;55,4737000
202000043871;3;12;2020;06:45;1;973;97302;2;1;1;3;MADELEINE (ROUTE DE LA);4,9166773; -52,3214865
202000043874;3;12;2020;09:50;1;69;69389;2;1;1;3;PIERRE SCIZE                        (QU);45,7668000;4,8207000
202000043889;22;9;2020;18:40;1;69;69387;2;1;1;3;YVES FARGES                         (BD);45,7431200;4,8340300
202000043890;22;9;2020;18:15;1;69;69383;2;1;1;2;GAMBETTA                            (CO);45,7550300;4,8438000
202000043908;21;9;2020;18:40;1;76;76540;2;2;1;5;SCHUMAN. RUE ROBERT;49,4378900;1,1020900
202000043912;21;9;2020;08:30;1;72;72095;2;7;1;3;GIRONDE (RUE DE LA);48,0254300;0,2049600
202000043913;21;9;2020;07:30;1;72;72181;2;6;1;3;EICHTHAL (RUE D');47,9982400;0,1886900
202000043928;22;9;2020;21:05;5;51;51454;2;2;1;3;Rue de Cernay;49,2579019;4,0560673
202000043933;21;9;2020;14:40;1;49;49007;2;1;1;2;Rue Saumuroise;47,4552700; -0,5293500
202000043935;13;9;2020;10:25;1;44;44184;2;2;1;3;PORNICHET (RUE DE) DU 01 AU 101 - DU 02;47,2700200; -2,2172900
202000043940;22;9;2020;07:35;2;35;35238;2;1;5;7;VILLEBOIS MAREUIL (BD);48,1018300; -1,6495200
202000043961;21;9;2020;16:50;1;06;06027;2;1;1;7;CHENES AVENUE DES;43,6613400;7,1583900
202000043967;22;9;2020;17:45;1;75;75105;2;2;1;1;QUAI DE LA TOURNELLE;48,8511510;2,3513080
202000043974;22;9;2020;09:10;1;75;75117;2;3;1;3;AVENUE MAC MAHON;48,8779380;2,2943390
202000043977;21;9;2020;19:10;2;75;75115;2;2;1;5;RUE DE LA CONVENTION;48,8453460;2,2785690
202000043978;22;9;2020;17:40;1;75;75114;2;4;1;3;RUE ACHILLE LUCHAIRE;48,8240890;2,3212840
202000043979;22;9;2020;09:05;1;75;75114;2;1;1;1;AVENUE DE LA PORTE DE MONTROUGE;48,8214530;2,3216520
202000043981;22;9;2020;17:10;1;75;75113;2;3;1;7;RUE DE TOLBIAC;48,8271310;2,3671260
202000043982;22;9;2020;09:40;1;75;75113;2;3;1;3;AVENUE DE CHOISY;48,8284810;2,3581020
202000043983;22;9;2020;18:40;1;75;75112;2;1;1;6;ROUTE DE LA TOURELLE;48,8245270;2,4322790
202000043989;22;9;2020;15:30;1;75;75108;2;2;1;7;RUE ROYALE;48,8683870;2,3232500
202000043991;22;9;2020;09:42;1;75;75107;2;2;1;2;RUE DU BAC;48,8595630;2,3292760
202000043993;22;9;2020;08:30;1;75;75103;2;2;1;3;RUE DE BRETAGNE;48,8622890;2,3637340
202000043996;22;9;2020;08:30;1;94;94046;2;1;1;7;GENERAL DE GAULLE (AV DU);48,8094660;2,4239870
202000044001;22;9;2020;12:25;1;94;94018;2;1;1;5;GRAVELLE (AV DE);48,8249990;2,4105840
202000044003;22;9;2020;16:07;1;93;93070;2;1;1;2;MICHELET(AV):NÂ°1AU 103;48,9033618;2,3441244
202000044016;22;9;2020;13:25;1;92;92040;2;1;1;7;PDT ROOSEVELT (QUAI DU);48,8316063;2,2623553
202000044017;22;9;2020;09:55;1;92;92040;2;2;1;1;JULES GUESDES;48,8195463;2,2789176
202000044021;23;9;2020;07:45;2;33;33478;2;4;5;1;62 Rue EugÃ¨ne Leroy;45,0081800;0,0108110
202000044056;22;9;2020;19:00;2;78;78162;1;1;1;3;D906;48,6856910;2,0085240
202000044063;22;9;2020;14:50;1;68;68106;1;1;1;7;D431;47,8899820;7,1133900
202000044069;23;9;2020;15:40;1;31;31458;2;1;1;3;20 Chemin des Cujalas;43,5040290;1,3471450
202000044077;10;3;2020;12:30;1;13;13206;2;1;1;6;TROIS ROIS (RUE DES);43,2940905;5,3847331
202000044094;10;3;2020;19:05;2;75;75112;2;2;1;2;RUE DE BERCY;48,8421130;2,3764220
202000044095;10;3;2020;18:55;5;75;75109;2;2;1;6;RUE LA FAYETTE;48,8772060;2,3489930
202000044096;10;3;2020;08:30;5;75;75108;2;7;2;3;Place de l'Alma;48,8643910;2,3018040
202000044098;10;3;2020;20:10;5;75;75103;2;2;1;6;RUE SAINT MARTIN;48,8616480;2,3516550
202000044106;10;3;2020;09:15;1;93;93071;1;1;1;3;VICTOR HUGO (AVENUE);48,9329362;2,5334919
202000044120;10;3;2020;08:25;1;92;92020;2;1;8;3;PARIS AVENUE DE NÂ° IMPAIRS;48,8081460;2,2956170
202000044137;11;3;2020;16:30;1;38;38049;1;2;1;3;Chemin de Chassagne;45,4058500;5,1877200
202000044143;10;3;2020;14:45;1;04;04230;1;1;1;2;RD 6;43,8318140;5,9514840
202000044153;25;2;2020;11:30;1;83;83001;2;6;1;3;Rond-point du Violon;43,5294040;6,8210400
202000044179;9;3;2020;19:14;3;973;97302;1;9;1;3;ROUTE NATIONALE 1;4,9305198; -52,3296189
202000044194;6;3;2020;20:48;5;87;87085;2;2;1;3;PONT NEUF;45,8260500;1,2679200
202000044213;9;3;2020;14:35;1;83;83034;2;1;1;3;ROUTE DE LA BENOITE;43,0903500;6,0769800
202000044214;24;6;2020;07:30;1;86;86066;2;6;1;3;Place de la Croix Rouge;46,8210600;0,5475900
202000044216;11;1;2020;09:10;1;30;30011;2;6;1;3;2EME DB (AVENUE DE LA);43,9584500;4,7675100
202000044239;25;6;2020;13:40;1;77;77111;2;1;1;-1;GRAND FOSSE ( BOULEVARD ) - D344;48,8550900;2,7712100
202000044244;20;2;2020;19:40;2;59;59009;2;6;1;3;VERSAILLE RUE DE;50,6155500;3,1290800
202000044247;26;6;2020;15:05;1;71;71486;2;1;1;7;LOUIS AUBLANC (RUE);46,6428043;4,3512498
202000044256;25;6;2020;09:00;1;67;67482;2;1;7;3;TRUBNER (RUE);48,5883940;7,7701190
202000044257;25;6;2020;08:45;1;67;67482;2;3;1;3;carrefour RUE ALICE MOSNIER/FRITZ KIEFFER;48,5947358;7,7522889
202000044262;25;6;2020;21:35;1;66;66136;2;1;1;3;JUIN (AVENUE DU MARECHAL);42,6878800;2,8984500
202000044263;25;6;2020;20:45;5;64;64445;2;2;2;3;ALSACE LORRAINE D';43,3024000; -0,3604400
202000044268;25;6;2020;14:30;1;56;56098;2;3;2;3;THOMAS ( ET  IMP. ALBERT );47,7591200; -3,3493700
202000044271;25;6;2020;10:45;1;56;56162;2;1;1;7;FLOTS BLEUS (RUE DES);47,7105700; -3,4688500
202000044283;25;6;2020;12:50;1;45;45004;2;2;1;2;D2107 PR 1+590;47,9800898;2,7330367
202000044286;25;6;2020;11:20;1;42;42187;2;1;1;5;Boulevard Edgar Quinet;46,0483455;4,0799055
202000044287;26;6;2020;17:51;1;37;37208;2;1;1;-1;BEAUGAILLARD (RUE);47,3605783;0,7211493
202000044290;15;1;2020;08:20;1;35;35238;2;3;2;3;LAFOND;48,1237300; -1,6655400
202000044328;25;6;2020;15:00;1;06;06029;2;1;1;3;CARNOT (BOULEVARD);43,5662800;6,9688800
202000044344;26;6;2020;18:30;1;75;75119;2;3;1;2;AVENUE CORENTIN CARIOU;48,8960600;2,3840840
202000044346;26;6;2020;10:30;1;75;75118;2;2;2;3;RUE ORDENER;48,8924040;2,3450000
202000044350;26;6;2020;07:00;1;75;75118;2;4;1;3;BOULEVARD ORNANO;48,8953740;2,3466270
202000044355;26;8;2020;22:20;5;75;75113;2;3;1;3;RUE DARMESTETER;48,8233930;2,3750250
202000044359;27;8;2020;16:13;1;75;75110;2;1;1;3;QUAI DE JEMMAPES;48,8714190;2,3656060
202000044360;26;6;2020;06:00;2;75;75115;2;1;1;7;BOULEVARD GENERAL MARTIAL VALIN;48,8379940;2,2716500
202000044362;25;6;2020;00:00;5;75;75112;2;4;7;6;RUE DE LYON;48,8498110;2,3706090
202000044363;26;8;2020;23:35;5;75;75109;2;2;1;3;BOULEVARD HAUSSMANN;48,8723730;2,3374310
202000044369;26;6;2020;12:20;1;75;75101;2;3;1;3;RUE DU CYGNE;48,8629130;2,3506900
202000044371;26;6;2020;09:30;1;75;75102;2;2;1;6;RUE MEHUL;48,8673070;2,3346260
202000044376;25;6;2020;09:30;1;94;94041;2;1;1;2;ERNEST RENAN (R);48,8069798;2,3998110
202000044398;27;8;2020;17:45;1;92;92072;2;1;1;6;GRANDE RUE;48,8258536;2,2175699
202000044399;26;8;2020;19:00;1;92;92049;2;3;1;3;BROSSOLETTE AVENUE PIERRE;48,8199020;2,3109200
202000044401;27;8;2020;07:15;1;92;92026;2;4;1;3;HUDRI;48,9001575;2,2656751
202000044402;27;8;2020;17:30;1;92;92024;2;2;1;5;MARTRE (RUE) DE (1 A 41);48,8988700;2,3099200
202000044409;25;6;2020;20:25;1;92;92036;2;2;1;1;GRESILLONS (QUAI DES);48,9211940;2,3250280
202000044422;28;8;2020;02:10;5;31;31418;2;1;1;6;38 Route de Balma;43,6236950;1,5266720
202000044423;23;6;2020;07:15;1;83;83019;2;1;1;3;Avenue Lou Mistraou;43,1494170;6,2981310
202000044429;24;6;2020;16:55;1;71;71565;1;1;7;6;D325;46,6223390;4,0679120
202000044431;2;6;2020;21:20;2;49;49214;1;1;1;3;Chemin de l'Epine;47,5512140; -0,6041880
202000044461;24;6;2020;13:10;1;24;24054;1;1;1;7;le tuquet;44,7562950;0,5363670
202000044466;17;8;2020;18:30;1;50;50615;2;3;1;3;Chemin de la Victoire;49,5015820; -1,4519870
202000044469;25;6;2020;17:19;1;974;97420;2;6;1;3;Avenue Mahatma Gandhi; -20,9271450;55,6318180
202000044475;24;6;2020;11:45;1;67;67210;2;1;1;7;27 rue principale;48,4037580;7,3280150
202000044480;5;8;2020;12:30;1;43;43011;1;1;7;1;Lieu-dit le Moulin;45,1229520;3,4484520
202000044487;26;6;2020;14:15;1;72;72154;2;1;1;3;Allee Maurice Ravel;47,7010980; -0,0887170
202000044488;27;8;2020;18:00;1;08;08363;2;1;1;2;28 Rue Pasteur;49,9400400;4,6367910
202000044490;22;8;2020;15:00;1;78;78356;1;6;1;2;2 Rue Pierre Nicole;48,7475870;2,0254760
202000044495;28;7;2020;10:55;1;74;74010;2;2;1;3;Chemin de PÃ©riaz (Seynod);45,8768220;6,0895910
202000044518;24;6;2020;19:45;1;69;69386;2;2;1;3;VITTON                              (CO);45,7701600;4,8595800
202000044519;28;8;2020;06:15;3;83;83029;1;1;1;3;76 Route dÃ©partementale 562;43,6064680;6,7506800
202000044533;26;8;2020;14:30;1;21;21714;1;1;1;1;14 Route de Boncourt-le-bois;47,1530150;4,9641360
202000044538;24;8;2020;15:00;1;08;08081;2;1;1;3;Rue du Vieux Moulin;49,8612020;4,7611620
202000044547;25;6;2020;16:00;1;81;81021;2;1;1;1;THORE;43,5077800;2,3590700
202000044550;25;8;2020;13:08;1;67;67046;2;3;1;1;Rue des Pharmaciens;48,7674508;7,8600098
202000044552;24;6;2020;17:30;1;80;80021;2;4;1;3;GEORGES QUARANTE (AVENUE);49,9170700;2,2573400
202000044567;25;6;2020;13:35;1;73;73065;2;2;1;3;MORANDAT YVON (RUE);45,5687100;5,9359100
202000044618;4;2;2020;13:40;1;85;85194;2;6;1;3; ROND POINT DU DOCTEUR CHARCOT;46,5051400; -1,7898500
202000044619;24;5;2020;17:33;1;33;33249;2;1;1;3;1 Rue Saint Cricq;44,8697100; -0,5313400
202000044629;26;8;2020;19:00;5;974;97416;2;3;1;3;PRESIDENT MITTERAND(AVENUE); -21,3429600;55,4815000
202000044642;24;5;2020;09:20;1;13;13005;2;7;1;3;NATIONALE 8 DE PARIS A TOULON (ROUTE);43,2839000;5,5935900
202000044645;26;8;2020;18:56;1;69;69259;2;1;1;3;ACACIAS (DES)                       (AL);45,7246700;4,8690500
202000044647;24;5;2020;18:10;1;06;06027;2;1;1;3;PLAGE BOULEVARD DE LA;43,6539510;7,1571770
202000044648;26;8;2020;18:40;1;69;69383;2;3;1;3;CREQUI (DE)                         (R );45,7578000;4,8481600
202000044652;24;5;2020;13:00;1;75;75116;2;1;7;2;RUE GEORGE SAND;48,8498260;2,2683550
202000044658;24;5;2020;09:55;1;75;75112;2;1;1;3;AVENUE DE LA PORTE DE VINCENNES;48,8468960;2,4128560
202000044660;5;2;2020;17:15;1;51;51454;2;2;1;3;Rue Docteur Lemoine;49,2683772;4,0352954
202000044661;23;5;2020;20:30;2;75;75104;2;4;1;3;BOULEVARD MORLAND;48,8482710;2,3648790
202000044666;24;5;2020;17:50;1;94;94058;2;1;1;3;ARGONNE (QU D);48,8469167;2,5107711
202000044673;5;2;2020;08:00;1;45;45147;2;1;1;3;333 Rue Marcelin Berthelot;47,9449310;1,9210000
202000044674;24;5;2020;17:45;1;93;93064;2;2;1;3;FERRY (RUE JULES);48,8765301;2,4759483
202000044683;24;4;2020;11:10;1;93;93010;2;1;1;3;GALLIENI (AV.) DE 2 A 96;48,9046809;2,4750926
202000044689;25;8;2020;14:35;1;79;79191;2;3;1;3;Rue de l'Espingole;46,3241900; -0,4677100
202000044692;23;5;2020;13:15;1;38;38035;1;1;3;7;Chemin des Combes;45,5268800;5,0620400
202000044703;5;2;2020;17:50;2;35;35238;2;9;1;3;CUCILLE (AVENUE DE);48,1280800; -1,7030200
202000044705;5;2;2020;07:25;2;35;35238;2;3;1;1;CHATILLON (DE);48,1015200; -1,6725600
202000044713;5;2;2020;11:40;1;33;33550;2;3;1;2;91 AVE GEORGES CLEMENCEAU;44,7789400; -0,5557700
202000044717;5;2;2020;09:15;1;33;33075;2;3;1;3;ALL DU BRION;44,8763100; -0,6076700
202000044718;26;8;2020;11:05;1;59;59090;2;1;1;3;GEORGES (CHEMIN SAINT);50,7022300;3,0849700
202000044725;5;2;2020;09:00;1;33;33167;2;3;1;3;Av PIERRE MENDES-FRANCE;44,8426400; -0,5099000
202000044742;25;8;2020;14:55;1;49;49007;2;1;1;6;RALLIEMENT PLACE;47,4715000; -0,5518600
202000044752;4;1;2020;07:40;5;69;69384;2;2;2;3;ARTAUD                              (R );45,7809600;4,8366200
202000044759;5;2;2020;18:15;5;13;13208;2;1;1;3;CLOT BEY (AVENUE);43,2578000;5,3834000
202000044771;4;1;2020;13:15;1;59;59599;2;3;1;1;SCHWEITZER (RUE DU DOCTEUR);50,7397903;3,1799789
202000044775;21;5;2020;10:50;1;29;29212;1;1;1;3;50 Route de Kerarrouz;48,3735420; -4,5948920
202000044777;4;1;2020;18:12;5;54;54395;2;6;1;3;DE LA TOUR (RUE GEORGES);48,6927000;6,1959200
202000044791;4;1;2020;09:10;2;45;45274;2;6;1;1;RUE DES ECOLES;47,8807000;1,9568000
202000044796;23;5;2020;18:45;1;18;18057;2;1;1;7;Route de la ChÃ¢tre;46,5608630;2,1854160
202000044800;5;2;2020;15:40;1;75;75101;2;1;1;3;PONT AU CHANGE;48,8570310;2,3469180
202000044810;4;2;2020;05:40;5;94;94041;2;2;8;1;JEAN LE GALLEU (R);48,8152700;2,3756000
202000044811;26;8;2020;07:25;1;17;17300;2;1;1;3;ROYALE  AVENUE DE LA PORTE;46,1631600; -1,1392800
202000044831;5;2;2020;17:50;1;93;93001;2;9;1;1;R DU MOUTIER ;48,9147950;2,3816220
202000044857;17;5;2020;11:30;1;91;91041;1;1;1;3;D19;48,5731150;2,2472190
202000044861;25;8;2020;19:00;1;10;10387;2;9;1;3;GEORGES POMPIDOU (RUE);48,2881000;4,0822000
202000044871;4;1;2020;19:50;3;75;75111;2;3;1;3;RUE DE CHARONNE;48,8549040;2,3861660
202000044875;18;5;2020;16:30;1;83;83071;1;1;1;2;Route du Carrubier;43,1374140;6,2696740
202000044878;4;2;2020;19:00;5;74;74010;2;4;2;3;Rue du lachat;45,9210650;6,1452200
202000044886;4;1;2020;00:20;5;75;75104;2;1;1;6;RUE PAVEE;48,8571252;2,3616649
202000044889;26;8;2020;19:37;1;75;75119;2;4;1;6;RUE PRADIER;48,8746800;2,3811340
202000044896;24;5;2020;10:15;1;13;13086;2;1;1;1;2 Rue Sainte Anne;43,3519770;5,6050780
202000044898;26;8;2020;12:45;1;75;75115;2;2;1;2;AVENUE FELIX FAURE;48,8387050;2,2821180
202000044901;26;8;2020;10:30;1;75;75115;2;1;1;6;RUE LECOURBE;48,8440920;2,3076170
202000044905;26;8;2020;17:20;1;75;75114;2;1;1;4;RUE D ALESIA;48,8271190;2,3372290
202000044908;26;8;2020;09:25;1;75;75113;2;2;1;1;PONT CHARLES DE GAULLE;48,8419180;2,3678720
202000044910;21;5;2020;13:05;1;74;74224;2;1;1;7;Avenue Lucien Rannard;46,0695690;6,3026870
202000044918;26;8;2020;00:30;5;75;75108;2;3;1;3;AVENUE DES CHAMPS ELYSEES;48,8710880;2,3034860
202000044920;5;2;2020;08:07;1;06;06105;2;6;1;3;Route Departementale 2085;43,6650160;7,0526490
202000044927;5;2;2020;15:40;1;90;90052;2;1;1;2;44 Grande Rue;47,7415450;6,8265270
202000044953;27;7;2020;18:40;1;05;05110;1;1;1;1;D4;44,8233420;6,5101880
202000044969;23;5;2020;19:10;1;91;91223;2;2;1;2;RD 191;48,4328120;2,1758010
202000044978;4;1;2020;07:55;2;86;86082;2;6;2;-1;AllÃ©e du Haut Poitou;46,3616650;0,1997450
202000044980;27;7;2020;09:30;1;33;33227;2;3;7;1;Rue Jules Ferry;44,5496800; -0,2521500
202000044995;5;2;2020;15:50;1;11;11076;2;6;1;1;D6313;43,3012119;1,9559044
202000045001;22;10;2020;16:40;1;29;29076;2;3;1;3;D38 - Rue du General de Gaulle;48,4664500; -4,5667659
202000045045;25;7;2020;11:10;1;69;69386;2;3;1;3;BELGES (DES)                        (BD);45,7767300;4,8440500
202000045061;5;1;2020;11:25;1;60;60131;2;3;1;7;Rue Notre Dame;49,6542225;2,1176535
202000045068;23;5;2020;22:10;5;45;45147;2;1;1;-1;Rue du Faubourg Bannier;47,9367857;1,8943611
202000045072;23;5;2020;20:00;1;44;44109;2;2;1;3;Rue de Strasbourg;47,2171700; -1,5522500
202000045073;23;10;2020;07:00;2;08;08457;1;1;2;2;N43;49,7941730;4,6328020
202000045083;5;1;2020;11:00;1;85;85280;1;3;1;3;Chemin de la Croix Joslain;46,8737400; -1,9138800
202000045086;25;7;2020;11:45;1;91;91201;2;3;1;1;HENRI BARBUSSE(BOULEVARD);48,6647300;2,4194800
202000045107;3;2;2020;18:30;5;91;91434;2;1;2;1;RENE CASSIN (AVENUE);48,6568200;2,3399400
202000045152;25;7;2020;18:20;1;54;54395;2;2;1;3;SAINT DIZIER (RUE 2;48,6884600;6,1842100
202000045163;25;7;2020;03:15;5;35;35238;2;1;1;2;12 rue de Brest;48,1119600; -1,6886200
202000045164;25;7;2020;03:15;5;33;33063;2;2;1;3;BD PIERRE 1ER / RUE CROIX DE SEGUEY;44,8539340; -0,5932920
202000045192;23;5;2020;18:47;1;94;94068;2;1;1;3;MESNIL (QU DU);48,8060240;2,5201930
202000045202;25;7;2020;10:00;2;13;13208;2;1;1;-1;BONNEVEINE (AVENUE);43,2545430;5,3789010
202000045220;24;7;2020;17:30;1;06;06069;2;1;1;3;SANS PEUR (RUE);43,6590000;6,9256000
202000045261;23;7;2020;14:15;1;75;75112;2;2;1;3;BOULEVARD DIDEROT;48,8464450;2,3789540
202000045275;25;7;2020;16:35;1;75;75104;2;3;1;6;RUE DE RIVOLI;48,8550650;2,3616820
202000045306;24;5;2020;17:45;1;42;42153;1;1;1;7;Chemin Patiras;45,9518694;4,1856452
202000045313;24;5;2020;16:30;1;02;02619;1;9;1;3;D14;49,5300831;3,4103107
202000045336;21;10;2020;09:00;1;35;35055;2;6;2;3;PARC (RUE DU);48,0879900; -1,6084800
202000045337;2;1;2020;19:00;4;09;09225;1;9;1;4;MIREPOIX ROUTE DE;43,1016610;1,6358060
202000045348;20;10;2020;17:30;1;35;35238;2;2;1;3;PARIS (RUE DE);48,1124700; -1,6661700
202000045349;2;1;2020;13:20;1;75;75106;2;3;1;3;RUE NOTRE DAME DES CHAMPS;48,8416210;2,3325820
202000045354;21;10;2020;15:25;1;33;33529;2;1;1;7;PROCESSION (CH. DE LA);44,6237286; -1,1281930
202000045370;25;7;2020;08:20;1;83;83036;2;9;1;3;Avenue de Saint-raphaÃ«l;43,1804510;6,5367040
202000045374;2;1;2020;15:35;1;75;75116;2;7;2;3;AVENUE FOCH;48,8737392;2,2940947