Num_Acc;jour;mois;an;hrmn;lum;dep;com;agg;int;atm;col;adr;lat;long
202000045377;3;1;2020;14:20;1;75;75115;2;1;8;6;QUAI D ISSY LES MOULINEAUX;48,8383870;2,2691970
202000045379;2;1;2020;06:55;5;75;75115;2;2;1;3;AVENUE EMILE ZOLA;48,8465570;2,2859930
202000045408;25;7;2020;11:40;1;17;17391;1;1;1;3;D108;46,1505179; -1,0564739
202000045435;3;1;2020;20:50;5;93;93048;2;1;2;2;GABRIEL PERI (AVENUE);48,8573097;2,4406223
202000045445;2;12;2020;17:25;5;50;50218;2;1;2;3;MATIGNON (AV DES);48,8379700; -1,5766900
202000045464;30;11;2020;14:00;1;50;50602;2;3;1;3;BRIAND (RUE ARISTIDE);49,6474300; -1,5912500
202000045477;25;7;2020;16:25;1;22;22207;2;2;1;3;Rue du Lity;48,6185130; -3,4623780
202000045478;21;10;2020;11:20;1;75;75117;2;1;1;1;RUE DE TILSITT;48,8752740;2,2954430
202000045492;26;7;2020;10:45;1;44;44015;1;5;1;3;st cloud;47,4621900; -1,8795420
202000045504;19;10;2020;20:30;5;75;75112;2;2;1;3;RUE DE REUILLY;48,8473470;2,3867860
202000045519;28;11;2020;18:45;5;33;33063;2;2;1;3;GAUTIER (BD ANTOINE) (20-40) PAIRS;44,8334100; -0,5985400
202000045527;3;12;2020;13:25;1;30;30189;2;1;1;3;LASSERRE JEAN (AVENUE);43,8215600;4,3581100
202000045531;23;7;2020;09:40;1;83;83007;2;6;1;3;Route de Salernes;43,6175340;6,2203970
202000045545;23;7;2020;11:45;1;36;36055;1;1;7;3;Maubert;46,9296674;1,2154053
202000045564;21;10;2020;18:35;2;92;92051;2;3;1;2;GENERAL LECLERC (BOULEVARD DU, NÂ° 1 A 27;48,8880952;2,2577092
202000045569;20;10;2020;20:30;5;92;92025;2;1;1;2;AGENT SARRE (AV DE L');48,9246610;2,2657260
202000045582;21;10;2020;14:35;1;81;81113;1;1;1;7;D31;43,8558680;2,1943470
202000045584;22;10;2020;16:00;1;974;97412;1;1;1;3;94 Rue Edmond Albius; -21,3624620;55,6063190
202000045592;3;12;2020;07:48;1;04;04112;1;6;1;3;RD 907 / Ch de la source;43,8332670;5,7690100
202000045604;26;7;2020;14:50;1;05;05063;1;1;1;3;D1091;45,0424270;6,2714680
202000045614;25;7;2020;07:40;1;67;67351;2;1;7;-1;Rue Principale Niederseebach;48,9515000;7,9981110
202000045620;26;7;2020;15:30;1;03;03066;1;1;1;6;;46,0741434;3,7785716
202000045627;25;7;2020;10:45;1;33;33297;2;1;1;3;115 Route d'Avensan;45,0463440; -0,7734280
202000045647;21;10;2020;17:15;1;70;70311;2;1;1;3;58 Avenue du Marechal Turenne;47,8122540;6,3642950
202000045648;24;7;2020;07:30;1;974;97416;2;1;1;3;PASTEUR (RUE); -21,2829000;55,4725000
202000045650;2;12;2020;20:45;4;75;75112;2;1;1;6;RUE DU FAUBOURG SAINT ANTOINE;48,8521810;2,3727010
202000045665;22;7;2020;16:09;1;91;91103;2;1;1;7;CAROUGE  (RUE DU);48,6132400;2,2993800
202000045670;23;7;2020;11:35;1;85;85194;2;2;1;3;RUE JACQUES BREL;46,5045000; -1,7276000
202000045690;3;12;2020;18:56;3;94;94046;2;1;2;3; PONT DE CHARENTON (RTE);48,8165700;2,4196500
202000045693;3;12;2020;14:28;1;94;94022;2;6;2;3;Avenue Louis Luc;48,7607511;2,4143624
202000045702;3;12;2020;18:20;5;92;92012;2;1;2;7;SAUSSIERE (RUE DE LA);48,8373030;2,2405380
202000045711;2;12;2020;15:10;1;22;22312;1;1;1;6;Le Pont de Rance;48,3261900; -2,0673660
202000045713;4;12;2020;11:00;1;56;56036;1;1;1;3;Lieu-Dit Kerihuet Nord;47,7937200; -3,3102000
202000045751;28;11;2020;12:00;1;29;29066;1;1;1;2;Ancienne Voie FerrÃ©e;48,0432452; -4,1880534
202000045774;15;9;2020;19:00;1;13;13108;2;1;1;2;MARGUARIDO (AVENUE);43,8067100;4,6640800
202000045802;2;12;2020;15:25;1;59;59378;2;2;2;3;DUCROQUET RUE DU DOC. NÂ°24-170;50,6784130;3,0907030
202000045803;1;12;2020;17:50;5;59;59028;2;6;8;3;GAULLE (RUE DU GENERAL DE);50,4132700;3,0523300
202000045807;13;11;2020;16:18;1;54;54174;2;3;1;-1;15EME GENIE (AVENUE);48,6798800;5,8716700
202000045854;21;9;2020;19:45;5;69;69389;2;1;1;2;MARIETTON                           (R );45,7750999;4,8066716
202000045856;21;9;2020;07:55;1;69;69149;2;1;1;3;GRANDE RUE                          (GR);45,7110800;4,8011800
202000045858;21;9;2020;19:30;2;91;91687;2;9;1;1;OCTAVE LONGUET (RUE);48,6683600;2,3804300
202000045859;20;9;2020;22:40;5;91;91552;2;1;1;7;CORBEIL (ROUTE DE);48,5952300;2,2660600
202000045863;19;9;2020;11:47;1;90;90010;2;1;1;1;LILLE (RUE DE);47,6472980;6,8509130
202000045865;14;9;2020;14:40;1;84;84007;2;1;1;2;SOURCES (Avenue des);43,9311000;4,8237000
202000045869;19;9;2020;18:20;1;80;80021;2;1;1;2;PARIS (RUE DE);49,8883500;2,2895600
202000045870;17;9;2020;17:28;1;79;79191;2;1;1;3;88 Avenue de la Rochelle;46,3182270; -0,4701700
202000045876;14;9;2020;21:30;5;73;73008;2;6;1;6;D913 COTES BOULEVARD DES;45,6899756;5,9190551
202000045879;17;9;2020;15:10;1;67;67482;2;1;1;2;VIEUX MARCHE AUX VINS (RUE DU);48,5841473;7,7431414
202000045883;6;8;2020;13:50;1;64;64483;2;9;1;6;LARRAMENDY PIERRE (AVENUE);43,3825600; -1,6579400
202000045885;19;9;2020;12:15;1;64;64284;2;1;1;7;MASSENET;43,2911100; -0,3866200
202000045895;21;9;2020;14:19;1;51;51454;2;2;1;3;Avenue Jean JaurÃ¨s;49,2603784;4,0475382
202000045901;21;9;2020;09:30;1;37;37261;2;1;1;3;SUEDE (RUE DE);47,4328057;0,6863047
202000045905;21;9;2020;00:45;4;33;33065;1;1;8;2;RTE DE LATRESNE (D113);44,8085200; -0,5189200
202000045918;20;9;2020;10:40;1;14;14437;2;3;1;1;ZOLA (RUE EMILE);49,1728000; -0,3215000
202000045939;21;9;2020;16:10;1;75;75117;2;3;1;3;BOULEVARD BERTHIER;48,8861130;2,2948140
202000045942;21;9;2020;13:00;1;75;75116;2;1;1;2;QUAI LOUIS BLERIOT;48,8448460;2,2722040
202000045943;21;9;2020;19:20;1;75;75112;2;2;1;7;QUAI DE BERCY;48,8386620;2,3757410
202000045944;21;9;2020;17:10;1;75;75110;2;4;1;3;RUE DU CHATEAU LANDON;48,8802370;2,3622310
202000045946;20;9;2020;18:55;1;75;75107;2;2;1;2;QUAI D ORSAY;48,8628440;2,3134400
202000045947;21;9;2020;08:10;1;75;75104;2;3;1;7;RUE SAINT ANTOINE;48,8535050;2,3665300
202000045961;21;9;2020;18:40;2;92;92076;2;1;1;3;LA CELLE SAINT CLOUD;48,8468572;2,1681234
202000045966;8;9;2020;10:50;1;92;92009;2;1;1;-1;BOIS COLOMBES ( RUE DE );48,9064620;2,2661010
202000045967;10;9;2020;17:20;1;92;92004;2;3;1;2;ARGENTEUIL AV D';48,9138374;2,2835513
202000045968;21;9;2020;14:22;1;92;92002;2;3;1;3;BONE (RUE DE);48,7474984;2,3037969
202000045979;22;9;2020;07:30;1;49;49167;1;3;8;3;17 Chemin du Tertreau;47,3935410; -0,4506220
202000045981;6;8;2020;11:00;1;44;44036;2;9;1;3;Rue Pasteur;47,7186380; -1,3739390
202000045982;21;9;2020;13:10;1;38;38334;1;1;1;7;Route d''Uriage;45,1824270;5,8802390
202000045983;22;9;2020;13:40;1;38;38269;2;2;8;3;Rue du PrÃ© des Moines;44,9009900;5,7891400
202000045989;22;9;2020;09:45;1;60;60044;2;1;1;3;Rue du 14 Juillet 1789;49,2923860;2,3391370
202000045999;20;9;2020;17:15;5;987;98745;1;1;1;5;Poutoru; -16,6308330; -151,5040280
202000046053;9;3;2020;11:15;1;68;68104;1;1;1;3;RD 52;47,9927650;7,6053180
202000046075;7;3;2020;15:30;1;69;69259;2;6;1;3;DOCTEUR COBLOD (DU)                 (BD);45,7016900;4,8912400
202000046095;7;3;2020;12:00;1;06;06069;2;1;1;3;CROISSET (AVENUE FR. DE);43,6656880;6,9351920
202000046103;8;3;2020;14:30;1;75;75111;2;2;1;-1;AVENUE LEDRU ROLLIN;48,8557060;2,3787170
202000046105;7;3;2020;13:45;1;75;75107;2;3;1;6;RUE BOSQUET;48,8561270;2,3067390
202000046106;8;3;2020;13:55;1;75;75103;2;3;2;3;RUE REAUMUR;48,8653450;2,3566330
202000046158;6;3;2020;08:30;1;67;67067;2;1;1;-1;25 Rue du GÃ©nÃ©ral Duport;48,7317063;7,7055344
202000046200;21;6;2020;11:00;1;59;59230;2;1;1;5;FORT (RUE DU);50,2463920;3,9752030
202000046201;24;6;2020;16:50;1;56;56083;2;1;1;2;VAILLANT ( AV. EDOUARD );47,8204700; -3,2522000
202000046202;24;6;2020;20:10;1;54;54482;2;1;1;-1;JACQUES CARTIER;48,7025670;6,1965043
202000046209;24;6;2020;10:58;1;49;49007;2;1;1;5;LARREY;47,4793500; -0,5556500
202000046214;6;5;2020;09:30;1;39;39198;2;3;1;6;Carrefour Avenue LÃ©on Jouhaux / Rue des Paters;47,0893360;5,4817450
202000046215;25;6;2020;07:53;1;37;37261;2;2;1;-1;GRAMMONT (AVENUE DE);47,3861626;0,6905012
202000046218;25;6;2020;17:50;1;35;35238;2;3;1;3;ROCHESTER (AVENUE DE);48,1284000; -1,6641700
202000046242;22;6;2020;01:34;5;75;75106;2;1;1;1;QUAI DE CONTI;48,8573260;2,3383290
202000046243;25;6;2020;18:36;1;75;75120;2;1;1;3;AVENUE BENOIT FRACHON;48,8521340;2,4157000
202000046247;25;6;2020;02:25;5;75;75111;2;3;1;3;BOULEVARD DE MENILMONTANT;48,8598310;2,3887610
202000046248;25;6;2020;18:40;1;75;75110;2;2;1;3;RUE DE DUNKERQUE;48,8807990;2,3512030
202000046250;23;6;2020;12:05;1;75;75108;2;1;1;3;AVENUE FRANKLIN D ROOSEVELT;48,8677820;2,3099920
202000046252;25;6;2020;17:00;1;75;75107;2;7;1;3;PLACE JOFFRE;48,8526720;2,3030800
202000046254;24;6;2020;19:30;1;75;75104;2;1;1;1;RUE DE RIVOLI;48,8558570;2,3584120
202000046255;24;6;2020;20:00;1;75;75102;2;2;1;6;BOULEVARD DE SEBASTOPOL;48,8662510;2,3524920
202000046257;25;6;2020;18:50;1;94;94015;2;1;1;3;ADRIEN MENTIENNE (QU);48,8476753;2,5123737
202000046287;26;6;2020;04:45;2;74;74309;1;1;1;-1;route de bellegarde - lieu dit germagny;46,1135570;6,0082660
202000046295;24;6;2020;11:25;1;44;44125;1;4;1;3;Avenue Louis ClÃ©ment;47,3676190; -2,5377850
202000046296;25;6;2020;15:45;5;44;44117;2;3;1;3;4 Rue de la Rochelle;47,1379940; -1,3416520
202000046299;25;6;2020;17:10;1;35;35133;1;3;1;3;TrÃ©melin;48,1024160; -2,0397660
202000046302;26;6;2020;08:05;1;26;26086;2;1;1;2;29 Rue de la Gare;44,6938570;5,4830470
202000046313;25;6;2020;08:50;1;85;85128;2;2;1;3;Boulevard de l'OcÃ©an;46,4511420; -1,1598840
202000046322;24;6;2020;07:05;1;971;97112;2;2;7;1;D203;15,8702150; -61,2813740
202000046362;24;6;2020;07:25;1;69;69149;2;1;1;-1;EMILE ZOLA                          (BD);45,7181478;4,8082500
202000046377;24;6;2020;16:56;1;78;78440;2;2;1;3;PRÃS (AVENUE DES);48,9990300;1,9134300
202000046381;24;6;2020;21:15;1;69;69256;2;1;1;3;VOLTAIRE                            (CH);45,7755100;4,9243100
202000046382;24;6;2020;20:00;1;69;69256;2;1;7;1;FERME (DE LA)                       (CH);45,7867900;4,9138000
202000046385;20;6;2020;15:20;1;64;64122;2;3;1;7;HENRI HAGET (AVENUE);43,4810262; -1,5399259
202000046390;23;6;2020;13:56;1;49;49246;2;1;1;2;CHAUVIN AVENUE;47,4300000; -0,5419500
202000046391;4;1;2020;11:50;1;06;06074;1;1;1;7;M2565;43,9587100;7,3007000
202000046392;3;1;2020;13:27;1;06;06059;1;1;1;6;111 Avenue des Diables Bleus;43,7224740;7,3340900
202000046395;4;1;2020;10:20;1;28;28378;1;1;1;3;La Brosse;48,2822750;0,8730290
202000046426;9;1;2020;19:25;5;63;63113;2;2;1;3;SABLON (COURS);45,7735405;3,0901385
202000046432;3;2;2020;08:04;2;49;49007;2;1;1;2;SAUMUROISE IMPASSE ET RUE;47,4591800; -0,5354700
202000046500;20;5;2020;16:55;1;67;67482;2;3;1;2;ARTHUR RIMBAUD (RUE);48,5889130;7,7140690
202000046501;22;5;2020;11:00;1;63;63063;1;6;1;3;giratoire Est RM2009/RM2;45,8289515;3,1144950
202000046502;26;8;2020;10:12;1;92;92026;2;1;1;2;VERDUN (DE 62 A FIN);48,9026600;2,2585600
202000046528;27;8;2020;10:57;1;22;22200;1;1;1;3;D16;48,4861210; -2,3336510
202000046535;2;1;2020;06:45;2;44;44162;2;1;1;6;Route de Vannes;47,2561700; -1,6364500
202000046537;14;5;2020;13:45;1;55;55043;2;1;1;2;REPUBLIQUE ( DE LA );49,1764000;5,3804000
202000046541;31;1;2020;16:00;1;13;13098;1;1;1;2;COLLES CHEMIN DES;43,4410130;5,0206790
202000046549;3;2;2020;20:05;5;11;11262;2;1;1;-1;AUGE (BOULEVARD DU DR LEON);43,1877620;3,0031380
202000046554;3;2;2020;07:35;5;10;10387;2;6;2;3;AUXERRE (RUE);48,2786000;4,0667000
202000046569;21;5;2020;10:55;1;33;33529;1;1;1;1;RD804 BISCAROSSE (AVE) DUNE VERS BISCA;44,5659600; -1,2302200
202000046582;4;2;2020;17:50;5;75;75118;2;1;8;3;RUE D AUBERVILLIERS;48,8982940;2,3704920
202000046594;22;5;2020;20:08;1;17;17300;2;1;1;-1;GRASSET   AVENUE EDMOND (85T-15);46,1635600; -1,1696600
202000046603;27;8;2020;20:12;1;14;14286;1;3;2;3;Route de Saint-gatien;49,3554700;0,2329940
202000046605;27;8;2020;15:00;1;07;07010;2;1;7;7;Chemin Chamieux;45,2388785;4,6939769
202000046612;22;5;2020;08:33;1;05;05061;2;9;1;3;GEORGES POMPIDOU ( BD);44,5574700;6,0815500
202000046613;26;8;2020;11:38;1;04;04176;1;1;1;1;RD 111;43,7551960;6,1405610
202000046623;20;5;2020;11:30;1;05;05061;1;9;1;3;PIGNEROL ( AVENUE DE );44,5653353;6,0927502
202000046631;1;1;2020;03:15;5;75;75120;2;3;1;3;RUE DE MENILMONTANT;48,8691163;2,3914520
202000046633;4;2;2020;18:20;5;75;75102;2;2;1;3;BOULEVARD DES ITALIENS;48,8710840;2,3348190
202000046636;4;2;2020;16:35;1;94;94042;2;1;8;2;CHAPSAL (R);48,8228226;2,4656733
202000046637;27;8;2020;02:50;5;68;68154;2;1;1;6;5 Rue de Mulhouse;47,7796760;7,3475690
202000046641;4;2;2020;11:30;1;94;94003;2;4;8;3;ARISTIDE BRIAND (AV);48,8096100;2,3259500
202000046655;2;1;2020;16:00;1;75;75107;2;1;1;7;BOULEVARD RASPAIL;48,8535870;2,3263320
202000046658;2;1;2020;12:15;1;75;75103;2;4;2;-1;RUE DE TURBIGO;48,8662960;2,3597890
202000046673;2;1;2020;16:25;1;94;94041;2;1;1;3;ERNEST RENAN (R);48,8112200;2,3981200
202000046687;22;10;2020;19:30;3;60;60116;1;6;1;2;ZAC du bois noir;49,3131630;2,3353240
202000046690;22;10;2020;16:00;1;02;02163;2;3;8;3;09 Route de Pavant;48,9740900;3,2822570
202000046694;22;5;2020;15:35;1;75;75113;2;2;1;3;RUE DUNOIS;48,8321640;2,3677300
202000046698;24;1;2020;13:25;1;61;61168;2;1;1;7;57 Avenue du PrÃ©sident Coty;48,6003220; -0,3586590
202000046705;22;5;2020;18:45;1;75;75108;2;2;2;7;RUE ROYALE;48,8683770;2,3232670
202000046711;22;5;2020;16:17;1;75;75108;2;2;1;6;QUAI DES TUILERIES;48,8640690;2,3201260
202000046742;23;7;2020;14:30;1;72;72181;2;6;1;3;TIRONNEAU ADRIEN (PL);47,9829400;0,2105500
202000046761;24;8;2020;11:20;1;69;69382;2;1;1;2;COLONEL CHAMBONNET                  (R );45,7589000;4,8304000
202000046764;25;8;2020;16:20;1;971;97101;1;1;1;3;ROUTE DE CHAZEAU;16,2891300; -61,4784900
202000046772;23;7;2020;10:40;1;67;67482;2;3;7;3;CIRIERS (RUE DES);48,5578770;7,7596830
202000046784;2;1;2020;11:15;1;56;56078;1;1;1;7;KermÃ©nÃ© VC nÂ° 12;47,7768480; -3,4680190
202000046785;20;10;2020;08:50;1;69;69383;2;1;1;6;FELIX FAURE                         (AV);45,7536800;4,8597700
202000046804;22;5;2020;18:00;1;92;92026;2;9;2;3;PAUL DOUMER;48,8957309;2,2626016
202000046824;3;1;2020;11:35;1;42;42222;2;2;8;1;Route des Lavandes;45,6100280;4,3069900
202000046836;5;2;2020;10:55;1;49;49331;2;6;1;1;28 Avenue des Acacias;47,6932650; -0,8759850
202000046850;19;10;2020;17:51;1;87;87050;2;1;1;7;BIARDS (RUE DES);45,8564200;1,2452800
202000046854;25;8;2020;17:00;1;64;64445;2;2;1;3;LESPY;43,2992800; -0,3633400
202000046875;22;7;2020;08:45;1;62;62724;1;1;1;2;RD 40;50,3980500;2,8967900
202000046881;23;8;2020;17:50;1;63;63113;2;2;1;4;GANTIERE (RUE DE LA);45,7650400;3,1230100
202000046895;20;10;2020;14:00;1;67;67482;2;1;1;3;GENERAL OFFENSTEIN (RUE DU);48,5558300;7,7520600
202000046897;24;8;2020;11:40;1;52;52448;2;6;1;-1;ROND POINT DES BAS FOURNEAUX;48,6263610;4,9633950
202000046902;23;7;2020;20:10;1;56;56098;2;1;1;6;PERI (RUE GABRIEL);47,7594100; -3,3526400
202000046904;2;1;2020;07:45;2;67;67130;2;3;8;1;Rue Saint Antoine;48,4183030;7,6601400
202000046925;29;11;2020;15:20;1;25;25056;2;2;1;3;DOLE RUE DE (sup 200);47,2294300;5,9905600
202000046929;21;5;2020;21:10;2;74;74215;2;1;1;7;1001 Route de Megeve;45,8411080;6,5833690
202000046945;23;5;2020;10:25;1;2B;2B207;2;1;1;7;Lotissement U San Petrone Folelli;42,4603320;9,5012430
202000046950;19;10;2020;18:05;1;63;63113;2;1;1;2;BIEN ASSIS (RUE DE);45,7894700;3,0958000
202000046951;20;8;2020;18:40;1;38;38053;2;6;1;3;Route de Lyon;45,5892000;5,2469900
202000046953;15;10;2020;09:38;1;63;63113;2;1;1;-1;LAGARLAYE (RUE DE);45,7736900;3,0829900
202000046963;23;5;2020;14:50;1;22;22248;1;1;7;7;Lan Connan;48,6227150; -3,1171450
202000046965;5;10;2020;22:15;5;59;59350;2;3;1;3;SOLFERINO RUE NÂ°2 - 108;50,6321100;3,0531800
202000046993;23;5;2020;14:45;1;14;14500;1;1;1;2;D48;49,2679014;0,2020267
202000047011;24;7;2020;07:53;1;37;37261;2;3;1;-1;PROUDHON (AVENUE);47,3942116;0,6672475
202000047028;25;8;2020;17:23;1;25;25056;2;6;1;5;GIBELOTTE PONT DE LA;47,2423690;6,0087280
202000047031;1;12;2020;12:05;1;75;75108;2;3;1;4;RUE DE ROME;48,8771990;2,3230610
202000047032;24;7;2020;17:55;1;35;35238;2;1;1;3;ROPARTZ (GUY);48,1301960; -1,6561270
202000047048;2;12;2020;13:30;1;75;75120;2;3;1;3;BOULEVARD DAVOUT;48,8512810;2,4110190
202000047057;2;12;2020;11:20;1;75;75118;2;1;1;3;BOULEVARD DE LA CHAPELLE;48,8841850;2,3541480
202000047069;25;8;2020;15:15;1;17;17300;2;1;1;7;ORBIGNY   RUE ALCIDE D';46,1636800; -1,1468700
202000047079;20;10;2020;20:50;2;38;38185;2;6;1;3;Rond point Pierre et Marie Curie;45,1607200;5,7202900
202000047090;2;12;2020;10:00;1;75;75116;2;2;8;2;AVENUE THEOPHILE GAUTIER;48,8482230;2,2699090
202000047101;8;6;2020;16:20;1;05;05061;2;1;1;6;CONTRE ALLEE LATY;44,5539300;6,0733300
202000047115;2;12;2020;16:20;1;75;75113;2;4;8;1;QUAI D IVRY;48,8257070;2,3869720
202000047118;20;10;2020;12:30;1;35;35238;2;9;1;3;DE LATTRE DE TASSIGNY (BD MARECHAL);48,1113400; -1,6867600
202000047124;2;12;2020;18:35;2;75;75107;2;2;1;3;BOULEVARD SAINT GERMAIN;48,8599430;2,3217690
202000047128;21;5;2020;10:30;1;29;29060;2;1;1;3;Route du Vray-secours;47,9267130; -4,0956100
202000047132;25;8;2020;18:00;1;75;75107;2;7;1;3;PLACE DES INVALIDES;48,8584370;2,3125310
202000047159;25;8;2020;14:35;1;75;75118;2;1;1;-1;BOULEVARD NEY;48,8979140;2,3389860
202000047179;21;7;2020;08:30;1;27;27229;2;3;1;3;BUFFARDIERE (BOULEVARD DE LA);49,0227000;1,1407000
202000047181;24;7;2020;15:25;1;17;17300;2;1;1;1;MOULIN   PONT JEAN;46,1539000; -1,1393000
202000047184;24;7;2020;07:40;1;17;17300;2;3;7;3;Avenue Denfert Rochereau;46,1651880; -1,1927400
202000047193;1;2;2020;22:10;5;85;85194;2;1;2;2;Avenue de Talmont;46,4833800; -1,7241500
202000047202;25;8;2020;15:45;1;75;75112;2;2;1;3;RUE TAINE;48,8373080;2,3912080
202000047204;25;8;2020;16:20;1;75;75110;2;2;1;6;BOULEVARD DE STRASBOURG;48,8723080;2,3559010
202000047219;2;2;2020;06:10;5;76;76540;2;2;1;3;GAMBETTA. BOULEVARD LEON;49,4378400;1,1052500
202000047229;2;12;2020;07:45;5;41;41194;2;1;2;3;Faubourg d'OrlÃ©ans;47,3614140;1,7428340
202000047243;31;1;2020;18:40;5;67;67482;2;1;1;3;GENERAL DE GAULLE (AVENUE DU);48,5773410;7,7693600
202000047246;23;7;2020;07:30;1;13;13211;2;2;1;3;MILLIERE (BOULEVARD DE LA );43,2835000;5,4994000
202000047248;20;10;2020;08:49;1;13;13206;2;2;1;2;LIEUTAUD (COURS);43,2891060;5,3841140
202000047259;1;1;2020;16:30;1;42;42332;1;1;7;3;Chemin du Halage;46,0159200;4,0535680
202000047299;20;10;2020;11:25;1;75;75120;2;1;2;6;BOULEVARD DE BELLEVILLE;48,8672280;2,3831110
202000047306;20;10;2020;09:00;1;75;75119;2;1;2;3;BOULEVARD DE LA VILLETTE;48,8797920;2,3704420
202000047330;20;10;2020;16:40;1;75;75114;2;1;2;3;AVENUE DENFERT ROCHEREAU;48,8378840;2,3357990
202000047335;19;10;2020;17:00;1;75;75112;2;1;1;6;RUE DE BERCY;48,8377470;2,3825730
202000047342;23;8;2020;19:35;1;41;41161;1;4;1;3;D44;47,5443950;2,0740340
202000047343;20;10;2020;11:30;1;75;75108;2;1;8;7;BOULEVARD MALESHERBES;48,8786540;2,3152410
202000047345;20;5;2020;19:59;1;64;64024;2;1;7;2;BAB (BOULEVARD DU);43,4976000; -1,5044900
202000047350;24;7;2020;12:04;1;03;03185;2;2;1;3;Quai Favieres;46,3428971;2,6005875
202000047371;24;7;2020;19:40;1;75;75120;2;7;1;3;ECHANGEUR VINCENNES;48,8469180;2,4150830
202000047374;26;8;2020;13:20;1;15;15092;1;1;1;7;D922;45,4170250;2,5026510
202000047380;24;7;2020;10:00;1;75;75119;2;3;1;3;AVENUE JEAN JAURES;48,8887670;2,3930680
202000047383;24;7;2020;16:39;1;75;75118;2;1;1;6;RUE DOUDEAUVILLE;48,8883850;2,3526410
202000047387;24;7;2020;11:20;1;75;75117;2;1;1;3;AVENUE DE LA GRANDE ARMEE;48,8750890;2,2908990
202000047390;3;12;2020;14:40;1;973;97309;2;2;1;3;Route de RÃ©mire;4,9076980; -52,2728040
202000047393;18;10;2020;21:22;5;93;93066;2;1;1;2;LENINE (AVENUE) NR 28 A 62 ET 13 A 41;48,9416700;2,3657900
202000047397;24;7;2020;22:10;5;75;75112;2;3;1;3;RUE DE LYON;48,8514360;2,3699140
202000047398;20;10;2020;07:55;1;93;93046;2;1;2;3;R AMEDEE DUNOIS;48,9235500;2,5417481
202000047399;24;7;2020;15:05;1;75;75112;2;7;1;3;AVENUE DU TREMBLAY;48,8272550;2,4643800
202000047401;23;7;2020;14:30;1;75;75112;2;1;1;3;ROUTE DE LA FERME;48,8221830;2,4545110
202000047410;3;12;2020;14:30;1;01;01027;1;3;1;3;D84 PR : 002+450 CROISSANT/ rue du stade;45,8331950;5,1150370
202000047412;24;7;2020;14:30;1;75;75104;2;3;8;7;RUE DE RIVOLI;48,8552380;2,3611240
202000047422;26;8;2020;15:50;1;53;53161;2;3;1;-1;Rue de la LibÃ©ration;48,1404360; -0,5556840
202000047425;17;10;2020;15:30;1;47;47015;2;3;1;1;RN 21;44,0653620;0,6497170
202000047441;3;12;2020;08:30;1;45;45315;2;2;8;3;D948 PR 34 + 670;47,7604130;2,3740450
202000047453;20;10;2020;15:45;1;67;67106;2;1;1;-1;40 Rue du Rhin;48,7573830;7,9580610
202000047475;21;5;2020;13:00;1;75;75119;2;4;1;3;RUE MANIN;48,8814030;2,3807010
202000047478;21;5;2020;00:15;5;75;75111;2;1;1;6;BOULEVARD DE BELLEVILLE;48,8676900;2,3821520
202000047489;24;7;2020;23:45;5;92;92051;2;2;1;3;ACHILLE PERETTI (AVENUE, NÂ° 90 A 96 ET 9;48,8836263;2,2725462
202000047501;23;7;2020;19:10;1;92;92025;2;5;1;3;CHARLES DE GAULLE (BD);48,9180447;2,2243345
202000047511;21;5;2020;17:30;1;92;92072;2;1;1;7;LECLERC (AVENUE DE LA DIVISION);48,8231600;2,2233900
202000047513;20;10;2020;14:00;1;47;47325;1;2;1;3;D120;44,3837780;0,2982620
202000047531;17;10;2020;12:45;1;06;06079;2;1;1;3;Avenue Marcel Pagnol;43,5461690;6,9430430
202000047532;20;10;2020;17:00;1;14;14614;2;1;1;3;D66;49,2082663; -1,0259610
202000047542;24;7;2020;17:55;1;59;59653;2;3;1;3;24 Rue Faidherbe;50,5743320;2,9417720
202000047547;23;9;2020;17:35;1;971;97117;2;3;1;3;Rue Joffre;16,3311360; -61,3439120
202000047569;20;10;2020;14:55;1;74;74003;1;1;1;3;D16;45,8991350;6,2136780
202000047585;21;5;2020;17:13;1;51;51532;1;1;7;7;D22;49,1560477;3,9617118
202000047590;19;5;2020;18:50;1;56;56190;2;3;7;3;Rue Jean-pierre Calloc'h;47,9717536; -2,7402900
202000047602;25;7;2020;02:30;5;31;31182;1;1;1;1;1 Route de Lacourtensourt;43,6714544;1,4004210
202000047617;25;7;2020;10:30;1;70;70115;1;1;1;7;D26;47,6040510;6,3134690
202000047626;30;11;2020;12:13;1;72;72181;2;1;1;6;MAILLETS (RUE DES) IMP 1 A 29;48,0123100;0,2056100
202000047631;30;11;2020;18:55;5;67;67482;2;1;1;3;4 Route dâAltenheim;48,5437845;7,7652556
202000047656;30;11;2020;14:25;1;59;59360;2;1;1;3;FOCH RUE DU MARECHAL;50,6154300;3,0193400
202000047688;30;11;2020;17:38;1;49;49007;2;1;1;3;DAVIERS BOULEVARD;47,4793100; -0,5603400
202000047714;1;12;2020;11:11;1;45;45285;2;3;1;3;Rue LÃ©on Foucault-rue Charles Coulomb;47,9126900;1,8640000
202000047721;1;12;2020;21:00;5;33;33063;2;1;9;6;QUAI DES CHARTRONS;44,8499300; -0,5697700
202000047722;1;12;2020;13:30;1;33;33522;2;4;2;3;RUE FREDERIC SEVENE;44,8042300; -0,5812700
202000047730;30;11;2020;16:30;1;19;19031;1;3;7;1;SALOMON-A-CHANOUX (CHEMIN DE);45,1733800;1,4917700